name,common,ra_deg,dec_deg,major_arcmin,type,minor_arcmin,pos_angle,messier
IC0001,,2.112708,27.717667,,**,,,
IC0002,,2.753667,-12.822861,0.98,G,0.32,142,
IC0003,,3.025375,-0.415222,0.93,G,0.67,53,
IC0004,,3.362250,17.486444,1.17,G,0.84,12,
IC0005,,4.395542,-9.543361,0.99,G,0.66,9,
IC0006,,4.729333,-3.276083,1.23,G,1.08,146,
IC0007,,4.721500,10.594694,0.90,G,0.63,174,
IC0008,,4.761333,-3.222083,0.82,G,0.34,129,
IC0009,,4.933250,-14.121889,0.59,G,0.46,122,
IC0010,,5.072250,59.303778,6.76,G,6.03,129,
IC0012,,5.062708,-2.653111,0.96,G,0.32,20,
IC0013,,5.083708,7.700500,1.29,G,0.53,162,
IC0014,,5.630375,10.490250,,**,,,
IC0015,,6.989958,-0.061278,0.44,G,0.38,91,
IC0016,,7.031875,-13.093917,0.58,G,0.32,62,
IC0017,,7.124083,2.648611,0.67,G,0.54,102,
IC0018,,7.145667,-11.586694,1.08,G,0.41,29,
IC0019,,7.164500,-11.640778,0.79,G,0.67,30,
IC0020,,7.165333,-13.010306,0.91,G,0.77,18,
IC0021,,7.293458,-0.163778,0.49,G,0.45,6,
IC0022,,7.388208,-9.080750,0.81,G,0.44,45,
IC0023,,7.711667,-12.720250,0.85,G,0.77,20,
IC0024,,7.819292,30.839306,,**,,,
IC0025,,7.800375,-0.407361,0.86,G,0.44,34,
IC0027,,8.276000,-13.371500,0.58,G,0.34,148,
IC0028,,8.286333,-13.456278,0.30,G,0.22,85,
IC0029,,8.545000,-2.177639,0.66,G,0.49,160,
IC0030,,8.561333,-2.084583,0.69,G,0.39,23,
IC0031,,8.602625,12.268167,1.16,G,0.23,90,
IC0032,,8.757042,-2.141694,0.62,G,0.39,1,
IC0033,,8.771500,-2.137694,0.78,G,0.58,123,
IC0034,,8.901750,9.124250,2.81,G,1.05,156,
IC0035,,9.416167,10.357972,0.90,G,0.74,18,
IC0036,,9.456875,-15.441278,0.31,G,0.30,60,
IC0037,,9.642417,-15.358694,0.67,G,0.38,158,
IC0038,,9.661500,-15.419833,0.77,G,0.57,65,
IC0040,,9.839167,2.456222,1.05,G,0.43,14,
IC0041,,9.918208,-14.174333,0.71,G,0.45,162,
IC0042,,10.274333,-15.428083,0.76,G,0.53,56,
IC0043,,10.591917,29.641639,1.26,G,1.15,87,
IC0045,,10.651417,29.655250,,Other,,,
IC0046,,10.741542,27.253472,0.80,G,0.61,82,
IC0047,,10.729208,-13.740722,0.41,G,0.24,100,
IC0048,,10.893625,-8.186500,1.12,G,0.92,172,
IC0049,,10.983875,1.850278,1.28,G,1.04,77,
IC0050,,11.523792,-9.503000,1.02,G,0.87,169,
IC0051,,11.600917,-13.442361,1.70,G,1.11,55,
IC0052,,12.099083,4.091861,0.95,G,0.41,96,
IC0053,,12.669875,10.600278,0.87,G,0.62,94,
IC0054,,12.695208,-2.287778,,**,,,
IC0055,,12.926625,7.718528,0.55,G,0.28,175,
IC0056,,12.874750,-12.844306,0.82,G,0.74,116,
IC0057,,13.702083,11.841194,1.03,G,0.96,10,
IC0058,,13.760167,-13.678083,0.84,G,0.50,105,
IC0059,,14.369208,61.143667,10.00,RfN,5.00,,
IC0060,,14.017625,-13.357917,1.04,G,0.76,48,
IC0061,,14.280000,7.507083,1.34,G,1.29,175,
IC0062,,14.683083,11.808000,0.76,G,0.46,25,
IC0063,,14.870167,60.911694,10.00,HII,3.00,,
IC0064,,14.851750,27.059056,1.03,G,0.65,148,
IC0065,,15.230917,47.681972,2.56,G,0.73,154,
IC0066,,15.135417,30.797222,1.23,G,0.42,124,
IC0069,,15.348583,31.040833,0.76,G,0.41,71,
IC0070,,15.266458,0.050750,0.42,G,0.24,147,
IC0071,,15.330250,-6.767167,,*,,,
IC0072,,15.394625,-6.777944,,*,,,
IC0073,,16.220625,4.767139,0.62,G,0.48,149,
IC0074,,16.483125,4.090250,0.57,G,0.46,5,
IC0075,,16.798375,10.836889,0.66,G,0.51,31,
IC0076,,17.048792,-4.554500,0.81,G,0.36,116,
IC0077,,17.182292,-15.420917,0.52,G,0.44,90,
IC0078,,17.198750,-15.845083,1.75,G,0.75,126,
IC0079,,17.207125,-15.948583,1.24,G,0.91,158,
IC0080,,17.212083,-15.407500,1.20,GPair,,,
IC0080 NED01,,17.211250,-15.408944,1.50,G,1.03,83,
IC0080 NED02,,17.213042,-15.406306,1.50,G,1.06,50,
IC0081,,17.342750,-1.695861,1.17,G,0.91,145,
IC0082,,17.274125,-16.000306,0.91,G,0.83,93,
IC0083,,17.624083,1.689361,0.68,G,0.45,114,
IC0084,,17.856667,1.640194,0.67,G,0.43,12,
IC0085,,17.956458,-0.452472,,*,,,
IC0086,,18.368833,-16.241667,0.72,G,0.34,142,
IC0087,,18.565792,0.765333,0.69,G,0.63,66,
IC0088,,18.630417,0.791750,0.53,G,0.44,129,
IC0090,,19.126458,-7.977139,1.25,G,1.12,146,
IC0091,,19.664292,2.553667,0.71,G,0.26,64,
IC0093,,19.759750,-17.060389,1.21,G,0.56,171,
IC0094,,20.022875,32.717333,,*,,,
IC0095,,19.824500,-12.574139,0.61,G,0.50,54,
IC0096,,20.138417,29.617250,0.78,G,0.30,44,
IC0098,,20.228667,-12.604722,0.68,G,0.61,55,
IC0099,,20.614000,-12.952556,0.58,G,0.52,54,
IC0100,,20.724833,-4.643028,1.04,G,0.77,88,
IC0101,,21.035625,9.930528,1.24,G,0.59,124,
IC0102,,21.109708,9.886556,0.75,G,0.37,111,
IC0103,,21.151833,2.044250,0.95,G,0.67,128,
IC0104,,21.140000,-1.456722,,**,,,
IC0105,,21.192708,2.075278,0.58,G,0.29,47,
IC0107,,21.352750,14.864611,1.62,G,1.31,6,
IC0108,,21.162333,-12.635583,1.30,G,0.36,4,
IC0109,,21.304542,2.066222,0.76,G,0.57,70,
IC0110,,21.444167,33.514694,,Other,,,
IC0111,,21.500542,33.497111,,Other,,,
IC0112,,21.512583,11.442972,0.72,G,0.37,127,
IC0113,,21.606250,19.191972,0.35,G,0.26,160,
IC0114,,21.594083,9.909944,1.40,G,0.56,154,
IC0115,,21.726833,19.214694,0.76,G,0.76,80,
IC0116,,21.710708,-4.982278,0.87,G,0.56,125,
IC0118,,21.900167,-4.997472,0.72,G,0.55,31,
IC0119,,21.979250,-2.040472,1.19,G,0.58,77,
IC0120,,22.054000,-1.915528,0.92,G,0.33,138,
IC0121,,22.090750,2.513028,1.00,G,0.62,108,
IC0122,,22.055000,-14.838889,0.65,G,0.32,14,
IC0123,,22.214417,2.446444,0.67,G,0.47,44,
IC0124,,22.287833,-1.937028,,*,,,
IC0125,,22.326458,-13.279833,0.61,G,0.59,53,
IC0126,,22.449417,-1.983750,0.89,G,0.81,30,
IC0127,,22.448375,-6.980056,1.69,G,0.45,110,
IC0128,,22.849458,-12.624389,0.82,G,0.61,165,
IC0129,,22.880250,-12.654389,1.23,G,0.60,63,
IC0130,,22.869750,-15.591611,0.75,G,0.64,27,
IC0131,,23.310750,30.753250,0.30,HII,,,
IC0132,,23.316333,30.945611,0.67,HII,0.55,,
IC0133,,23.313250,30.888389,0.45,HII,0.45,,
IC0134,,23.354167,30.900667,,*,,,
IC0135,,23.564708,30.620083,0.40,HII,,,
IC0136,,23.566833,30.562056,,*Ass,,,
IC0137,,23.412125,30.522500,,*Ass,,,
IC0138,,23.258250,-0.689833,1.12,G,0.74,23,
IC0139,,23.496833,30.567444,,*Ass,,,
IC0140,,23.492375,30.550139,,*Ass,,,
IC0141,,23.215458,-14.814611,1.23,G,0.91,5,
IC0142,,23.481375,30.757806,0.50,HII,,,
IC0143,,23.545542,30.776417,0.30,HII,,,
IC0144,,24.420208,-13.314667,0.74,G,0.67,46,
IC0145,,24.660333,0.741500,0.69,G,0.50,6,
IC0147,,24.998958,-14.862639,0.76,G,0.42,58,
IC0148,,25.612375,13.977028,1.82,G,0.57,45,
IC0149,,25.605750,-16.300417,1.27,G,0.41,82,
IC0150,,25.739667,4.200167,0.88,G,0.50,137,
IC0151,,25.989458,13.202611,,Other,,,
IC0152,,26.030792,13.035861,,Other,,,
IC0153,,26.150875,12.628944,,Other,,,
IC0154,,26.317792,10.649194,1.19,G,0.23,66,
IC0155,,26.884708,60.610833,,Other,,,
IC0156,,26.371708,10.552722,1.51,G,1.33,105,
IC0157,,26.426667,12.873333,,Other,,,
IC0158,,26.473000,-6.935694,0.70,G,0.53,140,
IC0159,,26.604375,-8.636611,1.35,G,0.75,28,
IC0160,,26.623167,-13.247722,1.28,G,0.86,85,
IC0161,,27.182250,10.507889,0.90,G,0.54,67,
IC0162,,27.222625,10.521611,1.32,G,1.28,85,
IC0163,,27.312458,20.711306,1.62,G,0.73,90,
IC0164,,27.285042,-3.904389,1.58,G,1.35,167,
IC0166,,28.099250,61.852611,7.50,OCl,,,
IC0167,,27.785667,21.912806,1.60,G,0.94,107,
IC0168,,27.615125,-8.522944,1.12,G,0.39,104,
IC0169,,27.664000,-12.679611,0.74,G,0.51,76,
IC0170,,27.989667,-8.517611,0.78,G,0.60,92,
IC0171,,28.792542,35.281889,2.26,G,1.90,107,
IC0172,,28.725958,0.811222,0.48,G,0.37,95,
IC0173,,28.988125,1.285167,0.92,G,0.72,90,
IC0174,,29.067000,3.761861,1.49,G,0.99,97,
IC0175,,29.078583,1.332417,0.52,G,0.46,9,
IC0176,,29.222500,-2.018972,1.78,G,0.38,94,
IC0177,,29.252417,-0.089861,0.51,G,0.47,11,
IC0178,,29.728625,36.674694,0.94,G,0.79,159,
IC0179,,30.047917,38.021333,1.12,G,0.90,111,
IC0180,,30.001708,23.604333,0.83,G,0.34,150,
IC0181,,30.009708,23.658639,0.57,G,0.49,55,
IC0182,,29.965875,7.411833,1.06,G,0.70,36,
IC0183,,29.891875,-5.347139,1.19,G,0.37,98,
IC0184,,29.963458,-6.840389,1.12,G,0.59,178,
IC0185,,30.025167,-1.528333,0.79,G,0.33,82,
IC0186,,30.102083,-1.551722,1.10,GTrpl,,,
IC0186A,,30.100000,-1.552861,1.21,G,0.76,33,
IC0186B,,30.106042,-1.549806,0.69,G,0.47,0,
IC0186 NED03,,30.105833,-1.550833,0.25,G,0.20,101,
IC0187,,30.378167,26.480972,2.23,G,0.73,70,
IC0188,,30.443750,26.546889,0.54,G,0.28,46,
IC0189,,30.470458,23.551500,0.78,G,0.67,86,
IC0190,,30.530333,23.549833,0.25,G,0.20,95,
IC0192,,30.634958,16.014167,0.95,G,0.67,148,
IC0193,,30.629083,11.093083,1.36,G,0.97,154,
IC0194,,30.771750,2.614250,1.85,G,0.33,14,
IC0195,,30.935875,14.709278,1.46,G,0.72,135,
IC0196,,30.957500,14.739139,2.47,G,0.67,9,
IC0197,,31.020542,2.786833,1.01,G,0.53,54,
IC0198,,31.513000,9.295556,1.01,G,0.56,51,
IC0199,,31.580833,9.227417,1.28,G,0.56,24,
IC0200,,31.361000,31.175333,1.38,G,1.06,92,
IC0201,,31.813708,9.115056,0.54,G,0.50,60,
IC0202,,31.869417,9.168306,1.35,G,0.36,131,
IC0203,,31.873542,9.122639,0.60,G,0.51,10,
IC0204,,31.862833,-1.430194,0.55,G,0.36,155,
IC0205,,31.864292,-2.091278,0.92,G,0.82,40,
IC0206,,32.377833,-6.968389,1.22,G,0.39,130,
IC0207,,32.413958,-6.922194,1.81,G,0.45,98,
IC0208,,32.115583,6.394917,1.32,G,1.13,168,
IC0209,,32.244625,-7.058917,1.51,G,1.03,82,
IC0210,,32.367833,-9.680333,2.35,G,0.65,66,
IC0211,,32.783333,3.852500,1.66,G,0.76,56,
IC0212,,33.409417,16.593944,0.79,G,0.54,84,
IC0213,,33.517833,16.455889,1.43,G,1.01,148,
IC0214,,33.523292,5.173250,0.58,G,0.45,65,
IC0215,,33.539417,-6.806333,0.84,G,0.19,78,
IC0216,,33.981333,-2.015111,0.50,G,0.32,25,
IC0217,,34.043500,-11.926722,2.00,G,0.45,35,
IC0218,,34.280208,1.282333,0.91,G,0.30,75,
IC0219,,34.661792,-6.903333,1.56,G,1.19,177,
IC0220,,34.798875,-12.781639,0.67,G,0.32,34,
IC0221,,35.670417,28.256972,1.54,G,1.19,16,
IC0222,,35.699375,11.638333,0.84,G,0.65,42,
IC0223,,35.504583,-20.745917,1.15,G,0.59,143,
IC0224,,36.188083,-12.564472,0.86,G,0.59,130,
IC0225,,36.617875,1.160528,1.01,G,0.90,158,
IC0226,,36.941375,28.208833,0.81,G,0.72,55,
IC0227,,37.015042,28.175333,2.01,G,1.77,80,
IC0229,,36.842042,-23.813000,,Other,,,
IC0230,,37.197042,-10.831361,0.64,G,0.42,87,
IC0231,,37.484958,1.179083,0.74,G,0.33,162,
IC0232,,37.798417,1.265639,1.10,G,0.67,154,
IC0233,,37.919583,2.809917,0.33,G,0.26,100,
IC0234,,37.907167,-0.140250,0.69,G,0.35,158,
IC0235,,38.211625,20.641250,0.39,G,0.30,35,
IC0236,,38.232542,-0.131250,0.74,G,0.37,23,
IC0237,,38.381542,1.139889,0.54,G,0.51,11,
IC0238,,38.844500,12.837722,1.38,G,0.79,35,
IC0239,,39.116167,38.969917,4.25,G,4.01,75,
IC0240,,39.744042,41.719417,,Other,,,
IC0241,,39.477083,2.328028,0.90,G,0.59,152,
IC0242,,39.599708,-6.933944,,**,,,
IC0243,,39.634000,-6.902139,1.22,G,0.70,20,
IC0244,,39.853042,2.728806,0.70,G,0.47,176,
IC0245,,39.727667,-14.305556,1.11,G,0.29,25,
IC0246,,40.119167,2.478639,0.69,G,0.61,48,
IC0247,,40.036583,-11.733778,0.88,G,0.64,45,
IC0248,,40.357625,17.812222,0.99,G,0.74,147,
IC0250,,40.226125,-13.313556,0.91,G,0.73,178,
IC0251,,40.307708,-14.957833,0.84,G,0.74,96,
IC0252,,40.438042,-14.848250,1.01,G,0.62,26,
IC0253,,40.523958,-15.046833,0.95,G,0.74,162,
IC0254,,40.520750,-15.106639,0.26,G,0.25,55,
IC0255,,41.763375,16.288028,0.59,G,0.40,45,
IC0256,,42.417917,46.954667,0.46,G,0.29,30,
IC0257,,42.439333,46.976194,1.93,G,1.19,154,
IC0258,,42.442083,41.051667,1.48,G,1.23,170,
IC0259,,42.420333,41.055111,0.69,G,0.53,130,
IC0260,,42.753667,46.954778,1.53,G,0.75,170,
IC0262,,42.930292,42.828278,2.10,G,1.74,36,
IC0263,,42.416500,-0.069861,0.65,G,0.44,168,
IC0264,,42.198417,-0.109194,0.50,G,0.37,28,
IC0265,,43.683250,41.655333,0.71,G,0.63,60,
IC0266,,43.770125,42.262333,0.74,G,0.31,136,
IC0267,,43.459375,12.849222,1.86,G,0.69,170,
IC0268,,43.862292,-14.103000,0.97,G,0.55,68,
IC0269,,43.860375,-14.066806,1.19,G,0.35,126,
IC0270,,43.934125,-14.207889,1.80,G,1.43,51,
IC0271,,43.997708,-12.007861,1.06,G,0.61,131,
IC0272,,44.026833,-14.186639,0.96,G,0.67,30,
IC0273,,44.294917,2.775056,1.49,G,0.46,32,
IC0274,,45.021792,44.213167,,Other,,,
IC0275,,45.238750,44.348333,1.00,GTrpl,,,
IC0275 NED01,,45.232792,44.346306,0.32,G,0.23,16,
IC0275 NED02,,45.232917,44.350361,1.38,G,1.20,25,
IC0275 NED03,,45.244458,44.350167,0.30,G,0.30,0,
IC0276,,44.671083,-15.703111,1.67,G,0.61,62,
IC0277,,44.960833,2.771361,1.00,G,0.89,44,
IC0278,,45.376833,37.766000,2.17,G,2.17,125,
IC0279,,45.300875,16.209222,0.54,G,0.45,166,
IC0280,,45.765042,42.359306,,Other,,,
IC0283,,45.960250,-0.204444,0.71,G,0.54,5,
IC0284,,46.541292,42.371917,4.29,G,2.15,14,
IC0285,,46.025917,-12.015444,1.45,G,0.36,117,
IC0286,,46.196750,-6.484528,,Other,,,
IC0287,,46.240917,-12.070444,0.81,G,0.59,9,
IC0288,,46.887125,42.387556,1.01,G,0.28,41,
IC0289,,47.580250,61.316778,0.58,PN,,,
IC0290,,47.428083,40.974222,1.24,G,0.32,129,
IC0291,,46.860208,-12.587444,1.19,G,0.52,91,
IC0292,,47.553833,40.765667,1.19,G,0.65,73,
IC0293,,47.734000,41.137111,1.05,G,0.76,108,
IC0294,,47.762958,40.622111,1.49,G,1.17,106,
IC0295,,47.753083,40.615250,,Other,,,
IC0296,,47.769875,40.626861,,Other,,,
IC0297,,48.326583,42.148778,,**,,,
IC0298,,47.828750,1.314722,0.80,GPair,,,
IC0298A,,47.827083,1.315028,0.54,G,0.34,35,
IC0298B,,47.831375,1.313389,0.43,G,0.33,5,
IC0299,,47.760625,-13.109583,0.87,G,0.68,30,
IC0300,,48.566750,42.415333,0.65,G,0.60,115,
IC0301,,48.698792,42.222639,1.26,G,1.11,177,
IC0302,,48.213625,4.707028,1.84,G,1.20,22,
IC0303,,48.170292,-11.689944,0.59,G,0.46,47,
IC0304,,48.755708,37.881833,1.06,G,0.65,29,
IC0305,,48.765833,37.860000,0.79,G,0.64,74,
IC0306,,48.250875,-11.715694,0.71,G,0.58,79,
IC0307,,48.438375,-0.241444,1.60,G,0.60,67,
IC0308,,49.065958,41.180750,1.16,G,0.93,4,
IC0309,,49.026208,40.804556,1.02,G,0.95,30,
IC0310,,49.179083,41.324972,1.50,G,1.42,25,
IC0311,,49.194708,40.003611,1.00,G,1.00,100,
IC0312,,49.535875,41.754111,1.19,G,0.57,125,
IC0313,,50.241250,41.893833,1.26,G,0.87,42,
IC0315,,49.788917,4.038556,0.68,G,0.33,45,
IC0316,,50.332917,41.930556,0.80,GPair,,,
IC0316 NED01,,50.333125,41.928944,0.45,G,0.17,116,
IC0316 NED02,,50.332917,41.931917,1.06,G,0.79,64,
IC0317,,49.731292,-12.740194,0.88,G,0.71,58,
IC0318,,50.182625,-14.568222,1.08,G,0.45,134,
IC0319,,50.871042,41.416361,,*,,,
IC0320,,51.496583,40.789028,1.12,G,0.91,99,
IC0321,,51.123292,-14.985472,1.03,G,0.95,25,
IC0322,,51.501958,3.680556,0.76,G,0.38,6,
IC0323,,52.389792,41.855083,,Other,,,
IC0325,,52.703583,-7.046722,0.83,G,0.74,80,
IC0326,,52.652542,-14.425556,1.13,G,0.84,101,
IC0327,,52.791583,-14.692139,0.80,G,0.47,70,
IC0328,,52.795625,-14.637861,0.67,G,0.48,16,
IC0329,,53.005708,0.279444,1.00,G,0.48,63,
IC0330,,53.033458,0.353389,1.02,G,0.32,73,
IC0331,,53.079500,0.282556,0.91,G,0.91,105,
IC0332,,53.155917,1.382556,0.97,G,0.50,44,
IC0333,,53.514083,-4.584889,,Other,,,
IC0334,,56.321167,76.638306,2.34,G,1.85,58,
IC0335,,53.879333,-34.447056,2.62,G,0.80,83,
IC0336,,54.487667,23.363139,,Neb,,,
IC0337,,54.267917,-6.721194,,Other,,,
IC0338,,54.408750,3.118778,0.84,G,0.68,176,
IC0339,,54.509292,-18.397778,,*,,,
IC0340,,54.871292,-13.115111,1.61,G,0.58,90,
IC0341,,55.232042,21.960194,134.90,Neb,,,
IC0342,,56.702083,68.096361,19.77,G,18.79,0,
IC0343,,55.029750,-18.443472,1.51,G,0.66,113,
IC0344,,55.373042,-4.665861,0.89,G,0.47,42,
IC0345,,55.288042,-18.314139,0.88,G,0.73,37,
IC0346,,55.436083,-18.266972,1.95,G,1.47,69,
IC0347,,55.636042,-4.298639,1.37,G,1.02,138,
IC0348,omi Per Cloud,56.142458,32.162833,10.00,Cl+N,10.00,,
IC0349,Barnard's Merope Nebula,56.583792,23.939806,25.70,RfN,,,
IC0350,,56.152708,-11.800750,1.09,G,0.79,165,
IC0351,,56.887542,35.046917,0.12,PN,,,
IC0352,,56.905958,-8.731833,0.70,G,0.48,119,
IC0353,,58.254458,25.848000,181.97,Neb,30.20,,
IC0354,,58.491292,23.147000,128.82,Neb,,,
IC0355,,58.442750,19.973917,0.67,G,0.56,161,
IC0356,,61.945458,69.812444,4.02,G,3.73,90,
IC0357,,60.933333,22.159111,0.94,G,0.61,147,
IC0358,,60.928667,19.894944,1.18,G,0.28,63,
IC0359,,63.118167,27.701972,1.30,G,1.30,105,
IC0359A,,64.670833,28.290000,15.00,RfN,10.00,,
IC0360,,62.260708,26.131194,180.00,Neb,100.00,,
IC0361,,64.711250,58.249500,7.20,OCl,,,
IC0362,,64.176792,-12.200111,1.77,G,1.03,5,
IC0363,,64.730917,3.033028,0.33,G,0.31,25,
IC0364,,64.777917,3.188944,0.78,G,0.49,72,
IC0365,,64.808917,3.348333,0.88,G,0.56,34,
IC0366,,64.923083,2.359806,0.34,G,0.20,20,
IC0367,,65.170792,-14.781056,1.74,G,0.61,140,
IC0368,,65.678000,-12.615167,0.99,G,0.83,164,
IC0369,,65.867583,-11.790083,0.76,G,0.76,35,
IC0370,,66.006958,-9.394833,0.99,G,0.89,123,
IC0371,,67.552458,-0.561000,,*,,,
IC0372,,67.517667,-5.009972,0.97,G,0.45,30,
IC0373,,67.678167,-4.870250,0.98,G,0.76,109,
IC0374,,68.136458,16.634167,0.23,G,0.19,80,
IC0375,,67.763083,-12.973972,0.82,G,0.54,59,
IC0376,,67.807458,-12.433361,0.59,G,0.48,50,
IC0377,,67.818917,-12.455083,1.00,G,0.83,99,
IC0378,,67.866333,-12.299750,0.79,G,0.48,69,
IC0379,,67.962208,-7.238361,0.93,G,0.82,35,
IC0380,,67.922167,-12.927028,0.76,G,0.46,75,
IC0382,,69.481458,-9.519333,1.99,G,1.18,173,
IC0383,,69.741792,9.892528,0.63,G,0.56,36,
IC0384,,69.826167,-7.839111,0.49,G,0.48,94,
IC0385,,69.881083,-7.097472,1.15,G,0.58,107,
IC0387,,70.434208,-7.086194,1.60,G,1.11,84,
IC0388,,70.472208,-7.305528,1.00,GPair,,,
IC0388 NED01,,70.468417,-7.304639,0.54,G,0.44,54,
IC0388 NED02,,70.476333,-7.306472,0.89,G,0.40,10,
IC0389,,70.498417,-7.311472,1.09,G,0.82,20,
IC0390,,70.516125,-7.206444,1.14,G,0.40,35,
IC0391,,74.338042,78.188833,1.39,G,1.33,25,
IC0392,,71.607333,3.505556,1.45,G,1.00,168,
IC0393,,71.965833,-15.525194,0.81,G,0.77,7,
IC0394,,72.211292,-6.280194,,Other,,,
IC0396,,74.495792,68.323389,2.38,G,1.45,86,
IC0397,,75.277625,40.424889,,Other,,,
IC0398,,74.552333,-7.780250,1.18,G,0.34,2,
IC0399,,75.433375,-4.288750,0.54,G,0.45,81,
IC0400,,75.940167,-15.819083,1.55,G,0.17,117,
IC0401,,76.081833,-10.076528,1.75,G,0.58,55,
IC0402,,76.561792,-9.107417,1.26,G,0.56,146,
IC0403,,78.815375,39.972111,,Other,,,
IC0404,,78.331667,9.754917,0.73,G,0.53,130,
IC0405,Flaming Star Nebula,79.122833,34.356167,50.00,Neb,30.00,,
IC0406,,79.454167,39.886028,,Other,,,
IC0407,,79.427542,-15.523444,1.93,G,0.36,164,
IC0408,,79.936917,-25.064333,1.95,G,0.97,162,
IC0409,,79.889792,3.318389,0.95,GPair,0.72,19,
IC0410,,80.675000,33.366667,40.00,Neb,30.00,,
IC0411,,80.077542,-25.324500,1.36,G,1.00,129,
IC0412,,80.486250,3.486389,1.17,G,0.65,0,
IC0413,,80.494917,3.482167,1.08,G,0.80,140,
IC0414,,80.479000,3.342028,0.60,G,0.44,140,
IC0415,,80.340125,-15.542583,0.76,G,0.58,148,
IC0416,,80.984917,-17.260417,1.41,G,0.70,71,
IC0417,,82.025000,34.423944,13.00,HII,10.00,,
IC0418,,81.867458,-12.697278,0.20,PN,,,
IC0419,,82.716750,30.117917,,Other,,,
IC0420,,83.039583,-4.504750,6.03,Neb,,,
IC0421,,83.035750,-7.918333,2.96,G,2.22,108,
IC0422,,83.077292,-17.223861,1.04,G,0.93,130,
IC0423,,83.341708,-0.614500,6.00,Neb,3.50,90,
IC0424,,83.405167,-0.413139,2.50,Neb,1.70,,
IC0425,,84.291333,32.429667,,Other,,,
IC0426,,84.130750,-0.298306,10.00,Neb,3.00,,
IC0427,,84.075083,-6.616444,,Neb,,,
IC0428,,84.100875,-6.451556,,Neb,,,
IC0429,,84.578583,-7.040500,,Neb,,,
IC0430,,84.649875,-7.083111,10.96,Neb,,,
IC0431,,85.058458,-1.462806,8.00,RfN,5.00,,
IC0432,,85.233250,-1.507000,10.00,RfN,10.00,,
IC0433,,85.130625,-11.665583,1.42,G,1.12,138,
IC0434,Flame Nebula,85.253667,-2.453778,90.00,HII,30.00,,
IC0435,,85.752375,-2.312611,3.98,RfN,3.02,,
IC0436,,88.417000,38.624778,,Other,,,
IC0437,,87.905833,-12.564972,0.97,G,0.46,7,
IC0438,,88.250333,-17.876083,2.80,G,1.82,63,
IC0439,,89.164625,32.022694,,Other,,,
IC0440,,94.805458,80.068472,1.77,G,1.00,36,
IC0441,,90.677625,-12.499139,1.22,G,1.13,40,
IC0442,,99.049542,82.968250,1.25,G,1.25,5,
IC0443,Gem A,94.155875,22.531667,50.00,SNR,40.00,,
IC0444,,94.641667,23.313333,8.00,RfN,4.00,,
IC0445,,99.338542,67.859861,0.87,G,0.70,20,
IC0446,,97.775750,10.459278,5.00,Cl+N,4.00,,
IC0447,,97.751333,9.897444,25.00,HII,20.00,,
IC0448,,98.188917,7.388639,15.00,HII,10.00,,
IC0449,,101.421292,71.343833,1.77,G,1.34,83,
IC0450,,103.051042,74.427083,1.38,G,0.80,130,
IC0451,,103.216708,74.480722,1.34,G,1.07,144,
IC0453,,102.297708,-16.906750,,*,,,
IC0454,,102.776250,12.922028,1.69,G,0.88,138,
IC0455,,113.740333,85.537194,1.06,G,0.65,78,
IC0456,,105.073083,-30.163778,2.33,G,1.60,4,
IC0458,,107.642292,50.118917,0.90,G,0.39,173,
IC0459,,107.661208,50.177333,0.59,G,0.49,1,
IC0460,,107.684458,50.202444,0.85,G,0.49,178,
IC0461,,107.687667,50.081417,0.63,G,0.48,36,
IC0462,,107.732542,50.180833,,*,,,
IC0463,,107.753708,50.117694,0.28,G,0.20,95,
IC0464,,107.769792,50.136889,0.80,G,0.37,60,
IC0466,,107.161667,-4.318000,1.00,HII,,,
IC0467,,112.576625,79.872528,1.99,G,0.94,73,
IC0468,,109.329167,-13.218694,,Other,,,
IC0469,,118.996167,85.158917,2.35,G,0.91,88,
IC0470,,110.881250,46.078667,,**,,,
IC0471,,115.901875,49.667556,0.66,G,0.66,23,
IC0472,,115.959750,49.614194,1.61,G,1.15,166,
IC0473,,115.602583,9.255278,,Other,,,
IC0474,,116.530458,26.505111,1.27,G,0.40,113,
IC0475,,116.788458,30.488806,0.75,G,0.45,133,
IC0476,,116.818042,26.950972,0.62,G,0.48,99,
IC0477,,118.028875,23.483028,1.15,G,1.15,30,
IC0478,,118.423208,26.492694,0.66,G,0.48,12,
IC0479,,118.592583,27.008833,0.61,G,0.51,171,
IC0480,,118.846625,26.743333,1.75,G,0.33,167,
IC0481,,119.761917,24.160639,0.93,G,0.26,4,
IC0482,,119.947000,25.356972,0.63,G,0.52,151,
IC0483,,119.968250,25.925333,,**,,,
IC0484,,120.004417,26.665861,0.89,G,0.40,43,
IC0485,,120.082375,26.701444,1.17,G,0.24,154,
IC0486,,120.087417,26.613528,0.87,G,0.66,138,
IC0488,,120.206292,25.901861,,Other,,,
IC0489,,120.407250,25.996389,,*,,,
IC0490,,120.833833,25.811417,0.59,G,0.47,95,
IC0491,,120.979167,26.520611,0.65,G,0.28,115,
IC0492,,121.411083,26.168194,1.02,G,0.77,31,
IC0493,,121.864958,25.134028,0.81,G,0.61,18,
IC0494,,121.600500,1.036056,1.32,G,0.64,48,
IC0495,,122.080917,9.013889,0.47,G,0.40,88,
IC0496,,122.434000,25.881611,0.63,G,0.39,30,
IC0497,,122.525292,24.922083,0.78,G,0.39,177,
IC0498,,122.376125,5.280694,1.21,G,1.08,66,
IC0499,,131.322083,85.740028,1.88,G,0.90,77,
IC0500,,123.165000,-16.050806,1.77,G,0.71,54,
IC0501,,124.698292,24.537417,0.73,G,0.55,125,
IC0502,,125.515042,8.752611,0.56,G,0.54,62,
IC0503,,125.544500,3.268056,1.33,G,1.03,110,
IC0504,,125.671667,4.262417,1.51,G,1.09,139,
IC0505,,125.840292,4.372472,1.38,G,0.99,144,
IC0506,,125.878042,4.299500,1.19,G,0.86,171,
IC0508,,127.092958,25.124722,0.79,G,0.70,97,
IC0509,,128.014583,24.010917,1.02,G,0.92,57,
IC0510,,128.044167,-2.162222,0.80,GPair,,,
IC0510 NED01,,128.042458,-2.162111,0.33,G,0.18,132,
IC0510 NED02,,128.045542,-2.162389,0.91,G,0.52,137,
IC0511,,130.210208,73.486667,1.22,G,0.46,142,
IC0512,,135.957625,85.501694,1.72,G,1.34,174,
IC0513,,128.271083,-12.355556,1.49,G,1.00,39,
IC0514,,128.842833,-2.047056,0.57,G,0.34,160,
IC0515,,128.880375,-1.901111,1.04,G,0.58,34,
IC0516,,128.961542,-1.871222,0.59,G,0.30,65,
IC0517,,129.092083,-2.055556,0.61,G,0.34,29,
IC0518,,129.028958,0.692583,,Other,,,
IC0519,,130.143375,2.611333,0.50,G,0.48,28,
IC0520,,133.426083,73.490944,2.10,G,1.63,175,
IC0521,,131.683167,2.537417,0.93,G,0.67,80,
IC0522,,133.645458,57.166722,1.24,G,1.02,165,
IC0523,,133.297167,9.148167,0.86,G,0.56,95,
IC0524,,134.553458,-19.191917,0.94,G,0.63,21,
IC0525,,135.343625,-1.853972,0.95,G,0.33,10,
IC0526,,135.669917,10.841639,0.77,G,0.45,41,
IC0527,,137.424083,37.601583,1.37,G,1.13,71,
IC0528,,137.343958,15.796167,1.39,G,0.62,162,
IC0529,,139.636667,73.759333,3.21,G,1.53,142,
IC0530,,138.820708,11.885694,1.93,G,0.31,87,
IC0531,,139.461708,-0.278472,0.79,G,0.42,60,
IC0532,,139.765667,-16.754944,,Other,,,
IC0533,,140.097500,-3.992028,0.95,G,0.27,155,
IC0534,,140.314375,3.151139,1.19,G,0.31,148,
IC0535,,140.567583,-1.040333,0.65,G,0.53,5,
IC0536,,141.167083,25.110194,1.09,G,0.22,24,
IC0537,,141.344208,-12.391778,1.32,G,1.22,160,
IC0539,,142.284333,-2.549139,0.97,G,0.73,130,
IC0540,,142.543042,7.902750,1.07,G,0.27,171,
IC0541,,142.628292,-4.253667,,Other,,,
IC0542,,142.775917,-13.181361,1.21,G,0.39,95,
IC0543,,142.787917,-14.772500,,Other,,,
IC0544,,143.972417,24.894861,0.80,G,0.25,24,
IC0545,,144.022333,24.948944,0.56,G,0.42,44,
IC0546,,143.709333,-16.384417,1.27,G,0.70,103,
IC0548,,144.580417,9.445972,0.76,G,0.19,166,
IC0549,,145.180125,3.959750,0.60,G,0.37,180,
IC0550,,145.119083,-6.946056,1.07,G,0.70,34,
IC0551,,145.250458,6.936083,0.81,G,0.53,155,
IC0552,,145.319042,10.647000,1.12,G,0.63,2,
IC0553,,145.188042,-5.435361,1.07,G,0.85,118,
IC0554,,145.487042,12.296278,1.29,G,0.57,18,
IC0557,,146.010000,10.988111,1.11,G,0.64,38,
IC0558,,146.251458,29.452306,0.93,G,0.72,165,
IC0559,,146.182875,9.615000,1.09,G,0.92,87,
IC0560,,146.472667,-0.268306,1.41,G,0.54,20,
IC0561,,146.495042,3.145194,0.51,G,0.42,6,
IC0562,,146.516250,-3.971167,1.22,G,0.28,162,
IC0563,,146.584792,3.045583,0.97,G,0.40,111,
IC0564,,146.587833,3.071361,1.64,G,0.45,68,
IC0565,,146.961500,15.852556,1.00,GPair,,,
IC0565 NED01,,146.956958,15.852028,0.68,G,0.16,178,
IC0565 NED02,,146.960542,15.851889,1.24,G,0.27,51,
IC0566,,147.484958,-0.231361,0.60,G,0.53,84,
IC0567,,147.640750,12.784722,,*,,,
IC0568,,147.784708,15.730444,1.07,G,0.64,106,
IC0569,,147.867292,10.920056,0.78,G,0.54,164,
IC0570,,147.962417,15.755750,0.46,G,0.34,61,
IC0571,,148.131542,15.775444,0.71,G,0.54,133,
IC0572,,148.136708,15.826861,0.54,G,0.53,130,
IC0574,,148.612625,-6.953389,1.05,G,0.87,4,
IC0575,,148.637208,-6.857556,1.52,G,1.17,50,
IC0576,,148.779333,11.039556,0.59,G,0.51,168,
IC0577,,149.016542,10.498861,0.62,G,0.57,117,
IC0578,,149.067292,10.486083,1.25,G,0.54,66,
IC0579,,149.164250,-13.774889,1.12,G,0.41,132,
IC0581,,149.548250,15.946972,1.00,G,0.71,129,
IC0582,,149.750958,17.817139,0.97,G,0.91,85,
IC0583,,149.771167,17.821444,0.89,G,0.19,113,
IC0584,,149.771375,10.361139,0.50,G,0.43,149,
IC0585,,149.933833,12.988583,1.21,G,0.86,123,
IC0586,,149.959583,-6.922833,0.76,G,0.70,55,
IC0587,,150.771542,-2.400028,1.25,G,0.56,106,
IC0588,,150.529333,3.057694,0.90,G,0.53,164,
IC0589,,151.099583,-5.678917,0.69,G,0.51,20,
IC0590,,151.459292,0.632944,0.90,GPair,,,
IC0590 NED01,,151.457625,0.633361,1.06,G,0.78,105,
IC0590 NED02,,151.461125,0.631806,0.79,G,0.76,33,
IC0591,,151.865375,12.274500,0.93,G,0.60,164,
IC0592,,151.994792,-2.497250,0.92,G,0.75,26,
IC0593,,152.075042,-2.526806,0.81,G,0.58,97,
IC0594,,152.133333,-0.666861,1.11,G,0.56,131,
IC0595,,152.408833,11.000250,0.81,G,0.58,172,
IC0596,,152.630625,10.042389,0.96,G,0.31,18,
IC0597,,152.549833,-6.899250,0.50,G,0.23,170,
IC0598,,153.202375,43.145528,1.65,G,0.41,7,
IC0599,,153.302125,-5.629000,1.17,G,0.29,36,
IC0600,,154.295458,-3.497778,1.92,G,1.03,13,
IC0601,,154.563708,7.038833,0.47,G,0.22,37,
IC0602,,154.582208,7.049306,0.97,G,0.50,173,
IC0603,,154.854375,-5.656167,1.31,G,0.79,174,
IC0605,,155.600542,1.198250,0.77,G,0.54,9,
IC0607,,156.035750,16.741889,1.27,G,0.96,87,
IC0608,,156.088042,-6.039306,0.95,G,0.54,108,
IC0609,,156.397625,-2.215222,1.35,G,0.39,19,
IC0610,,156.618208,20.228194,1.89,G,0.33,28,
IC0612,,156.774417,11.054889,0.42,G,0.25,174,
IC0613,,156.782458,11.010722,0.77,G,0.70,12,
IC0614,,156.716042,-3.464750,0.78,G,0.53,18,
IC0615,,156.841583,11.079972,1.22,G,0.36,143,
IC0616,,158.198167,15.860833,0.93,G,0.75,160,
IC0619,,158.458250,12.878361,0.84,G,0.65,177,
IC0620,,158.389292,11.871389,0.73,G,0.60,88,
IC0621,,158.337667,2.616139,0.90,G,0.62,82,
IC0623,,158.837542,3.558389,0.94,G,0.32,151,
IC0624,,159.063250,-8.333944,2.42,G,0.55,39,
IC0625,,160.658542,-23.935611,2.25,G,0.53,105,
IC0626,,159.237917,-7.023861,1.21,G,0.95,137,
IC0627,,159.332875,-3.357806,0.72,G,0.57,175,
IC0628,,159.400792,5.603694,0.89,G,0.67,120,
IC0630,,159.640042,-7.170528,2.12,G,1.67,150,
IC0631,,159.745417,-7.052389,0.67,G,0.59,147,
IC0632,,159.799125,-0.409472,0.98,G,0.57,30,
IC0633,,159.851583,-0.389306,0.65,G,0.27,103,
IC0634,,160.228708,5.991833,1.00,G,0.38,116,
IC0635,,160.438750,15.643333,1.09,G,0.33,7,
IC0636,,160.460792,4.330778,0.95,G,0.41,49,
IC0637,,160.591333,15.359611,0.75,G,0.50,17,
IC0638,,160.949917,15.895139,0.77,G,0.38,2,
IC0639,,161.466750,16.930444,1.41,G,0.42,180,
IC0640,,161.710208,34.767639,,Other,,,
IC0641,,161.955875,34.672833,,Other,,,
IC0642,,162.033875,18.188694,1.45,G,1.36,19,
IC0643,,162.363250,12.201000,1.34,G,0.46,73,
IC0645,,162.538958,-6.042889,0.48,G,0.42,59,
IC0646,,162.896583,55.465833,0.84,G,0.43,147,
IC0647,,162.643708,-12.854806,0.68,G,0.39,62,
IC0648,,162.751333,12.287389,0.94,G,0.74,158,
IC0649,,162.717500,1.163889,0.70,GPair,,,
IC0649 NED01,,162.717042,1.165333,0.70,G,0.56,15,
IC0649 NED02,,162.717500,1.161667,0.32,G,0.21,0,
IC0650,,162.668958,-13.442056,0.93,G,0.67,10,
IC0651,,162.743375,-2.150361,0.72,G,0.71,20,
IC0653,,163.028250,-0.560778,2.07,G,0.71,57,
IC0654,,163.459958,-11.725583,1.20,G,0.44,133,
IC0655,,163.592667,-0.364972,1.00,G,0.27,48,
IC0656,,163.783917,17.612889,,Other,,,
IC0657,,164.473208,-4.904944,1.14,G,0.43,169,
IC0658,,164.567750,8.241667,1.08,G,0.85,43,
IC0659,,164.516083,-6.260528,1.24,G,0.86,60,
IC0660,,164.611083,1.382917,0.79,G,0.52,31,
IC0661,,164.714583,1.650639,0.77,G,0.55,31,
IC0662,,164.835625,1.598833,0.78,G,0.58,71,
IC0663,,165.155292,10.437194,0.85,G,0.57,172,
IC0664,,165.188958,10.553056,1.87,G,1.30,53,
IC0665,,165.124708,-13.866806,1.03,G,0.35,148,
IC0666,,165.311708,10.481111,0.58,G,0.33,147,
IC0667,,166.652292,15.088722,0.68,G,0.58,32,
IC0668,,166.664833,15.040917,0.66,G,0.39,95,
IC0669,,166.819042,6.302472,1.08,G,0.67,169,
IC0670,,166.870042,6.714250,1.11,G,0.98,65,
IC0671,,166.881667,0.783111,1.21,G,0.95,21,
IC0672,,167.013458,-12.484167,0.75,G,0.33,155,
IC0673,,167.355458,-0.097722,1.29,G,0.59,168,
IC0674,,167.776500,43.633000,1.37,G,0.41,121,
IC0675,,167.739000,3.594222,,**,,,
IC0676,,168.165917,9.055833,1.85,G,1.31,0,
IC0677,,168.485417,12.301083,1.43,G,0.60,45,
IC0678,,168.526583,6.577194,0.78,G,0.50,141,
IC0679,,169.152542,-13.972083,0.53,G,0.37,125,
IC0680,,169.477917,-1.946444,0.81,G,0.56,154,
IC0681,,169.633042,-12.140222,0.87,G,0.45,35,
IC0683,,170.382417,2.751806,0.69,G,0.49,175,
IC0685,,170.527167,17.753417,0.68,G,0.43,176,
IC0686,,170.771958,5.644667,0.51,G,0.26,42,
IC0687,,171.072208,47.847528,1.08,G,1.03,121,
IC0688,,170.917667,-9.795556,0.98,G,0.49,98,
IC0690,,171.085875,-8.341972,1.17,G,0.46,170,
IC0691,,171.684667,59.155417,1.14,G,0.72,148,
IC0692,,171.472792,9.987500,0.85,G,0.56,118,
IC0693,,171.702583,-5.004000,0.98,G,0.48,90,
IC0694,,172.113750,58.578472,0.21,G,0.18,51,
IC0695,,171.992875,-11.715333,0.65,G,0.21,85,
IC0696,,172.166333,9.098694,0.92,G,0.85,16,
IC0697,,172.143542,-1.629583,0.67,G,0.47,131,
IC0698,,172.266000,9.112056,1.04,G,0.50,147,
IC0699,,172.277042,8.988583,1.21,G,0.34,12,
IC0700,,172.314500,20.584917,1.10,GGroup,,,
IC0700 NED01,,172.309000,20.581111,0.20,G,0.13,0,
IC0700 NED02,,172.313750,20.583167,0.94,G,0.46,71,
IC0700 NED03,,172.318167,20.586583,0.30,G,0.28,25,
IC0700 NED04,,172.319583,20.587861,0.25,G,0.11,54,
IC0701,,172.752833,20.468944,0.74,G,0.55,77,
IC0702,,172.727958,-4.922000,0.75,G,0.42,130,
IC0705,,173.234792,50.241861,0.77,G,0.50,34,
IC0706,,173.302583,-13.338056,1.52,G,0.27,111,
IC0707,,173.436000,21.380056,0.65,G,0.52,5,
IC0708,,173.496750,49.062056,1.50,G,0.98,140,
IC0709,,173.560583,49.043167,1.05,G,0.93,25,
IC0710,,173.614208,25.876472,0.80,G,0.49,180,
IC0711,,173.694000,48.956111,0.87,G,0.81,27,
IC0712,,173.705458,49.077694,3.02,G,0.89,91,
IC0713,,173.684250,16.846889,,*,,,
IC0715,,174.227625,-8.377389,1.00,GPair,,,
IC0715NW,,174.225875,-8.375806,0.87,G,0.40,157,
IC0715SE,,174.228917,-8.378722,0.33,G,0.23,23,
IC0716,,174.763875,-0.206000,1.59,G,0.30,123,
IC0718,,174.969875,8.874528,1.15,G,0.57,180,
IC0719,,175.077125,9.009889,1.22,G,0.39,52,
IC0720,,175.592917,8.767778,1.30,GPair,,,
IC0720 NED01,,175.592917,8.765472,1.05,G,0.93,8,
IC0720 NED02,,175.593083,8.769861,0.75,G,0.52,172,
IC0721,,175.620333,-8.340333,1.63,G,0.29,99,
IC0722,,175.682333,8.974222,0.92,G,0.57,76,
IC0723,,175.740000,-8.332500,0.80,G,0.62,149,
IC0724,,175.894458,8.942472,2.39,G,0.73,59,
IC0725,,175.872250,-1.667972,0.74,G,0.66,125,
IC0726,,175.938750,33.391944,0.87,G,0.77,103,
IC0727,,176.119167,10.783806,1.65,G,0.28,161,
IC0728,,176.210292,-1.601333,1.20,G,0.58,63,
IC0729,,176.326333,33.335806,0.57,G,0.25,4,
IC0731,,176.325333,49.570417,0.70,G,0.36,83,
IC0732,,176.498333,20.442778,1.10,GPair,,,
IC0732N,,176.497625,20.447028,0.65,G,0.27,155,
IC0732S,,176.499458,20.438917,0.74,G,0.39,128,
IC0733,,176.494000,-8.155833,0.72,G,0.19,90,
IC0734,,176.515833,-8.267778,1.10,GPair,,,
IC0734 NED01,,176.515625,-8.271028,0.95,G,0.47,15,
IC0734 NED02,,176.516167,-8.264972,0.83,G,0.71,12,
IC0735,,177.053333,13.209389,1.16,G,0.69,154,
IC0736,,177.083833,12.716583,0.66,G,0.63,82,
IC0737,,177.114667,12.727389,0.82,G,0.70,108,
IC0738,,177.228625,-4.681944,0.80,G,0.47,99,
IC0739,,177.880375,23.862861,1.09,G,0.76,151,
IC0741,,177.632375,-4.835889,1.03,G,0.52,136,
IC0742,,177.759375,20.799722,1.07,G,0.86,121,
IC0743,,178.342750,-13.264861,1.19,G,0.31,144,
IC0744,,178.519792,23.192222,0.63,G,0.38,52,
IC0745,,178.551125,0.136639,0.78,G,0.76,10,
IC0746,,178.896375,25.889444,1.01,G,0.46,169,
IC0747,,179.270417,-8.292333,0.65,G,0.30,40,
IC0748,,179.361292,7.460944,0.85,G,0.67,78,
IC0749,,179.641875,42.734028,2.13,G,1.71,159,
IC0750,,179.717500,42.722472,2.11,G,1.02,40,
IC0751,,179.719167,42.570333,1.10,G,0.41,30,
IC0752,,179.812500,42.566833,0.58,G,0.43,91,
IC0753,,179.803667,-0.523833,1.07,G,0.69,24,
IC0754,,179.848125,-1.654528,0.96,G,0.74,29,
IC0756,,180.740875,4.845861,1.70,G,0.70,99,
IC0758,,181.049500,62.505361,1.75,G,0.80,28,
IC0759,,181.288875,20.260000,,Other,,,
IC0760,,181.472958,-29.292083,1.82,G,0.53,149,
IC0761,,181.473750,-12.673333,1.00,G,0.38,108,
IC0762,,182.049833,25.757139,0.79,G,0.50,144,
IC0763,,182.063792,25.811500,0.91,G,0.45,86,
IC0764,,182.559125,-29.736806,4.84,G,1.14,177,
IC0765,,182.629042,16.135194,,Other,,,
IC0766,,182.723333,-12.655250,1.77,G,0.31,168,
IC0767,,182.761375,12.104000,0.93,G,0.68,75,
IC0768,,182.948417,12.143722,1.29,G,0.57,112,
IC0769,,183.134708,12.123806,2.20,G,1.51,37,
IC0770,,183.259708,-4.553361,0.46,G,0.43,40,
IC0771,,183.805167,13.184528,0.72,G,0.58,92,
IC0772,,183.816208,23.958167,0.78,G,0.36,96,
IC0773,,184.533708,6.139556,0.78,G,0.65,9,
IC0774,,184.713583,-6.766556,0.80,G,0.47,142,
IC0775,,184.723625,12.912667,1.05,G,0.77,11,
IC0776,,184.762083,8.856111,1.12,G,0.62,93,
IC0777,,184.849000,28.309944,0.84,G,0.40,144,
IC0779,,184.911375,29.883194,0.97,G,0.93,50,
IC0780,,184.993250,25.771694,1.18,G,0.83,8,
IC0781,,185.013750,14.961528,1.30,G,1.24,30,
IC0782,,185.404042,5.765750,1.14,G,0.64,61,
IC0783,,185.411625,15.745111,1.23,G,1.13,100,
IC0784,,185.625208,-4.652694,2.11,G,0.60,96,
IC0785,,185.758667,-13.223639,1.13,G,0.49,70,
IC0786,,185.795625,-13.204667,1.03,G,0.89,176,
IC0787,,186.354667,16.124194,1.06,G,0.44,180,
IC0789,,186.585500,7.460167,1.01,G,0.58,140,
IC0791,,186.747833,22.639583,1.05,G,0.97,78,
IC0792,,186.786542,16.325389,1.02,G,0.45,56,
IC0794,,187.035875,12.093306,1.32,G,0.94,103,
IC0795,,187.130583,23.304944,0.66,G,0.33,155,
IC0796,,187.359792,16.404778,1.46,G,0.46,145,
IC0797,,187.978167,15.123944,1.10,G,0.75,105,
IC0798,,188.139208,15.415389,0.90,G,0.87,36,
IC0800,,188.486083,15.354833,1.51,G,1.10,151,
IC0801,,188.437292,52.254806,1.10,G,0.92,55,
IC0802,,188.990125,74.301333,,*,,,
IC0803,,189.904208,16.588028,1.20,GGroup,,,
IC0803 NED01,,189.899417,16.587833,1.00,G,0.32,75,
IC0803 NED02,,189.906292,16.588528,0.89,G,0.14,125,
IC0804,,190.316542,-5.009111,1.03,G,0.49,64,
IC0806,,190.535125,-17.349361,0.94,G,0.61,107,
IC0807,,190.552042,-17.403556,1.13,G,0.70,67,
IC0808,,190.477292,19.932111,,Other,,,
IC0809,,190.536083,11.754278,0.97,G,0.91,4,
IC0810,,190.537833,12.596806,1.62,G,0.58,167,
IC0812,,191.211917,-4.434611,0.90,G,0.56,118,
IC0813,,191.299333,23.036139,0.94,G,0.74,21,
IC0814,,191.392250,-8.092194,0.85,G,0.35,170,
IC0815,,191.594458,11.876611,0.85,G,0.74,138,
IC0816,,191.693083,9.850556,1.10,G,0.70,34,
IC0817,,191.736667,9.857111,0.73,G,0.66,91,
IC0818,,191.685625,29.735278,0.89,G,0.25,47,
IC0821,,191.859000,29.787778,1.00,G,0.92,121,
IC0822,,191.939875,30.077194,0.74,G,0.55,98,
IC0823,,191.961917,27.209167,,*,,,
IC0825,,192.579875,-5.363000,0.62,G,0.45,79,
IC0826,,192.833042,31.059639,0.69,G,0.48,62,
IC0827,,192.979417,16.282861,0.89,G,0.42,103,
IC0828,,193.065125,-8.132861,0.69,G,0.27,145,
IC0829,,193.114292,-15.518528,0.38,G,0.38,105,
IC0830,,192.818833,53.696306,1.16,G,0.60,164,
IC0831,,193.183625,26.470417,0.86,G,0.41,96,
IC0832,,193.496292,26.444056,0.78,G,0.74,2,
IC0833,,194.159167,-6.733417,0.43,G,0.34,138,
IC0834,,194.077500,26.358917,0.91,G,0.54,96,
IC0835,,194.217833,26.487722,0.76,G,0.70,144,
IC0836,,193.975083,63.612333,1.23,G,0.24,74,
IC0837,,194.380042,26.512167,0.92,G,0.33,12,
IC0838,,194.556542,26.426889,0.67,G,0.60,4,
IC0839,,194.562708,28.125917,0.48,G,0.28,84,
IC0840,,194.675125,10.616500,0.82,G,0.65,161,
IC0841,,194.947250,21.813222,0.96,G,0.55,130,
IC0842,,195.164792,29.019417,1.14,G,0.57,56,
IC0844,,195.825917,-30.521083,1.77,G,0.54,100,
IC0845,,196.239250,12.079056,0.84,G,0.64,129,
IC0846,,196.337958,23.095556,0.73,G,0.62,154,
IC0848,,196.756500,16.007111,0.73,G,0.54,165,
IC0849,,196.911208,-0.942472,1.02,G,0.90,91,
IC0850,,196.959292,-0.868444,0.95,G,0.26,68,
IC0851,,197.143083,21.049778,1.13,G,0.41,152,
IC0852,,196.903167,60.157194,1.17,G,0.98,24,
IC0853,,197.173875,52.774278,1.03,G,0.96,14,
IC0854,,197.458208,24.577556,0.92,G,0.69,122,
IC0855,,197.653750,-4.484528,0.72,G,0.63,15,
IC0856,,197.673375,20.536778,0.73,G,0.21,64,
IC0857,,198.459042,17.076250,0.99,G,0.74,100,
IC0858,,198.716417,17.226778,1.56,G,1.09,100,
IC0859,,198.738667,17.225167,0.68,G,0.61,142,
IC0860,,198.764708,24.618861,0.96,G,0.60,19,
IC0861,,198.780917,34.328778,0.84,G,0.58,76,
IC0862,,199.064083,20.047667,0.54,G,0.54,80,
IC0863,,199.301667,-17.254472,1.14,G,0.79,45,
IC0864,,199.285375,20.691722,0.58,G,0.27,23,
IC0865,,199.397875,-5.833889,0.73,G,0.61,40,
IC0866,,199.319792,20.691000,0.67,G,0.37,34,
IC0867,,199.332458,20.638083,1.27,G,0.90,18,
IC0868,,199.368917,20.612333,0.79,G,0.74,9,
IC0869,,199.378167,20.681083,1.00,GPair,,,
IC0869 NED01,,199.374833,20.684194,0.55,G,0.44,80,
IC0869 NED02,,199.381833,20.677583,0.33,G,0.29,80,
IC0870,,199.378750,20.600111,0.79,G,0.48,45,
IC0871,,199.494417,4.403417,1.57,G,0.79,70,
IC0872,,199.256667,6.357083,1.16,G,0.93,117,
IC0873,,199.567833,4.464306,0.94,G,0.86,120,
IC0874,,199.752167,-27.628556,1.29,G,1.05,56,
IC0875,,199.281542,57.539444,1.55,G,1.14,149,
IC0876,,199.644083,4.486306,0.90,G,0.76,174,
IC0877,,199.489042,6.082056,,Other,,,
IC0878,,199.501500,6.120417,,Other,,,
IC0879,,199.919042,-27.428972,0.84,G,0.34,136,
IC0880,,199.530667,6.112111,,Other,,,
IC0881,,199.984792,15.850528,1.53,G,0.35,12,
IC0882,,200.028917,15.898139,0.81,G,0.70,66,
IC0883,,200.147250,34.139500,0.79,G,0.47,152,
IC0884,,200.478792,-12.729722,,Other,,,
IC0885,,200.628833,21.316417,1.01,G,0.89,170,
IC0886,,200.989542,-4.395444,0.66,G,0.54,58,
IC0887,,201.049750,-12.460417,,Other,,,
IC0889,,201.656417,11.869500,0.89,G,0.76,13,
IC0890,,202.106625,-16.092333,1.16,G,0.47,146,
IC0891,,202.499667,0.305111,0.78,G,0.73,30,
IC0892,,202.941167,-2.713056,1.60,G,0.84,19,
IC0893,,202.947417,-2.611611,1.01,G,0.20,52,
IC0894,,203.020083,17.048972,1.14,G,0.50,79,
IC0896,,203.542583,4.868472,1.04,G,0.71,29,
IC0897,,203.581042,17.848056,0.75,G,0.32,56,
IC0898,,203.539208,13.280833,0.61,G,0.43,163,
IC0899,,203.747750,-8.091639,0.85,G,0.71,91,
IC0900,,203.679208,9.336861,1.28,G,0.85,29,
IC0901,,203.926667,13.330917,0.74,G,0.53,91,
IC0902,,204.005083,49.960833,2.18,G,0.55,162,
IC0903,,204.608625,-0.227639,1.64,G,0.62,178,
IC0904,,204.634208,0.540194,1.05,G,0.54,129,
IC0905,,205.012208,23.142972,0.86,G,0.70,130,
IC0906,,205.041625,23.341083,0.84,G,0.29,145,
IC0907,,204.845875,51.051056,1.11,G,0.21,20,
IC0908,,205.328917,-4.344194,0.90,G,0.55,82,
IC0909,,205.213167,24.473278,0.73,G,0.67,2,
IC0910,,205.282750,23.282056,0.68,G,0.56,120,
IC0911,,205.355708,23.247472,0.56,G,0.40,99,
IC0912,,205.370250,23.245444,0.72,G,0.35,100,
IC0913,,205.373583,23.166944,0.72,G,0.49,63,
IC0914,,205.419208,23.189028,0.79,G,0.65,165,
IC0915,,205.863958,-17.332806,0.45,G,0.41,110,
IC0916,,205.658958,24.465056,0.86,G,0.83,85,
IC0917,,205.630208,55.636917,,*,,,
IC0918,,205.657542,55.529556,0.63,G,0.23,102,
IC0919,,205.697917,55.521389,0.54,G,0.32,25,
IC0920,,206.352792,-12.574167,0.87,G,0.77,10,
IC0921,,205.783333,55.651222,0.29,G,0.20,104,
IC0922,,205.734833,55.603889,0.78,G,0.47,120,
IC0923,,205.809125,55.603139,0.56,G,0.50,101,
IC0924,,206.406625,-12.455083,0.78,G,0.47,77,
IC0925,,205.817083,55.615806,0.54,G,0.17,106,
IC0926,,205.913625,55.631528,0.35,G,0.18,94,
IC0927,,206.468292,-12.464500,0.87,G,0.74,75,
IC0928,,205.950000,55.567861,0.34,G,0.25,11,
IC0929,,205.937583,55.633778,0.46,G,0.37,81,
IC0930,,205.939792,55.646528,0.40,G,0.33,99,
IC0931,,205.954958,55.623972,0.25,G,0.19,61,
IC0932,,205.963333,55.646750,0.47,G,0.23,64,
IC0933,,206.317333,23.218944,1.19,G,0.85,150,
IC0934,,205.968292,55.656806,0.36,G,0.28,174,
IC0936,,206.035625,55.706111,0.41,G,0.21,93,
IC0937,,206.120542,55.630194,0.52,G,0.47,114,
IC0938,,206.130208,55.627389,0.76,G,0.29,156,
IC0939,,206.929708,3.411472,1.02,G,0.93,121,
IC0940,,206.990458,3.449639,0.67,G,0.38,124,
IC0941,,207.148500,24.015083,0.90,G,0.49,112,
IC0942,,206.921417,56.621583,1.00,G,0.66,96,
IC0943,,207.633875,3.194167,0.86,G,0.82,1,
IC0944,,207.878625,14.092222,1.53,G,0.74,107,
IC0945,,206.782500,72.070389,1.00,G,0.59,118,
IC0946,,208.034833,14.116222,0.90,G,0.70,104,
IC0947,,208.149583,0.818361,1.67,G,1.09,65,
IC0948,,208.111292,14.091278,1.18,G,0.66,151,
IC0949,,208.069833,22.521583,1.27,G,0.44,137,
IC0950,,208.109167,14.489722,0.80,GPair,,,
IC0950 NED01,,208.106833,14.488722,1.23,G,0.38,124,
IC0950 NED02,,208.111375,14.490889,0.99,G,0.89,152,
IC0951,,207.946708,50.978333,1.05,G,1.00,5,
IC0952,,208.424667,3.377389,1.25,G,0.47,94,
IC0953,,208.738417,-30.283306,,Other,,,
IC0954,,207.487083,71.164556,0.96,G,0.53,80,
IC0955,,208.930500,-30.261194,,Other,,,
IC0956,,208.669500,20.721472,0.80,GPair,,,
IC0956 NED01,,208.667833,20.719806,0.47,G,0.41,129,
IC0956 NED02,,208.669000,20.717000,0.59,G,0.49,29,
IC0957,,209.034833,-30.237639,,Other,,,
IC0959,,209.014167,13.505833,1.50,G,0.88,2,
IC0960,,208.998208,17.505833,1.80,GPair,,,
IC0960A,,208.996208,17.499222,0.64,G,0.34,110,
IC0960B,,209.000500,17.511556,0.89,G,0.34,24,
IC0961,,208.944958,25.840361,0.81,G,0.74,10,
IC0962,,209.305000,12.021333,0.85,G,0.84,85,
IC0963,,209.354250,17.407750,0.64,G,0.53,5,
IC0964,,209.422292,17.508722,0.64,G,0.56,134,
IC0965,,209.447917,17.510528,0.80,G,0.61,64,
IC0966,,209.558333,5.408278,0.92,G,0.77,155,
IC0967,,209.595625,14.457250,0.97,G,0.42,26,
IC0968,,210.155083,-2.907583,1.10,GPair,,,
IC0968 NED01,,210.152542,-2.909111,0.69,G,0.43,123,
IC0968 NED02,,210.158167,-2.906306,0.68,G,0.34,7,
IC0969,,210.442500,-4.180389,0.60,G,0.39,176,
IC0970,,210.642542,14.552556,1.26,G,0.35,54,
IC0971,,210.969958,-10.140583,2.26,G,1.29,129,
IC0972,,211.107958,-17.228194,0.70,PN,,,
IC0974,,211.643167,-5.492417,,*,,,
IC0975,,211.786833,15.318083,0.75,G,0.57,174,
IC0976,,212.180375,-1.161639,1.52,G,0.62,174,
IC0977,,212.175208,-3.002444,0.69,G,0.53,132,
IC0978,,212.242083,-2.973778,0.97,G,0.51,25,
IC0979,,212.384875,14.831833,1.09,G,0.66,172,
IC0980,,212.593375,-7.342583,0.83,G,0.73,64,
IC0981,,212.617250,-4.171444,0.86,G,0.43,73,
IC0982,,212.496208,17.696111,0.95,G,0.90,35,
IC0983,,212.518208,17.733833,2.32,G,2.01,125,
IC0984,,212.532333,18.364667,1.90,G,0.47,36,
IC0985,,212.886958,-3.219750,0.75,G,0.42,58,
IC0986,,212.859292,1.286528,0.81,G,0.76,52,
IC0987,,212.882833,19.172278,0.61,G,0.38,79,
IC0988,,213.633583,3.190250,0.61,G,0.40,41,
IC0989,,213.713917,3.130889,0.98,G,0.84,72,
IC0990,,213.954958,39.797917,0.54,G,0.43,54,
IC0991,,214.452417,-13.872944,1.56,G,0.97,104,
IC0992,,214.562125,0.891083,0.88,G,0.67,114,
IC0993,,214.577583,11.216389,0.77,G,0.48,169,
IC0994,,214.594292,11.195167,1.46,G,0.60,13,
IC0995,,214.129625,57.810111,1.67,G,0.43,147,
IC0996,,214.341958,57.629861,1.35,G,0.21,153,
IC0997,,214.996875,-4.451250,1.50,GPair,,,
IC0997 NED01,,214.996875,-4.451194,1.41,G,0.83,10,
IC0997 NED02,,214.998958,-4.452306,1.00,G,0.50,163,
IC0998,,215.080375,-4.416444,0.93,G,0.26,55,
IC0999,,214.886125,17.875306,0.85,G,0.69,144,
IC1000,,214.917958,17.854694,1.01,G,0.50,20,
IC1001,,215.165292,5.427361,0.81,G,0.32,94,
IC1002,,215.176167,5.485778,0.59,G,0.23,90,
IC1003,,215.374000,5.073194,1.04,G,0.33,36,
IC1004,,215.259500,17.700583,0.95,G,0.58,180,
IC1006,,215.746250,23.794333,0.89,G,0.61,99,
IC1007,,216.152458,4.559167,0.75,G,0.55,86,
IC1008,,215.927458,28.347861,0.80,GPair,,,
IC1008 NED01,,215.926083,28.346083,0.57,G,0.36,17,
IC1008 NED02,,215.929792,28.347417,0.86,G,0.56,18,
IC1009,,216.573333,12.352917,0.87,G,0.48,69,
IC1010,,216.834833,1.025861,1.52,G,1.28,169,
IC1011,,217.018875,1.006306,0.84,G,0.56,114,
IC1012,,216.789583,30.948222,1.09,G,0.66,112,
IC1013,,216.995250,25.866333,0.95,G,0.44,136,
IC1014,,217.076792,13.780222,2.00,G,1.11,82,
IC1015,,217.079792,15.420111,1.00,GTrpl,,,
IC1015 NED01,,217.078667,15.416361,0.59,G,0.23,40,
IC1015 NED02,,217.082125,15.421944,0.72,G,0.30,82,
IC1015 NED03,,217.080250,15.421167,0.74,G,0.40,66,
IC1017,,217.030125,25.868778,1.07,G,0.60,129,
IC1018,,217.053333,25.830528,0.57,G,0.46,179,
IC1019,,217.056167,25.947417,0.60,G,0.44,134,
IC1020,,217.206208,26.032278,1.06,G,0.23,175,
IC1021,,217.321375,20.654528,0.62,G,0.26,133,
IC1022,,217.507667,3.772861,0.97,G,0.33,163,
IC1023,,218.104750,-35.803583,5.10,OCl,,,
IC1024,,217.863333,3.009083,1.11,G,0.47,29,
IC1025,,217.867833,7.063917,0.58,G,0.36,130,
IC1027,,217.452083,53.965028,1.35,G,1.05,180,
IC1028,,218.318458,41.650389,1.04,G,0.56,15,
IC1029,,218.113583,49.904611,2.78,G,0.45,151,
IC1031,,218.599917,48.037444,0.79,G,0.60,57,
IC1032,,218.664500,47.967972,0.65,G,0.56,93,
IC1033,,218.673958,47.937806,1.05,G,0.98,0,
IC1034,,219.307208,14.665139,0.59,G,0.47,5,
IC1035,,219.542542,9.336028,1.07,G,0.89,150,
IC1036,,219.594958,18.111222,0.58,G,0.30,43,
IC1037,,219.605708,18.184028,0.99,G,0.66,107,
IC1038,,219.864292,11.928639,0.63,G,0.49,171,
IC1039,,220.122500,3.432750,0.68,G,0.34,41,
IC1040,,220.094708,9.476139,0.50,G,0.45,153,
IC1041,,220.157917,3.377028,0.87,G,0.63,52,
IC1042,,220.162583,3.469722,1.13,G,1.10,98,
IC1043,,220.180625,3.374028,0.74,G,0.37,19,
IC1044,,220.370917,9.430917,1.51,G,0.84,1,
IC1046,,219.472583,69.014472,0.78,G,0.45,86,
IC1047,,220.583208,19.191833,0.72,G,0.61,9,
IC1048,,220.741667,4.889472,2.08,G,0.50,163,
IC1049,,219.888000,62.002944,0.92,G,0.80,66,
IC1050,,221.029667,18.012639,0.83,G,0.42,31,
IC1051,,221.048292,19.020222,0.74,G,0.61,54,
IC1052,,221.058792,20.614000,1.02,G,0.28,31,
IC1053,,221.430125,16.946917,0.55,G,0.34,27,
IC1054,,221.630167,1.274750,1.03,G,0.75,10,
IC1055,,221.857042,-13.716139,2.26,G,0.76,5,
IC1056,,221.454375,50.394056,1.51,G,0.94,22,
IC1058,,222.301625,17.020944,1.49,G,0.39,115,
IC1059,,222.677333,-0.875806,0.88,G,0.77,120,
IC1060,,222.947292,-7.232639,1.22,G,0.66,93,
IC1061,,222.809333,18.757556,0.49,G,0.39,146,
IC1062,,222.823583,18.686972,0.94,G,0.78,114,
IC1063,,223.045917,4.682056,0.74,G,0.57,145,
IC1065,,222.339875,63.270556,0.88,G,0.70,95,
IC1066,,223.261917,3.296028,1.21,G,0.66,69,
IC1067,,223.271875,3.331778,1.82,G,1.48,128,
IC1068,,223.387167,3.077306,0.92,G,0.69,138,
IC1069,,222.693833,54.411167,1.47,G,0.76,50,
IC1070,,223.463667,3.484667,0.78,G,0.31,121,
IC1071,,223.552083,4.750028,1.09,G,0.69,153,
IC1072,,223.554750,4.841556,0.87,G,0.53,152,
IC1073,,223.559792,4.794389,0.52,G,0.41,159,
IC1074,,222.988833,51.264889,0.92,G,0.33,116,
IC1075,,223.705208,18.105972,1.19,G,0.52,155,
IC1076,,223.748417,18.037333,0.91,G,0.49,9,
IC1077,,224.340500,-19.213694,1.31,G,1.08,61,
IC1078,,224.120917,9.354528,0.99,G,0.81,19,
IC1079,,224.150667,9.369750,1.46,G,0.85,81,
IC1080,,224.499250,-6.723306,1.22,G,0.92,33,
IC1081,,224.729417,-19.239083,1.66,G,0.58,153,
IC1082,,224.718708,7.007306,0.86,G,0.70,43,
IC1083,,223.889208,68.408583,0.72,G,0.57,94,
IC1084,,225.312000,-7.474917,0.87,G,0.60,156,
IC1085,,225.680708,17.252528,0.94,G,0.84,24,
IC1086,,225.871542,17.114417,0.69,G,0.47,165,
IC1087,,226.682875,3.776833,0.74,G,0.33,74,
IC1088,,226.697583,3.791861,,*,,,
IC1089,,226.858292,7.116750,0.97,G,0.64,140,
IC1090,,226.429792,42.682361,,Other,,,
IC1091,,227.056292,-11.140917,1.09,G,0.82,132,
IC1092,,226.900500,9.358222,1.01,G,1.00,72,
IC1093,,226.898500,14.548000,1.00,G,0.74,90,
IC1094,,226.925833,14.625000,0.80,GTrpl,,,
IC1094 NED01,,226.924208,14.621889,0.55,G,0.51,155,
IC1094 NED02,,226.925792,14.627972,0.54,G,0.41,105,
IC1094 NED03,,226.927458,14.626750,0.52,G,0.32,141,
IC1095,,227.146042,13.670611,0.65,G,0.60,82,
IC1096,,227.089875,19.192111,0.56,G,0.38,76,
IC1097,,227.130417,19.184333,0.91,G,0.42,55,
IC1098,,226.605167,55.601667,,*,,,
IC1099,,226.727708,56.509000,1.12,G,0.81,4,
IC1101,,227.733750,5.744778,1.20,G,0.60,25,
IC1102,,227.770625,4.293861,1.04,G,0.58,18,
IC1103,,227.899458,19.207778,0.91,G,0.50,178,
IC1104,,228.207833,-5.055611,,*,,,
IC1105,,228.307958,4.287556,0.95,G,0.52,92,
IC1106,,228.484500,4.710972,0.91,G,0.43,34,
IC1107,,228.537333,4.714417,0.70,G,0.57,142,
IC1109,,229.266583,5.256111,0.81,G,0.69,52,
IC1110,,228.021125,67.362583,1.26,G,0.50,76,
IC1112,,229.447292,7.218278,1.02,G,0.60,124,
IC1113,,229.562958,12.488667,0.87,G,0.77,17,
IC1114,,227.857042,75.426694,,*,,,
IC1115,,230.579250,-4.473861,,**,,,
IC1116,,230.480292,8.423778,1.07,G,0.68,3,
IC1117,,231.095417,15.488583,0.73,G,0.35,117,
IC1118,,231.248042,13.445083,1.23,G,1.23,73,
IC1119,,231.434500,-3.656306,1.00,GPair,,,
IC1119 NED01,,231.433958,-3.653944,0.52,G,0.33,179,
IC1119 NED02,,231.435917,-3.658056,0.62,G,0.43,17,
IC1120,,231.546000,18.872333,0.67,G,0.29,32,
IC1121,,231.933583,6.803889,1.05,G,0.82,54,
IC1122,,232.346125,7.617417,0.60,G,0.56,55,
IC1123,,232.225458,42.898528,,*,,,
IC1124,,232.503625,23.638417,1.10,G,0.42,77,
IC1125,,233.273375,-1.628250,1.61,G,0.86,153,
IC1126,,233.753417,4.990417,,*,,,
IC1129,,233.003417,68.246333,1.01,G,0.86,3,
IC1130,,234.433458,17.244417,0.74,G,0.52,37,
IC1131,,234.715417,12.080639,0.85,G,0.65,153,
IC1132,,235.028167,20.680611,1.05,G,0.97,48,
IC1133,,235.299958,15.573417,1.27,G,0.39,131,
IC1134,,236.243750,16.962111,0.87,G,0.54,164,
IC1135,,236.394625,17.700083,0.85,G,0.31,63,
IC1136,,236.893292,-1.545278,0.75,G,0.70,50,
IC1137,,237.135833,8.587917,0.86,G,0.79,115,
IC1138,,237.065708,26.206222,1.04,G,0.21,41,
IC1139,,232.358750,82.583861,0.65,G,0.28,54,
IC1140,,237.355250,19.113444,,Other,,,
IC1141,,237.445583,12.399333,0.47,G,0.45,69,
IC1142,,237.608000,18.139583,1.03,G,0.77,160,
IC1143,,232.733167,82.455778,1.45,G,1.38,150,
IC1144,,237.840375,43.417667,0.74,G,0.52,107,
IC1145,,236.035625,72.431167,1.45,G,0.43,168,
IC1146,,237.092000,69.385583,1.29,G,0.94,90,
IC1147,,237.548375,69.560056,0.45,G,0.45,125,
IC1149,,239.533250,12.070278,1.07,G,0.85,164,
IC1150,,239.577333,15.874528,,Other,,,
IC1151,,239.634750,17.441472,2.23,G,0.88,32,
IC1152,,239.180500,48.095000,1.15,G,1.03,19,
IC1153,,239.262542,48.168389,1.20,G,1.00,0,
IC1154,,238.119208,70.375083,1.77,G,1.12,142,
IC1155,,240.149000,15.685639,0.79,G,0.74,11,
IC1156,,240.155667,19.723222,1.10,G,1.01,10,
IC1157,,240.234417,15.526444,0.82,G,0.41,135,
IC1158,,240.392000,1.707833,1.89,G,0.94,134,
IC1159,,240.256083,15.419972,0.76,G,0.52,30,
IC1160,,240.260458,15.494694,0.77,G,0.49,143,
IC1161,,240.320083,15.645417,0.71,G,0.52,96,
IC1162,,240.318042,17.677833,0.72,G,0.56,161,
IC1163,,240.377292,15.503917,0.79,G,0.73,11,
IC1164,,238.761292,70.586972,,*,,,
IC1165,,240.534167,15.693889,0.90,GPair,,,
IC1165 NED01,,240.533458,15.696556,0.69,G,0.64,41,
IC1165 NED02,,240.536000,15.693167,0.63,G,0.54,171,
IC1166,,240.537083,26.327222,0.60,GPair,,,
IC1166 NED01,,240.537167,26.329333,0.53,G,0.31,52,
IC1166 NED02,,240.536792,26.325333,0.41,G,0.28,152,
IC1167,,240.970250,14.946444,0.62,G,0.55,117,
IC1168,,240.982042,14.902417,1.32,G,0.56,169,
IC1169,,241.055958,13.744028,1.06,G,0.72,10,
IC1170,,241.132042,17.721472,0.50,G,0.28,84,
IC1171,,241.216000,17.978222,,*,,,
IC1173,,241.302333,17.422861,0.92,G,0.45,63,
IC1174,,241.361750,15.025333,1.03,G,0.75,51,
IC1175,,241.344250,18.163111,,**,,,
IC1177,,241.332458,18.315361,0.54,G,0.41,164,
IC1178,,241.388000,17.601444,1.34,G,0.66,145,
IC1180,,241.375458,18.149667,,*,,,
IC1181,,241.391042,17.593694,1.01,G,0.73,58,
IC1182,,241.403333,17.802139,0.84,G,0.68,80,
IC1184,,241.428333,17.790000,,Other,,,
IC1185,,241.436208,17.717028,0.74,G,0.54,8,
IC1186,,241.434250,17.362167,0.78,G,0.48,5,
IC1187,,239.792417,70.556972,0.35,G,0.22,100,
IC1188,,241.532000,17.460000,0.70,GPair,,,
IC1188A,,241.530417,17.460806,0.55,G,0.41,8,
IC1188B,,241.534500,17.461639,0.28,G,0.18,47,
IC1189,,241.561792,18.182889,0.79,G,0.56,179,
IC1190,,241.468375,18.220528,1.28,G,0.35,119,
IC1191,,241.619792,18.267889,0.70,GPair,,,
IC1191 NED01,,241.620792,18.267861,0.71,G,0.16,163,
IC1191 NED02,,241.623750,18.267861,0.40,G,0.21,153,
IC1192,,241.638042,17.775639,0.91,G,0.43,114,
IC1193,,241.634167,17.713861,0.78,G,0.65,2,
IC1194,,241.663958,17.761194,0.64,G,0.49,20,
IC1195,,241.670333,17.191806,0.61,G,0.43,13,
IC1196,,241.993208,10.779639,1.04,G,0.51,5,
IC1197,,242.071958,7.538500,2.56,G,0.54,57,
IC1198,,242.151542,12.330944,0.79,G,0.41,111,
IC1199,,242.643125,10.040361,1.19,G,0.42,158,
IC1201,,241.423542,69.593806,0.68,G,0.22,114,
IC1203,,243.816667,-22.370583,3.50,*Ass,2.00,,
IC1204,,241.814500,69.931472,0.65,G,0.30,65,
IC1205,,243.566333,9.537194,0.69,G,0.59,110,
IC1206,,243.804458,11.297389,1.12,G,0.64,2,
IC1207,,244.861333,-29.651111,2.00,*Ass,0.50,,
IC1208,,243.949542,36.527333,1.25,G,0.32,95,
IC1209,,244.665083,15.558361,1.36,G,0.88,3,
IC1210,,243.625625,62.536694,1.38,G,0.42,169,
IC1211,,244.216583,53.006028,1.34,G,1.25,65,
IC1212,,243.878125,64.224806,0.77,G,0.66,5,
IC1214,,244.048750,65.968778,1.05,G,0.44,17,
IC1215,,243.896375,68.397667,0.91,G,0.68,163,
IC1216,,243.980750,68.349889,0.75,G,0.63,49,
IC1217,,244.017083,69.676500,,Other,,,
IC1218,,244.154583,68.202639,0.92,G,0.92,60,
IC1219,,246.114375,19.482583,1.31,G,0.52,122,
IC1220,,247.409583,8.450722,1.24,G,1.17,142,
IC1221,,248.673458,46.392056,1.00,G,0.92,35,
IC1222,,248.788333,46.213917,1.51,G,1.12,49,
IC1223,,248.926917,49.220528,0.82,G,0.60,20,
IC1224,,250.734542,19.254361,1.28,G,0.84,87,
IC1225,,249.218833,67.629417,1.37,G,0.45,71,
IC1226,,250.277375,46.004056,0.57,G,0.50,53,
IC1228,,250.527000,65.585500,1.32,G,0.71,122,
IC1229,,251.245083,51.308083,0.44,G,0.17,106,
IC1230,,251.256167,51.259583,0.92,GPair,0.59,159,
IC1231,,251.745917,58.423167,1.88,G,0.86,153,
IC1234,,253.212125,56.877778,,*,,,
IC1235,,253.015125,63.115806,0.76,G,0.53,13,
IC1236,,254.623333,20.041472,1.17,G,1.07,146,
IC1237,,254.066875,55.026472,1.97,G,0.58,22,
IC1238,,255.125625,23.076750,,**,,,
IC1240,,255.245292,61.050444,,Other,,,
IC1241,,255.367583,63.691111,1.16,G,0.93,59,
IC1242,,257.178667,4.049889,0.84,G,0.51,120,
IC1243,,257.602292,10.766611,,Other,,,
IC1244,,257.640458,36.303306,1.13,G,1.13,130,
IC1245,,258.152500,38.020444,1.85,G,0.97,126,
IC1246,,258.551167,20.237306,,*,,,
IC1247,,259.092250,-12.780889,,*,,,
IC1248,,257.917417,59.995611,0.82,G,0.64,17,
IC1249,,258.729667,35.520111,0.24,G,0.22,147,
IC1250,,258.621542,57.416778,0.59,G,0.30,70,
IC1251,,257.553750,72.410500,1.21,G,0.64,67,
IC1252,,258.959917,57.366806,1.06,G,0.32,141,
IC1254,,257.889208,72.402000,0.91,G,0.54,38,
IC1255,,260.772458,12.695444,0.98,G,0.48,11,
IC1256,,260.947125,26.486528,1.28,G,0.75,93,
IC1257,,261.784917,-7.093083,3.30,GCl,,,
IC1258,,261.822417,58.485472,0.91,G,0.72,65,
IC1259,,261.857500,58.516667,0.90,GPair,,,
IC1259 NED01,,261.852958,58.516917,0.91,G,0.59,152,
IC1259 NED02,,261.861583,58.516556,1.11,G,1.06,35,
IC1260,,261.882167,58.475861,0.42,G,0.34,138,
IC1261,,260.847333,71.263639,1.10,GPair,,,
IC1261 NED01,,260.858833,71.262806,0.84,G,0.68,63,
IC1261 NED02,,260.837000,71.264361,0.69,G,0.61,0,
IC1262,,263.258417,43.759611,1.64,G,0.82,84,
IC1263,,263.280000,43.822083,1.63,G,0.68,178,
IC1264,,263.320167,43.629222,1.37,G,1.22,60,
IC1265,,264.164292,42.088417,1.85,G,0.81,78,
IC1266,,266.397083,-46.089861,0.16,PN,,,
IC1267,,264.691208,59.373139,1.38,G,0.95,55,
IC1268,,267.663708,17.209444,0.66,G,0.49,90,
IC1269,,268.025000,21.569639,1.32,G,0.85,135,
IC1270,,266.987500,62.223444,,*,,,
IC1271,,271.304625,-24.410528,,Neb,,,
IC1272,,271.232292,25.129194,,Other,,,
IC1273,,271.261458,25.132111,,**,,,
IC1274,,272.462625,-23.648222,20.00,HII,5.00,,
IC1275,,272.529958,-23.761222,,Neb,,,
IC1276,,272.684458,-7.207583,9.60,GCl,,,
IC1277,,272.613708,31.003167,0.98,G,0.67,21,
IC1278,,272.673542,31.149917,,Other,,,
IC1279,,272.814083,36.007778,2.34,G,0.59,159,
IC1281,,272.908750,35.992222,1.30,GPair,,,
IC1281 NED01,,272.908417,35.987417,0.54,G,0.31,26,
IC1281 NED02,,272.909000,35.997250,0.57,G,0.38,15,
IC1282,,273.521875,21.102194,,Other,,,
IC1283,,274.320208,-19.762222,15.00,HII,15.00,,
IC1284,,274.415125,-19.672028,16.98,Neb,15.14,,
IC1285,,274.042375,25.100333,,Other,,,
IC1286,,274.059458,55.591000,1.42,G,0.44,86,
IC1287,,277.857042,-10.795806,20.00,RfN,10.00,,
IC1288,,277.343583,39.713361,1.09,G,0.61,5,
IC1289,,277.509542,39.964028,0.66,G,0.33,145,
IC1290,,279.647125,-24.096833,,*Ass,,,
IC1291,,278.469042,49.278611,1.33,G,1.15,17,
IC1292,,281.168542,-27.816278,,Other,,,
IC1293,,280.402708,56.317778,,Other,,,
IC1294,,282.460208,40.209389,,Other,,,
IC1295,,283.654708,-8.827028,1.50,PN,,,
IC1296,,283.328458,33.066583,0.99,G,0.53,69,
IC1297,,289.347500,-39.613056,0.12,PN,,,
IC1298,,289.648708,-1.596194,,Other,,,
IC1299,,290.675125,20.739556,2.00,OCl,1.00,,
IC1301,,291.633250,50.125278,1.44,G,0.69,19,
IC1302,,292.720375,35.785250,0.95,G,0.51,50,
IC1303,,292.875250,35.876611,1.18,G,0.73,104,
IC1304,,293.893708,41.111833,,*Ass,,,
IC1305,,294.821250,20.194278,,Other,,,
IC1306,,295.421625,37.685194,,*Ass,,,
IC1307,,295.633750,27.752639,,*Ass,,,
IC1308,,296.271833,-14.720250,,HII,,,
IC1309,,300.756333,-17.232083,0.87,G,0.64,58,
IC1310,,302.504083,34.968889,15.00,Cl+N,3.00,,
IC1311,,302.699250,41.173944,6.30,OCl,,,
IC1312,,304.214583,18.045972,,Other,,,
IC1313,,304.681917,-16.945972,1.61,G,1.02,26,
IC1314,,304.458333,25.089778,,*Ass,,,
IC1315,,304.341458,30.689083,,Other,,,
IC1316,,305.607667,6.501694,,Other,,,
IC1317,,305.814958,0.664722,0.76,G,0.57,98,
IC1318,gam Cyg,305.557042,40.256694,,*,,,
IC1319,,306.508042,-18.504083,0.79,G,0.49,8,
IC1320,,306.606917,2.909722,1.07,G,0.61,87,
IC1321,,307.046042,-18.291500,1.10,G,0.71,96,
IC1322,,307.535333,-15.227833,1.10,G,0.56,114,
IC1323,,307.620833,-15.181944,,**,,,
IC1324,,308.051292,-9.056111,1.25,G,1.12,55,
IC1327,,308.921958,-0.005778,0.93,G,0.90,15,
IC1328,,310.487667,-19.633056,0.89,G,0.36,50,
IC1329,,310.925458,15.597417,,Other,,,
IC1330,,311.562250,-14.023222,1.25,G,0.41,109,
IC1331,,311.953208,-9.995944,1.75,G,0.49,85,
IC1332,,312.964125,-13.711528,1.16,G,0.69,64,
IC1333,,313.071667,-16.285750,1.37,G,0.73,83,
IC1335,,313.275500,-16.335444,0.89,G,0.64,16,
IC1336,,313.770500,-18.038722,0.86,G,0.49,44,
IC1337,,314.219583,-16.585833,0.84,G,0.61,16,
IC1338,,314.241000,-16.492611,0.76,G,0.50,6,
IC1339,,314.481333,-17.942833,1.51,G,0.94,49,
IC1340,,314.034375,31.047861,25.12,SNR,19.95,,
IC1341,,315.069500,-13.976333,0.95,G,0.53,61,
IC1342,,315.106000,-14.495861,1.08,G,0.41,74,
IC1343,,315.252750,-15.403694,1.02,G,0.43,173,
IC1344,,315.318542,-13.380278,1.15,G,0.52,50,
IC1345,,315.342500,-13.397611,0.48,G,0.41,158,
IC1346,,315.404250,-13.960694,1.23,G,0.62,98,
IC1347,,315.434958,-13.313306,1.42,G,0.65,2,
IC1348,,315.433792,-13.358000,0.37,G,0.26,155,
IC1349,,315.460208,-13.265500,0.72,G,0.43,51,
IC1350,,315.467875,-13.852667,0.91,G,0.56,160,
IC1351,,315.468500,-13.201861,0.74,G,0.23,25,
IC1352,,315.478750,-13.384083,0.50,G,0.30,30,
IC1353,,315.484667,-13.272833,0.45,G,0.35,134,
IC1355,,315.493292,-13.173000,0.40,G,0.34,50,
IC1356,,315.720833,-15.811583,0.82,G,0.58,163,
IC1357,,316.488792,-10.716250,1.28,G,0.48,38,
IC1358,,316.622542,-16.204444,0.50,G,0.23,38,
IC1359,,317.179250,12.484278,1.16,G,0.49,171,
IC1360,,317.709667,5.071361,0.80,G,0.40,20,
IC1361,,317.871417,5.054333,0.78,G,0.55,48,
IC1362,,317.969375,2.328972,0.62,G,0.45,167,
IC1363,,317.668417,46.870056,,OCl,,,
IC1364,,318.352833,2.769722,1.07,G,0.78,124,
IC1365,,318.482958,2.565389,1.00,GGroup,,,
IC1365 NED01,,318.483000,2.565389,1.66,G,0.85,57,
IC1365 NED02,,318.477750,2.563806,1.38,G,0.81,74,
IC1366,,318.533417,1.776111,0.81,G,0.41,23,
IC1367,,318.540417,2.993806,0.65,G,0.50,152,
IC1368,,318.552458,2.178000,1.36,G,0.52,47,
IC1369,,318.037667,47.768500,5.10,OCl,,,
IC1370,,318.809458,2.192028,0.66,G,0.49,54,
IC1371,,320.065208,-4.876528,1.42,G,0.83,13,
IC1372,,320.071208,-5.604583,0.83,G,0.63,127,
IC1373,,320.155208,1.092417,0.89,G,0.61,38,
IC1374,,320.261042,1.712972,0.63,G,0.44,113,
IC1375,,320.249125,3.985417,0.58,G,0.37,125,
IC1376,,321.171250,-5.742444,,Other,,,
IC1377,,321.360958,4.314222,0.73,G,0.56,118,
IC1378,,320.715458,55.464306,,Other,,,
IC1379,,321.505250,3.097389,0.59,G,0.47,132,
IC1380,,321.795875,2.717667,0.68,G,0.58,145,
IC1381,,321.890417,-1.188611,0.90,G,0.59,69,
IC1383,,321.915167,-1.102167,0.62,G,0.22,126,
IC1384,,321.971125,-1.368556,0.77,G,0.63,63,
IC1385,,322.213292,-1.070111,0.59,G,0.53,141,
IC1386,,322.405958,-21.195694,0.97,G,0.77,131,
IC1387,,322.393625,-1.350917,0.48,G,0.46,15,
IC1388,,322.467417,-0.631278,0.82,G,0.41,137,
IC1389,,323.032667,-18.018361,0.81,G,0.49,119,
IC1390,,323.103250,-1.862528,0.65,G,0.61,102,
IC1391,,323.751667,-0.511444,0.64,G,0.49,84,
IC1392,,323.886208,35.398333,1.53,G,1.22,73,
IC1393,,325.059375,-22.411389,0.74,G,0.48,175,
IC1394,,325.054292,14.633028,1.23,G,1.15,37,
IC1395,,325.422542,4.104528,0.74,G,0.68,85,
IC1396,,324.740083,57.489056,14.00,Cl+N,4.00,,
IC1397,,326.009625,-4.884806,0.85,G,0.52,172,
IC1398,,326.464292,9.475333,0.76,G,0.43,70,
IC1399,,326.537125,4.402222,0.68,G,0.46,162,
IC1400,,326.067833,52.967028,,*Ass,,,
IC1401,,326.747875,1.712750,1.68,G,0.56,180,
IC1402,,326.245708,53.262500,,*Ass,,,
IC1403,,327.621167,-2.716167,0.49,G,0.35,153,
IC1404,,327.734917,-9.266583,0.97,G,0.81,47,
IC1405,,327.707667,2.020806,0.87,G,0.63,117,
IC1406,,327.770292,1.987056,0.62,G,0.47,65,
IC1407,,328.097667,3.427167,0.76,G,0.56,84,
IC1408,,328.287583,-13.346778,1.00,G,0.52,33,
IC1409,,328.331667,-7.499861,0.69,G,0.43,28,
IC1410,,329.008917,-2.900278,0.83,G,0.54,132,
IC1411,,329.002458,-1.517056,0.87,G,0.56,36,
IC1412,,329.576917,-17.176167,1.27,G,0.71,102,
IC1413,,329.610875,-3.102417,0.93,G,0.26,74,
IC1414,,329.575208,8.423806,0.47,G,0.40,5,
IC1415,,329.677667,1.350361,,Other,,,
IC1416,,329.706167,1.451556,,Other,,,
IC1417,,330.090042,-13.147361,1.65,G,0.54,110,
IC1418,,330.499667,4.384333,0.86,G,0.86,160,
IC1419,,330.745167,-9.920972,0.54,G,0.30,164,
IC1420,,330.633208,19.750111,1.30,GPair,,,
IC1420 NED01,,330.630417,19.750361,1.32,G,1.07,0,
IC1420 NED02,,330.634500,19.750111,0.86,G,0.60,90,
IC1421,,330.766792,-9.978167,0.63,G,0.57,5,
IC1422,,330.750250,2.598889,0.46,G,0.30,142,
IC1423,,330.802875,4.297583,0.92,G,0.44,40,
IC1424,,330.789125,11.197139,,*,,,
IC1425,,330.852125,2.594917,0.79,G,0.62,98,
IC1426,,330.963667,-9.919306,,**,,,
IC1427,,330.896500,15.106778,1.14,G,0.83,103,
IC1428,,331.115292,2.630861,0.71,G,0.37,61,
IC1429,,331.760208,10.109222,,*,,,
IC1430,,331.874250,-13.581194,0.56,G,0.47,55,
IC1431,,331.915000,-13.513389,0.75,G,0.70,20,
IC1432,,332.516542,3.689583,0.44,G,0.28,30,
IC1433,,333.042500,-12.765278,1.00,GTrpl,,,
IC1433 NED01,,333.044333,-12.765583,0.83,G,0.41,99,
IC1433 NED02,,333.041042,-12.765611,0.18,G,0.15,90,
IC1433 NED03,,333.038417,-12.763139,0.21,G,0.19,111,
IC1434,,332.675667,52.850083,4.80,OCl,,,
IC1435,,333.359542,-22.096694,1.07,G,0.65,9,
IC1436,,333.464333,-10.191778,0.56,G,0.42,57,
IC1437,,333.937458,2.065944,1.08,G,0.94,52,
IC1438,,334.121208,-21.430694,2.33,G,2.16,119,
IC1439,,334.167250,-21.485944,1.25,G,0.65,28,
IC1440,,334.138417,-16.016444,1.67,G,0.48,76,
IC1441,,333.829750,37.301500,1.07,G,0.58,38,
IC1442,,334.005542,53.991333,4.20,OCl,,,
IC1443,,334.765250,-20.939917,1.55,G,1.21,42,
IC1444,,335.599667,5.139167,0.58,G,0.37,5,
IC1445,,336.376375,-17.243306,1.41,G,1.15,87,
IC1446,,337.269583,-1.184917,0.78,G,0.49,29,
IC1447,,337.499167,-5.119889,1.48,G,0.77,95,
IC1449,,338.779167,-8.765333,0.57,G,0.34,48,
IC1450,,339.491375,34.535500,,**,,,
IC1451,,341.531083,-10.369417,0.91,G,0.87,46,
IC1453,,341.725958,-13.449611,0.84,G,0.71,158,
IC1454,,340.604208,80.442222,0.47,PN,,,
IC1455,,343.441917,1.371972,1.00,G,0.56,40,
IC1456,,343.825792,-12.732000,0.95,G,0.21,125,
IC1457,,343.849000,-5.562750,,Other,,,
IC1459,,344.294208,-36.462222,4.61,G,3.23,43,
IC1460,,344.267000,4.677028,0.61,G,0.48,158,
IC1461,,344.642917,15.172778,0.60,G,0.55,12,
IC1462,,344.654792,8.441306,,*,,,
IC1463,,344.837208,-10.530861,,**,,,
IC1464,,345.798333,-8.990833,1.20,GPair,,,
IC1464A,,345.800333,-8.992972,0.26,G,0.15,81,
IC1464B,,345.796000,-8.989167,0.68,G,0.45,135,
IC1465,,345.721667,16.582472,,Other,,,
IC1466,,345.912708,-2.775444,0.60,G,0.50,124,
IC1467,,346.207125,-3.229944,0.79,G,0.38,3,
IC1468,,346.281542,-3.204500,1.06,G,0.49,171,
IC1469,,346.619458,-13.536583,0.45,G,0.36,105,
IC1470,,346.292542,60.244083,1.80,HII,1.80,90,
IC1471,,347.186875,-12.639444,1.07,G,0.65,169,
IC1472,,347.277833,17.259139,1.01,G,0.60,60,
IC1473,,347.772542,29.643444,1.74,G,0.85,176,
IC1474,,348.213625,5.806361,1.04,G,0.48,149,
IC1475,,348.509250,-28.422444,,Other,,,
IC1476,,348.568125,30.551472,0.91,G,0.91,165,
IC1479,,349.693375,-10.399250,1.16,G,0.96,25,
IC1481,,349.854667,5.906167,0.73,G,0.65,45,
IC1482,,350.206333,1.739028,0.81,G,0.63,135,
IC1484,,350.666417,11.384472,0.62,G,0.32,49,
IC1488,,351.410625,15.354417,1.08,G,0.24,172,
IC1489,,351.633875,-12.516500,0.54,G,0.52,25,
IC1490,,359.794667,-4.127000,1.45,G,0.84,83,
IC1491,,352.352875,-16.316611,0.77,G,0.42,150,
IC1492,,352.650417,-3.039917,1.47,G,1.11,32,
IC1493,,352.614625,14.458861,0.52,G,0.29,135,
IC1494,,352.692250,-12.724528,0.73,G,0.34,125,
IC1495,,352.698917,-13.485444,1.33,G,0.83,25,
IC1496,,352.722958,-2.934306,1.65,G,1.22,65,
IC1497,,352.208708,11.987000,,Other,,,
IC1498,,352.973542,-5.006972,2.24,G,0.57,3,
IC1499,,352.987625,-13.439694,,**,,,
IC1500,,353.289000,4.552528,0.47,G,0.38,20,
IC1501,,353.666917,-3.152833,1.48,G,0.67,133,
IC1502,,354.085500,75.648139,1.01,G,0.58,51,
IC1503,,354.612958,4.801417,0.90,G,0.43,71,
IC1504,,355.331208,4.017472,1.64,G,0.49,92,
IC1505,,355.404625,-3.565083,0.60,G,0.60,150,
IC1506,,356.201708,4.735667,0.91,G,0.56,135,
IC1507,,356.388208,1.688750,1.29,G,0.47,130,
IC1508,,356.479458,12.061750,0.76,G,0.37,169,
IC1509,,356.819500,-15.306417,1.29,G,0.22,11,
IC1510,,357.636667,2.073333,1.00,GGroup,,,
IC1510 NED01,,357.635417,2.074722,0.51,G,0.35,139,
IC1510 NED02,,357.637667,2.072361,0.68,G,0.49,16,
IC1511,,357.751875,27.060861,,*,,,
IC1512,,357.755958,27.027139,,*,,,
IC1513,,358.372417,11.317611,1.10,G,0.40,106,
IC1515,,359.016292,-0.988528,1.31,G,1.08,4,
IC1516,,359.029542,-0.916528,1.19,G,1.00,3,
IC1517,,359.078375,-0.305611,1.01,G,0.75,172,
IC1518,,359.275500,12.464972,0.50,G,0.37,88,
IC1519,,359.284875,12.457556,0.63,G,0.50,140,
IC1520,,359.476917,-14.039333,0.55,G,0.55,20,
IC1521,,359.748583,-7.146778,0.92,G,0.55,108,
IC1522,,359.764375,1.719889,0.76,G,0.29,13,
IC1523,,359.777500,6.873056,0.36,G,0.26,15,
IC1525,,359.815625,46.889667,1.79,G,1.24,26,
IC1526,,0.381333,11.345889,0.74,G,0.51,136,
IC1527,,0.590000,4.089750,0.91,G,0.65,132,
IC1528,,1.272375,-7.093417,2.15,G,0.85,73,
IC1529,,1.304875,-11.502806,1.15,G,0.94,22,
IC1531,,2.398250,-32.277000,1.89,G,1.31,124,
IC1532,,2.470000,-64.372083,1.83,G,0.54,73,
IC1533,,2.651708,-7.415139,,Other,,,
IC1534,,3.439333,48.151361,1.02,G,0.44,70,
IC1535,,3.488917,48.157972,0.99,G,0.29,170,
IC1536,,3.579208,48.143278,0.81,G,0.53,172,
IC1537,,3.963625,-39.262083,1.32,Other,0.59,80,
IC1538,,4.506500,30.029278,,Other,,,
IC1540,,4.953125,23.772611,0.97,G,0.41,28,
IC1541,,5.008167,21.999750,0.72,G,0.28,36,
IC1542,,5.171625,22.592444,0.53,G,0.43,70,
IC1543,,5.231042,21.866028,0.80,G,0.68,36,
IC1544,,5.322917,23.090861,1.10,G,0.77,143,
IC1545,,5.337125,21.983444,0.45,G,0.36,14,
IC1547,,5.398708,22.506444,,Other,,,
IC1548,,5.479833,22.006306,0.68,G,0.42,78,
IC1549,,5.707625,6.964278,1.45,G,1.45,150,
IC1550,,6.115208,38.185639,0.91,G,0.91,150,
IC1551,,6.897875,8.877500,2.42,G,0.68,3,
IC1552,,7.432125,21.476833,0.94,G,0.27,126,
IC1553,,8.167167,-25.607528,1.36,G,0.34,15,
IC1554,,8.280625,-32.258361,1.38,G,0.80,27,
IC1555,,8.636000,-30.017861,1.31,G,0.74,129,
IC1556,,8.762125,-9.368417,0.84,G,0.34,40,
IC1557,,8.893833,-2.876417,0.69,G,0.24,116,
IC1558,,8.946125,-25.374417,2.80,G,1.52,143,
IC1560,,9.413458,2.671556,,Other,,,
IC1561,,9.635375,-24.339944,1.41,G,0.51,103,
IC1562,,9.641500,-24.274056,1.50,G,1.41,49,
IC1564,,9.771375,6.021056,1.01,G,0.50,84,
IC1565,,9.859458,6.734250,1.80,G,1.76,20,
IC1566,,9.889000,6.815139,0.91,G,0.74,125,
IC1568,,9.983167,6.848583,1.15,G,0.87,76,
IC1569,,10.116750,6.719694,0.72,G,0.60,12,
IC1570,,10.142083,6.752667,0.58,G,0.27,4,
IC1571,,10.157708,-0.330667,1.05,G,0.84,14,
IC1572,,10.300417,16.237500,,Other,,,
IC1573,,10.543583,-23.591583,1.29,G,0.17,68,
IC1574,,10.765917,-22.246889,1.83,G,0.70,176,
IC1575,,10.889000,-4.117833,0.87,G,0.77,140,
IC1576,,11.058958,-25.109278,0.76,G,0.46,143,
IC1578,,11.108042,-25.076833,0.84,G,0.37,18,
IC1579,,11.385208,-26.565444,1.02,G,0.53,6,
IC1580,,11.588875,29.936611,,Other,,,
IC1581,,11.443000,-25.920167,1.00,G,0.20,48,
IC1582,,11.570083,-24.279333,1.21,G,0.30,47,
IC1583,,11.792917,23.073833,0.60,G,0.46,28,
IC1584,,11.827417,27.827667,1.38,G,1.20,95,
IC1585,,11.809583,23.053556,0.75,G,0.55,110,
IC1586,,11.984667,22.372889,0.28,G,0.23,20,
IC1587,,12.180417,-23.561667,1.16,G,0.44,30,
IC1588,,12.740458,-23.557944,0.69,G,0.35,153,
IC1589,,12.997333,-34.422056,,**,,,
IC1590,,13.209167,56.643028,6.30,Cl+N,,,
IC1592,,13.362667,5.770389,0.86,G,0.68,167,
IC1593,,13.665125,32.519472,,**,,,
IC1594,,13.438875,-47.647472,1.25,G,0.39,129,
IC1595,,13.446042,-45.186639,1.45,G,0.26,12,
IC1596,,13.678458,21.522639,1.88,G,0.75,118,
IC1597,,13.383708,-58.107139,1.61,G,0.42,152,
IC1598,,13.674042,5.773806,1.01,G,0.51,3,
IC1599,,13.636708,-23.494917,1.19,G,0.28,107,
IC1600,,13.767667,-23.524889,0.80,G,0.47,92,
IC1601,,13.895167,-24.153389,0.92,G,0.44,116,
IC1602,,13.966208,-9.985667,1.08,G,0.80,149,
IC1603,,14.248667,-45.412944,1.41,G,0.55,112,
IC1604,,14.495625,-16.230056,,Other,,,
IC1605,,14.406833,-48.902667,1.68,G,1.35,143,
IC1606,,14.592375,-12.178500,,Other,,,
IC1607,,14.703583,0.587250,0.94,G,0.76,138,
IC1608,,14.851542,-34.328944,2.05,G,0.68,171,
IC1609,,14.944250,-40.333556,1.13,G,0.99,44,
IC1610,,15.427417,-15.567778,1.59,G,1.41,110,
IC1611,,14.949583,-72.332333,1.50,OCl,1.50,,
IC1612,,14.994208,-72.370722,1.20,OCl,0.80,20,
IC1613,,16.199125,2.117778,18.32,G,17.14,50,
IC1614,,16.279000,33.189806,0.62,G,0.51,60,
IC1615,,16.029333,-51.133056,1.33,G,0.60,148,
IC1616,,16.234083,-27.429361,1.63,G,1.50,5,
IC1617,,16.070000,-51.032806,1.35,G,0.49,124,
IC1618,,16.483250,32.412167,0.86,G,0.46,156,
IC1619,,16.843500,33.067278,0.75,G,0.60,93,
IC1620,,16.809375,13.955111,0.96,G,0.68,87,
IC1621,,16.594292,-46.725500,1.38,G,0.43,3,
IC1622,,16.902792,-17.538639,0.70,G,0.56,160,
IC1623,,16.946583,-17.507028,1.20,GPair,,,
IC1623A,,16.944583,-17.507222,1.05,G,0.87,63,
IC1623B,,16.948167,-17.506972,0.80,G,0.60,12,
IC1624,,16.341000,-72.042528,0.90,OCl,0.90,,
IC1625,,16.927542,-46.907583,1.80,G,1.41,9,
IC1626,,16.555958,-73.296111,1.00,OCl,1.00,,
IC1627,,17.045167,-46.094056,1.62,G,0.64,139,
IC1628,,17.198042,-28.582333,1.65,G,1.53,112,
IC1629,,17.325833,2.567472,0.78,G,0.63,56,
IC1630,,17.069875,-46.754028,1.65,G,0.28,64,
IC1631,,17.186958,-46.475806,0.81,G,0.52,85,
IC1632,,17.680750,17.683250,0.23,G,0.22,5,
IC1633,,17.481583,-45.931194,2.90,G,2.16,97,
IC1634,,17.765792,17.663056,0.83,G,0.72,153,
IC1635,,17.764708,17.652028,1.15,G,0.65,148,
IC1636,,17.895667,33.365389,0.55,G,0.44,103,
IC1637,,17.754750,-30.438528,1.69,G,1.30,90,
IC1638,,18.090875,33.364528,0.75,G,0.68,105,
IC1639,,17.943958,-0.664361,0.76,G,0.70,100,
IC1640,,17.963750,-0.630361,0.18,G,0.18,20,
IC1641,,17.413292,-71.768972,0.75,OCl,0.65,40,
IC1643,,18.035958,-0.410194,0.90,G,0.67,79,
IC1644,,17.304208,-73.194111,0.80,HII,0.65,40,
IC1645,,18.113917,15.750083,0.86,G,0.77,11,
IC1646,,18.182625,15.707806,0.65,G,0.61,17,
IC1647,,18.310875,38.885278,0.90,G,0.40,40,
IC1648,,18.425500,33.218222,0.40,G,0.40,155,
IC1649,,17.962250,-55.857333,1.90,G,0.31,136,
IC1650,,18.079542,-50.401722,1.32,G,0.65,62,
IC1651,,18.364833,2.069167,,Other,,,
IC1652,,18.734417,31.948500,1.32,G,0.17,170,
IC1654,,18.799500,30.194833,0.99,G,0.46,50,
IC1655,,17.975417,-71.330611,1.70,OCl,1.50,50,
IC1657,,18.529250,-32.650889,2.32,G,0.52,170,
IC1659,,19.025083,30.349083,0.83,G,0.74,18,
IC1660,,18.156958,-71.761750,1.10,OCl,1.10,,
IC1662,,18.136458,-73.456750,1.20,OCl,1.20,,
IC1664,,18.577125,-69.811528,,Other,,,
IC1665,,19.437125,34.701667,,Other,,,
IC1666,,19.972458,32.467333,0.93,G,0.86,73,
IC1667,,19.676458,-17.050222,0.96,G,0.68,45,
IC1668,,19.721250,33.173056,0.34,G,0.24,50,
IC1669,,20.028500,33.184750,0.77,G,0.26,5,
IC1670,,19.711667,-16.802778,3.00,GPair,,,
IC1670A,,19.703500,-16.803444,1.60,G,0.56,114,
IC1670B,,19.720208,-16.803444,1.99,G,0.44,102,
IC1672,,20.159167,29.698833,1.42,G,1.00,138,
IC1673,,20.193125,33.044944,0.54,G,0.54,70,
IC1674,,19.826833,-50.963583,0.52,G,0.29,23,
IC1675,,20.249583,34.248611,0.72,G,0.23,58,
IC1676,,20.244125,30.259472,0.59,G,0.44,179,
IC1677,,20.279542,33.216139,0.65,G,0.30,129,
IC1678,,20.260542,5.560528,0.34,G,0.24,145,
IC1679,,20.435833,33.493611,0.60,G,0.51,46,
IC1680,,20.463333,33.282500,0.70,G,0.53,103,
IC1681,,20.338833,0.090389,1.00,G,0.49,101,
IC1682,,20.555417,33.260278,0.86,G,0.40,119,
IC1683,,20.662500,34.436944,1.32,G,0.57,173,
IC1684,,20.721667,33.413611,0.68,G,0.45,124,
IC1685,,20.777500,33.189444,0.40,G,0.30,165,
IC1687,,20.829583,33.275278,0.68,G,0.48,0,
IC1688,,20.867083,33.083056,0.38,G,0.31,64,
IC1689,,20.949417,33.055333,0.62,G,0.41,171,
IC1690,,20.956417,33.156278,0.49,G,0.26,130,
IC1691,,21.107500,33.406944,0.46,G,0.39,122,
IC1692,,21.164833,33.235806,0.50,G,0.36,144,
IC1693,,21.010000,-1.657028,0.65,G,0.27,162,
IC1694,,21.199167,1.607167,1.12,G,0.71,4,
IC1695,,21.281792,8.699500,1.84,G,1.08,86,
IC1696,,21.218167,-1.617056,0.83,G,0.75,16,
IC1697,,21.262250,0.444361,0.81,G,0.46,104,
IC1698,,21.342250,14.838722,1.87,G,0.76,117,
IC1701,,21.460000,18.184472,0.79,G,0.60,92,
IC1702,,21.484542,16.601806,1.13,G,0.68,172,
IC1704,,21.789708,14.776278,1.08,G,0.76,162,
IC1705,,21.686833,-3.501472,0.63,G,0.48,107,
IC1706,,21.879250,14.819556,0.50,G,0.48,85,
IC1707,,22.001333,37.117056,,Other,,,
IC1708,,21.233667,-71.184444,1.20,OCl,1.20,,
IC1711,,22.730250,17.188556,2.49,G,0.48,42,
IC1713,,23.182500,35.324472,,*,,,
IC1714,,23.221542,-13.024972,0.62,G,0.50,94,
IC1715,,23.392250,12.585444,0.65,G,0.50,95,
IC1716,,23.361875,-12.307944,,*,,,
IC1717,,23.126375,-67.536833,,Other,,,
IC1718,,24.611458,33.366528,0.68,G,0.38,120,
IC1719,,24.399667,-33.924083,1.49,G,1.08,173,
IC1720,,25.089958,-28.912750,1.21,G,0.91,155,
IC1721,,25.351833,8.525528,1.05,G,0.46,100,
IC1722,,25.761292,-34.187722,1.52,G,0.39,51,
IC1723,,25.809083,8.889361,2.45,G,0.50,28,
IC1724,,25.790333,-34.241889,1.29,G,0.50,126,
IC1725,,26.299292,21.776556,0.52,G,0.45,60,
IC1726,,26.331958,4.618528,0.30,G,0.30,35,
IC1727,,26.874542,27.333361,6.52,G,2.44,150,
IC1728,,26.935375,-33.601500,1.29,G,0.80,6,
IC1729,,26.980250,-26.892139,2.22,G,1.25,142,
IC1730,,27.491417,22.012111,0.75,G,0.48,64,
IC1731,,27.551417,27.196167,1.45,G,0.80,134,
IC1732,,27.699583,35.932750,1.32,G,0.38,61,
IC1733,,27.678708,33.082028,1.54,G,1.43,70,
IC1734,,27.321042,-32.742611,1.63,G,1.52,21,
IC1735,,27.715583,33.092333,0.85,G,0.69,157,
IC1736,,27.721667,18.302778,1.04,G,0.28,35,
IC1737,,27.928000,36.251194,,Other,,,
IC1738,,27.782917,-9.792028,0.93,G,0.69,76,
IC1739,,27.623333,-34.055583,0.88,G,0.55,86,
IC1740,,27.214833,-30.085972,,**,,,
IC1741,,27.986375,-16.788028,1.05,G,0.58,168,
IC1742,,28.309292,22.721389,0.68,G,0.46,48,
IC1745,,28.246208,-16.669000,0.75,G,0.31,138,
IC1746,,28.601292,4.803889,1.58,G,0.47,95,
IC1747,,29.398875,63.321778,0.22,PN,,,
IC1748,,29.036917,17.641278,0.69,G,0.49,122,
IC1749,,29.046250,6.744944,1.06,G,0.69,150,
IC1750,,29.077333,4.076278,1.02,G,0.18,64,
IC1752,,29.314250,28.613500,0.62,G,0.28,123,
IC1753,,29.330458,28.589250,0.84,G,0.57,140,
IC1754,,29.207833,4.025611,0.92,G,0.92,80,
IC1755,,29.290792,14.549889,1.46,G,0.37,155,
IC1756,,29.272250,-0.468250,1.31,G,0.24,154,
IC1757,,29.297333,-0.473972,0.40,G,0.24,55,
IC1758,,29.218708,-16.542056,0.56,G,0.20,50,
IC1759,,29.480667,-32.987056,1.47,G,1.26,11,
IC1760,,29.352833,-31.988333,0.62,G,0.41,172,
IC1761,,29.717875,0.568306,0.63,G,0.28,47,
IC1762,,29.452667,-33.239806,1.69,G,0.55,43,
IC1763,,29.798958,-27.810694,1.09,G,0.92,45,
IC1764,,30.097375,24.580556,1.20,G,0.87,10,
IC1767,,29.997417,-11.078972,1.69,G,0.56,75,
IC1768,,30.207792,-25.026694,1.45,G,1.20,47,
IC1769,,30.228833,-31.919778,0.93,G,0.26,76,
IC1770,,30.559958,9.980944,1.41,G,1.36,50,
IC1771,,30.566083,9.968583,0.75,G,0.75,175,
IC1772,,30.678875,7.745528,0.68,G,0.68,0,
IC1774,,30.995833,15.318056,1.41,G,0.66,127,
IC1775,,31.323083,13.505722,0.75,G,0.67,167,
IC1776,,31.313417,6.106833,1.26,G,1.00,172,
IC1777,,31.536250,15.209472,0.91,G,0.91,130,
IC1779,,31.608042,3.705972,0.37,G,0.28,105,
IC1780,,31.713167,14.721917,0.64,G,0.37,9,
IC1781,,31.719958,-0.518083,0.68,G,0.52,126,
IC1783,,32.525542,-32.939861,1.98,G,0.80,4,
IC1784,,34.053292,32.649500,1.40,G,0.74,94,
IC1785,,34.087667,32.666528,0.81,G,0.44,146,
IC1786,,34.023458,5.145472,0.66,G,0.43,154,
IC1788,,33.958167,-31.201000,2.53,G,1.07,28,
IC1789,,34.463250,32.396028,1.95,G,0.42,30,
IC1790,,34.407458,12.508972,0.82,G,0.28,63,
IC1791,,34.422250,12.470611,1.09,G,1.08,95,
IC1792,,34.754542,34.462389,1.39,G,0.96,26,
IC1793,,35.385000,32.544500,1.28,G,0.63,36,
IC1794,,35.375708,15.761639,0.93,G,0.71,90,
IC1795,,36.633167,62.041639,12.00,HII,12.00,,
IC1796,,35.697167,-41.371083,1.07,G,0.70,86,
IC1797,,36.366208,20.395333,0.97,G,0.37,142,
IC1798,,36.564625,13.430778,0.31,G,0.21,100,
IC1799,,37.191292,45.970639,0.79,G,0.37,40,
IC1800,,37.129833,31.409667,,Other,,,
IC1801,,37.053125,19.583333,1.18,G,0.54,30,
IC1802,,37.308250,23.082694,0.98,G,0.79,105,
IC1803,,37.458083,23.108583,0.46,G,0.46,35,
IC1804,,37.476750,23.097083,0.97,G,0.86,136,
IC1805,,38.172958,61.456889,60.00,Cl+N,60.00,,
IC1806,,37.395625,22.943222,0.63,G,0.47,156,
IC1807,,37.629167,22.949722,0.56,G,0.49,24,
IC1809,,37.918125,22.917194,0.85,G,0.51,50,
IC1810,,37.361792,-43.076333,1.37,G,0.97,150,
IC1811,,37.659125,-34.264167,1.15,G,0.68,7,
IC1812,,37.382417,-42.811361,2.08,G,1.60,35,
IC1813,,37.706208,-34.220889,1.13,G,0.75,100,
IC1815,,38.583333,32.429472,1.35,G,1.20,123,
IC1816,,37.962500,-36.672056,1.26,G,1.22,125,
IC1817,,38.459167,11.203333,0.90,GPair,,,
IC1817 NED01,,38.456667,11.203306,0.49,G,0.25,12,
IC1817 NED02,,38.461583,11.203500,0.67,G,0.43,161,
IC1818,,38.529750,-11.040750,0.83,G,0.71,78,
IC1819,,38.924292,4.051806,2.01,G,0.62,25,
IC1820,,38.969458,6.040611,0.53,G,0.28,65,
IC1821,,39.108875,13.779556,1.00,GPair,,,
IC1821 NED01,,39.105875,13.780167,0.70,G,0.30,45,
IC1821 NED02,,39.111250,13.778917,0.26,G,0.20,0,
IC1822,,38.926458,-8.562806,,*,,,
IC1823,,39.654083,32.069694,1.38,G,0.83,78,
IC1825,,39.731792,9.097361,1.15,G,0.79,22,
IC1826,,39.764792,-27.443139,2.06,G,1.81,107,
IC1827,,39.943583,1.558278,1.09,G,0.23,154,
IC1829,,40.136625,14.297944,0.94,G,0.73,26,
IC1831,,40.985000,62.411639,120.23,Neb,,,
IC1832,,40.490250,19.030083,0.74,G,0.69,140,
IC1833,,40.411250,-28.171278,1.43,G,0.74,64,
IC1834,,40.700375,3.084167,0.69,G,0.61,16,
IC1835,,40.954792,14.889583,0.72,GGroup,0.58,28,
IC1836,,40.847750,3.105389,0.63,G,0.50,42,
IC1838,,41.179125,19.455111,0.64,G,0.23,175,
IC1839,,41.178792,15.240083,0.97,G,0.40,96,
IC1841,,41.400958,18.928917,0.64,G,0.48,50,
IC1842,,41.347583,11.458111,1.07,G,0.30,20,
IC1843,,41.352583,2.880528,1.04,G,0.63,74,
IC1844,,41.455833,3.230306,0.94,G,0.37,97,
IC1845,,40.987083,-27.968917,,**,,,
IC1847,,41.973625,14.505111,0.56,G,0.47,131,
IC1848,,42.794125,60.402472,40.00,Cl+N,10.00,,
IC1849,,41.935958,9.356806,0.83,G,0.46,90,
IC1851,,42.941333,58.314306,,*,,,
IC1853,,42.017792,-13.993111,1.39,G,0.39,94,
IC1854,,42.336333,19.303917,0.52,G,0.43,154,
IC1855,,42.267958,13.442889,0.45,G,0.31,40,
IC1856,,42.211667,-0.767389,1.14,G,0.51,56,
IC1857,,42.412167,14.619806,0.79,G,0.43,149,
IC1858,,42.285042,-31.289583,1.88,G,0.86,174,
IC1859,,42.266333,-31.172500,1.30,G,0.85,15,
IC1860,,42.390458,-31.189111,2.64,G,1.80,4,
IC1861,,43.279083,25.490389,1.28,G,0.80,150,
IC1862,,42.995000,-33.340167,2.67,G,0.59,4,
IC1863,,43.711417,8.784389,0.60,G,0.60,180,
IC1864,,43.413792,-34.197639,1.30,G,0.76,63,
IC1865,,43.834083,8.828167,1.30,G,1.01,91,
IC1866,,43.720792,-15.652556,1.01,G,0.81,84,
IC1867,,43.967625,9.311833,1.52,G,1.17,17,
IC1868,,44.024375,9.378833,0.40,G,0.36,35,
IC1869,,44.548708,5.836583,0.70,G,0.27,124,
IC1870,,44.473042,-2.347083,1.55,G,0.90,133,
IC1871,,44.340792,60.672361,4.00,HII,4.00,,
IC1872,,46.144208,42.810667,,Other,,,
IC1873,,45.970333,9.613250,1.17,G,0.46,26,
IC1874,,46.591583,36.014528,0.94,G,0.66,85,
IC1875,,45.986000,-39.440417,1.57,G,0.87,19,
IC1876,,46.134542,-27.460500,1.16,G,1.12,7,
IC1877,,45.789917,-50.511917,0.90,G,0.20,153,
IC1878,,45.917500,-52.108028,0.58,G,0.39,180,
IC1879,,45.968542,-52.117750,1.21,G,0.23,137,
IC1880,,46.619250,-9.731472,1.85,G,1.09,34,
IC1882,,46.955417,3.147889,1.14,G,0.39,22,
IC1885,,46.668458,-32.863639,1.45,G,0.46,137,
IC1886,,47.013500,-4.399833,1.11,G,0.88,1,
IC1890,,47.493458,19.208056,1.02,G,1.02,150,
IC1891,,47.550083,19.606556,0.44,G,0.34,44,
IC1892,,47.113458,-23.055778,1.78,G,0.98,12,
IC1893,,47.569042,19.616861,0.39,G,0.25,54,
IC1894,,47.606125,19.606611,0.78,G,0.52,3,
IC1895,,47.400917,-25.253583,1.40,G,1.05,164,
IC1896,,46.968833,-54.214472,0.81,G,0.31,18,
IC1897,,47.691375,-10.796056,0.99,G,0.57,31,
IC1898,,47.582458,-22.404861,3.66,G,0.65,73,
IC1899,,48.054625,-25.304917,1.32,G,0.39,161,
IC1900,,48.980125,37.154111,0.83,G,0.65,92,
IC1901,,49.010875,37.112444,0.91,G,0.27,164,
IC1902,,49.051750,37.177444,0.69,G,0.43,67,
IC1903,,48.293125,-50.569833,1.90,GPair,,,
IC1903 NED01,,48.285667,-50.562611,0.48,G,0.15,60,
IC1903 NED02,,48.302292,-50.577750,0.65,G,0.23,0,
IC1904,,48.753208,-30.708028,1.37,G,0.61,102,
IC1905,,49.700000,41.365444,,Other,,,
IC1906,,49.023542,-34.360639,1.21,G,0.51,64,
IC1908,,48.772083,-54.819972,1.23,G,0.68,68,
IC1909,,49.333417,-33.690056,1.25,G,0.68,60,
IC1910,,49.490792,-21.434750,,Other,,,
IC1911,,50.204917,35.321806,,*,,,
IC1912,,49.180958,-50.654889,1.05,G,0.21,6,
IC1913,,49.893917,-32.465028,1.96,G,0.41,149,
IC1914,,49.855167,-49.599722,1.95,G,1.45,112,
IC1915,,49.966458,-50.691194,0.61,G,0.52,29,
IC1916,,50.068833,-49.041917,0.86,G,0.55,81,
IC1917,,50.551500,-53.185194,0.83,G,0.47,12,
IC1918,,51.574542,4.541028,0.60,G,0.20,150,
IC1919,,51.509333,-32.894556,1.73,G,1.08,84,
IC1920,,51.101667,-52.713583,0.56,G,0.41,148,
IC1921,,51.175458,-50.698000,,Other,,,
IC1922,,51.179292,-50.740528,0.41,G,0.28,31,
IC1923,,51.219333,-50.555833,,Other,,,
IC1923 NED01,,51.220458,-50.555556,0.30,G,0.19,91,
IC1923 NED02,,51.215708,-50.555694,,*,,,
IC1924,,51.281958,-51.703444,0.74,G,0.30,76,
IC1925,,51.315375,-51.256889,,Other,,,
IC1926,,51.329292,-51.701056,0.55,G,0.21,81,
IC1927,,51.332042,-51.719444,,**,,,
IC1928,,51.871583,-21.560167,1.77,G,0.46,30,
IC1929,,51.357708,-51.267194,0.94,G,0.59,139,
IC1930,,52.192750,4.383556,0.76,G,0.62,14,
IC1931,,52.240500,1.750722,0.80,G,0.76,78,
IC1932,,51.475125,-51.343167,0.94,G,0.41,15,
IC1933,,51.416208,-52.785500,2.27,G,1.21,54,
IC1934,,52.808417,42.792278,0.99,G,0.51,135,
IC1935,,51.555417,-50.010444,1.00,G,0.71,67,
IC1936,,51.616833,-51.323194,0.64,G,0.30,146,
IC1937,,51.698500,-48.702556,0.89,G,0.54,58,
IC1938,,51.793500,-53.009889,0.82,G,0.61,82,
IC1939,,51.935708,-51.070917,,Other,,,
IC1940,,51.926417,-52.139444,0.96,G,0.87,37,
IC1941,,53.062250,24.383722,,Other,,,
IC1942,,51.972083,-52.676944,0.70,GPair,,,
IC1942 NED01,,51.969792,-52.677472,0.39,G,0.12,179,
IC1942 NED02,,51.974625,-52.675806,0.89,G,0.69,10,
IC1944,,52.416667,-47.996167,0.50,G,0.36,15,
IC1945,,52.319000,-52.627167,0.81,G,0.26,127,
IC1946,,52.342458,-52.619333,0.91,G,0.45,64,
IC1947,,52.636750,-50.338528,0.58,G,0.49,131,
IC1948,,52.708542,-47.964861,0.83,G,0.64,162,
IC1949,,52.720083,-47.979250,1.18,G,0.87,16,
IC1950,,52.768833,-50.433417,1.56,G,0.42,153,
IC1951,,52.734708,-53.126194,0.54,G,0.16,56,
IC1952,,53.361125,-23.712778,2.58,G,0.55,140,
IC1953,,53.424458,-21.478639,2.26,G,1.19,125,
IC1954,,52.880792,-51.904833,2.99,G,1.71,60,
IC1955,,52.852833,-57.241861,0.68,G,0.55,176,
IC1956,,53.888208,5.067000,1.32,G,0.47,33,
IC1957,,53.056167,-52.456639,1.02,G,0.18,33,
IC1958,,53.193375,-51.441694,0.46,G,0.27,79,
IC1959,,53.302458,-50.414250,3.05,G,0.72,148,
IC1960,,53.137375,-57.206611,1.13,G,0.27,111,
IC1961,,53.388958,-48.950639,0.63,G,0.42,19,
IC1962,,53.906208,-21.294056,2.25,G,0.50,1,
IC1964,,53.375333,-53.173139,0.55,G,0.34,92,
IC1965,,53.296000,-56.554083,0.96,G,0.63,117,
IC1966,,53.514125,-51.322250,0.58,G,0.25,114,
IC1967,,54.448833,3.271028,0.83,G,0.44,64,
IC1968,,53.657458,-50.651278,0.46,G,0.35,97,
IC1969,,54.057750,-45.179611,1.32,G,0.35,39,
IC1970,,54.131333,-43.956833,2.99,G,0.76,75,
IC1971,,53.989125,-52.651250,0.78,G,0.38,173,
IC1972,,54.088833,-51.968139,0.69,G,0.20,152,
IC1973,,54.087583,-51.994167,0.50,G,0.19,10,
IC1974,,54.176000,-49.550278,0.78,G,0.36,159,
IC1975,,54.764792,-15.500139,0.42,G,0.38,65,
IC1976,,54.286500,-47.437917,0.80,G,0.59,128,
IC1977,,55.188000,17.741167,0.85,G,0.62,180,
IC1978,,54.273292,-50.150833,1.21,G,0.20,8,
IC1979,,54.192792,-57.944556,,**,,,
IC1980,,54.245792,-57.973861,1.27,G,0.41,21,
IC1982,,54.426958,-57.776278,0.49,G,0.39,61,
IC1984,,54.959292,-47.075833,0.75,G,0.25,139,
IC1986,,55.146458,-45.355806,1.27,G,0.23,102,
IC1987,,55.046958,-55.054806,1.40,GGroup,,,
IC1987 NED01,,55.040375,-55.054889,0.56,G,0.32,147,
IC1987 NED02,,55.048083,-55.059083,0.78,G,0.28,11,
IC1987 NED03,,55.050167,-55.053444,0.79,G,0.79,0,
IC1987 NED04,,55.050875,-55.056278,0.20,G,0.19,28,
IC1988,,55.690042,-39.887111,,Other,,,
IC1989,,55.477792,-50.957806,1.37,G,0.76,132,
IC1990,,56.807625,24.333889,,Neb,,,
IC1991,,56.194958,-51.523417,0.84,G,0.28,40,
IC1992,,56.283500,-51.004694,,Other,,,
IC1993,,56.770042,-33.709861,2.81,G,2.48,57,
IC1994,,56.479375,-51.643333,0.73,G,0.22,4,
IC1995,,57.577250,25.580778,2.00,Neb,2.00,90,
IC1996,,56.282042,-57.324806,0.92,G,0.21,102,
IC1997,,56.216250,-59.137667,1.01,G,0.70,76,
IC1998,,57.880500,1.189806,0.77,G,0.61,12,
IC1999,,56.928500,-56.952083,0.79,G,0.68,148,
IC2000,,57.282250,-48.858194,4.88,G,0.85,82,
IC2001,,57.715500,-48.599639,,**,,,
IC2003,,59.091792,33.874861,0.14,PN,,,
IC2004,,57.940542,-49.419611,0.91,G,0.68,46,
IC2005,,59.414750,36.787472,0.34,G,0.23,47,
IC2006,,58.618542,-35.967139,2.36,G,1.98,35,
IC2007,,58.844833,-28.158333,1.29,G,0.60,48,
IC2009,,58.395208,-48.989472,1.50,G,0.99,66,
IC2010,,57.991792,-59.929361,1.19,G,0.48,71,
IC2011,,58.113125,-57.468417,,**,,,
IC2012,,58.230500,-58.651000,0.70,GPair,,,
IC2012 NED01,,58.230250,-58.649556,0.51,G,0.42,18,
IC2013,,59.183583,-17.109500,,Other,,,
IC2014,,58.840333,-56.746306,0.63,G,0.47,18,
IC2015,,59.547583,-40.389139,0.59,G,0.44,102,
IC2016,,60.499458,20.240444,0.51,G,0.25,2,
IC2017,,59.164042,-59.394750,1.11,G,0.74,21,
IC2018,,59.477208,-52.781111,0.79,G,0.55,137,
IC2019,,60.473542,5.639444,0.84,G,0.47,64,
IC2020,,59.721417,-54.057611,0.67,G,0.53,58,
IC2021,,59.849708,-52.656722,0.65,G,0.49,123,
IC2022,,59.666708,-59.043667,1.10,G,0.24,1,
IC2023,,59.919292,-52.681139,0.59,G,0.44,43,
IC2024,,60.017250,-53.371000,1.10,G,0.26,30,
IC2025,,60.096583,-53.065611,1.16,G,0.25,124,
IC2027,,61.664958,37.115750,0.94,G,0.78,100,
IC2028,,60.325958,-52.707444,0.86,G,0.52,54,
IC2029,,60.324792,-52.800778,1.03,G,0.40,180,
IC2030,,61.234542,-19.231472,,Other,,,
IC2031,,61.561333,-5.651889,0.56,G,0.48,103,
IC2032,,61.762667,-55.323833,1.12,G,0.41,75,
IC2033,,61.810083,-53.680917,1.19,G,0.47,127,
IC2034,,61.653458,-57.961389,1.35,G,0.20,119,
IC2035,,62.257792,-45.517528,1.41,G,1.17,84,
IC2036,,62.479583,-39.688694,1.12,G,0.73,84,
IC2037,,62.079167,-58.751167,1.74,G,0.30,90,
IC2038,,62.223958,-55.989556,1.85,G,0.49,155,
IC2039,,62.259875,-56.011694,1.09,G,0.93,124,
IC2040,,63.249042,-32.553278,1.35,G,0.66,68,
IC2041,,63.145417,-32.817361,1.07,G,0.74,136,
IC2042,,62.930250,-47.270083,,*,,,
IC2043,,62.789375,-53.686639,1.43,G,0.27,12,
IC2044,,62.808208,-54.532556,0.62,G,0.38,54,
IC2045,,63.650042,-13.174917,0.91,G,0.68,126,
IC2046,,62.852250,-54.673194,0.82,G,0.56,104,
IC2049,,63.017833,-58.557000,1.06,G,0.80,10,
IC2050,,63.483875,-53.475361,1.17,G,0.82,36,
IC2051,,58.003458,-83.830694,2.86,G,1.72,68,
IC2052,,63.743833,-54.336194,1.06,G,0.39,165,
IC2053,,63.981750,-49.358333,0.53,G,0.48,73,
IC2054,,61.859750,-78.253306,0.46,G,0.42,115,
IC2055,,64.452167,-48.924111,,Other,,,
IC2056,,64.102250,-60.206806,1.85,G,1.61,14,
IC2057,,65.483708,4.048639,0.63,G,0.52,65,
IC2058,,64.476458,-55.932889,3.40,G,0.48,18,
IC2059,,65.109583,-31.724583,1.34,G,0.55,170,
IC2060,,64.472333,-56.616250,1.25,G,0.82,158,
IC2061,,66.000542,21.083194,,Other,,,
IC2062,,68.007750,71.919861,,*,,,
IC2063,,65.668000,-15.660500,0.87,G,0.48,174,
IC2064,,65.861417,-15.685167,0.53,G,0.47,47,
IC2065,,65.366583,-55.933306,1.19,G,0.39,36,
IC2066,,65.884708,-54.733389,0.86,G,0.64,133,
IC2067,,67.712625,35.446167,,Neb,,,
IC2068,,66.653667,-42.093722,1.29,G,0.91,171,
IC2069,,66.483917,-48.208056,,Other,,,
IC2070,,66.148708,-57.980889,1.44,G,0.67,88,
IC2071,,66.554958,-53.152111,1.20,GGroup,,,
IC2072,,66.727500,-48.377500,,Other,,,
IC2073,,66.641000,-53.187333,1.43,G,0.58,50,
IC2074,,67.845958,7.702611,,Other,,,
IC2076,,67.032542,-48.228861,,Other,,,
IC2078,,67.967583,-4.698694,,*,,,
IC2079,,67.128417,-53.737917,1.40,G,0.39,125,
IC2080,,67.967292,-5.756833,0.78,G,0.47,15,
IC2081,,67.253750,-53.613694,1.00,G,0.77,75,
IC2082,,67.281667,-53.827222,1.40,GPair,,,
IC2082 NED01,,67.284208,-53.827944,1.23,G,0.58,125,
IC2082 NED02,,67.279250,-53.826694,1.02,G,0.55,123,
IC2083,,67.684458,-53.980833,0.95,G,0.51,102,
IC2084,,68.025708,-48.288306,,Other,,,
IC2085,,67.851000,-54.416833,2.45,G,0.54,112,
IC2086,,67.884042,-53.647639,0.64,G,0.57,141,
IC2087,,69.999875,25.742222,4.00,Neb,4.00,,
IC2088,,67.769000,26.607028,,Neb,,,
IC2089,,68.210167,-75.539444,0.99,G,0.88,36,
IC2090,,71.183625,-33.994083,,Other,,,
IC2091,,71.663417,-4.671806,,Other,,,
IC2092,,71.698417,-4.943361,,Other,,,
IC2093,,71.884500,-2.709028,,*,,,
IC2094,,72.103458,-5.352639,1.04,G,0.27,71,
IC2095,,72.190125,-5.124806,1.46,G,0.20,55,
IC2096,,72.420250,-4.978639,,Other,,,
IC2097,,72.600917,-5.081222,1.16,G,0.29,116,
IC2098,,72.684625,-5.418667,2.45,G,0.33,96,
IC2100,,72.812250,-4.830917,,**,,,
IC2101,,72.926000,-6.231444,1.76,G,0.38,152,
IC2102,,72.980500,-4.951611,1.28,G,1.14,65,
IC2103,,69.950208,-76.836806,2.02,G,0.34,88,
IC2104,,74.079000,-15.797889,2.11,G,1.14,100,
IC2105,,72.361083,-69.200917,0.65,Cl+N,0.60,170,
IC2106,,74.141208,-28.503917,1.79,G,1.04,156,
IC2109,,74.746583,-0.305306,,*,,,
IC2110,,74.757500,-0.302639,,*,,,
IC2111,,72.967167,-69.392167,0.65,Cl+N,0.55,130,
IC2112,,75.125625,4.386528,0.32,G,0.21,26,
IC2115,,74.286333,-66.390194,,*,,,
IC2116,,74.317750,-66.389028,0.60,HII,0.60,,
IC2117,,74.313375,-68.441472,1.00,Cl+N,0.90,110,
IC2119,,76.712292,-20.345194,1.20,G,0.63,54,
IC2120,,79.792917,38.185000,,Other,,,
IC2122,,79.755833,-37.089389,1.75,G,1.51,66,
IC2125,,81.117167,-27.016056,1.02,G,0.75,126,
IC2128,,80.684042,-68.061083,4.80,Cl+N,3.60,40,
IC2129,,82.960292,-23.145056,1.82,G,0.88,103,
IC2132,,83.119458,-13.927111,1.88,G,0.62,175,
IC2134,,80.774333,-75.446833,1.40,GCl,1.40,,
IC2135,,83.303750,-36.398833,3.24,G,0.66,110,
IC2137,,83.590333,-23.533333,1.29,G,0.81,83,
IC2139,,83.817625,-17.933667,,*Ass,,,
IC2140,,83.341292,-75.375361,2.30,GCl,2.30,,
IC2141,,85.593083,-51.032861,,*Ass,,,
IC2142,,83.288167,-78.019417,0.86,G,0.48,27,
IC2143,,86.719208,-18.726389,1.90,G,0.92,99,
IC2144,,87.557875,23.872417,1.00,HII,1.00,0,
IC2145,,85.103125,-69.670306,0.19,Neb,,,
IC2146,,84.445542,-74.783194,3.30,GCl,3.30,,
IC2147,,85.866917,-30.495028,1.56,G,1.29,86,
IC2148,,84.799417,-75.562444,1.30,GCl,1.30,,
IC2149,,89.099542,46.104778,0.14,PN,,,
IC2150,,87.827333,-38.320472,2.90,G,0.80,83,
IC2151,,88.151792,-17.787278,1.24,G,0.64,93,
IC2152,,89.472542,-23.180778,1.65,G,1.15,50,
IC2153,,90.021583,-33.919750,1.00,GPair,,,
IC2153 NED01,,90.017625,-33.920083,1.15,G,0.89,68,
IC2153 NED02,,90.022667,-33.918194,1.08,G,0.84,69,
IC2155,,90.160125,-33.997333,0.37,G,0.23,3,
IC2156,,91.218375,24.158444,,OCl,,,
IC2157,,91.198250,24.071028,2.70,OCl,,,
IC2158,,91.324833,-27.856972,1.36,G,1.08,115,
IC2159,,92.490083,20.431389,,Neb,,,
IC2160,,88.869000,-76.920250,1.80,G,0.89,108,
IC2161,,89.353583,-75.139472,1.60,GCl,1.60,,
IC2162,,93.269583,17.980083,4.00,HII,4.00,,
IC2163,,94.116583,-21.375861,3.37,G,0.95,103,
IC2164,,91.717750,-75.364694,1.15,G,0.97,122,
IC2165,,95.427917,-12.987222,0.15,PN,,,
IC2166,,96.731833,59.080083,2.20,G,1.08,116,
IC2168,,98.448833,44.685472,,**,,,
IC2170,,98.520458,44.688444,,Other,,,
IC2171,,101.115375,-17.932472,1.63,G,0.34,91,
IC2173,,102.696500,33.458056,,*,,,
IC2174,,107.273375,75.353028,0.78,G,0.78,125,
IC2175,,107.165250,35.288250,,**,,,
IC2176,,106.882625,32.469750,0.93,G,0.76,180,
IC2177,,106.153792,-10.471056,20.00,RfN,20.00,,
IC2178,,106.906917,32.512389,0.59,G,0.35,140,
IC2179,,108.884625,64.926194,0.85,G,0.79,95,
IC2180,,107.831583,26.371528,0.90,G,0.79,10,
IC2181,,108.293125,18.995833,1.02,G,0.56,140,
IC2182,,108.545958,18.945028,1.51,G,0.78,103,
IC2183,,109.234500,-20.410472,,Other,,,
IC2184,,112.355833,72.128889,1.10,GGroup,,,
IC2184 NED01,,112.350667,72.127889,0.86,G,0.40,145,
IC2184 NED02,,112.362583,72.130972,0.73,G,0.30,15,
IC2185,,110.816833,32.495333,0.60,G,0.36,125,
IC2186,,110.699083,21.529250,0.33,G,0.22,30,
IC2187,,110.680458,21.483361,0.20,G,0.20,175,
IC2188,,110.679917,21.513028,1.10,G,0.72,112,
IC2189,,111.239958,8.920694,,Other,,,
IC2190,,112.476250,37.451750,0.93,G,0.61,19,
IC2191,,112.572750,24.327722,0.81,G,0.53,20,
IC2192,,113.334625,31.361389,0.52,G,0.41,134,
IC2193,,113.348792,31.483556,1.47,G,0.96,87,
IC2194,,113.417458,31.334417,1.51,G,0.38,50,
IC2195,,112.115125,-51.257417,,Other,,,
IC2196,,113.540583,31.405667,1.67,G,0.86,153,
IC2197,,113.605458,31.422000,0.50,G,0.33,138,
IC2198,,113.546375,23.966333,0.65,G,0.62,60,
IC2199,,113.732250,31.276250,1.03,G,0.58,26,
IC2200,,112.072958,-62.352917,1.33,G,0.78,59,
IC2201,,114.070042,33.122722,1.16,G,0.29,66,
IC2202,,111.978083,-67.574222,2.16,G,0.67,164,
IC2203,,115.140042,34.230056,0.90,G,0.70,154,
IC2204,,115.325417,34.232167,0.89,G,0.82,138,
IC2205,,116.727375,26.872333,0.71,G,0.35,52,
IC2206,,116.459958,-34.330167,,*,,,
IC2207,,117.462042,33.962278,1.71,G,0.28,124,
IC2208,,118.032667,27.483917,0.43,G,0.33,12,
IC2209,,119.059208,60.304083,0.84,G,0.75,145,
IC2210,,119.235375,56.682333,,**,,,
IC2211,,119.440250,32.558111,0.82,G,0.45,139,
IC2212,,119.738333,32.612250,0.73,G,0.64,103,
IC2213,,119.777292,27.464000,0.73,G,0.61,71,
IC2214,,119.974208,33.290528,0.92,G,0.81,40,
IC2215,,119.888125,24.928972,,Other,,,
IC2216,,119.864792,5.614500,,**,,,
IC2217,,120.207208,27.500306,0.59,G,0.42,87,
IC2218,,120.410375,24.432444,0.85,G,0.30,19,
IC2219,,120.652208,27.437500,1.16,G,0.55,176,
IC2220,Toby Jug Nebula,119.212292,-59.125778,5.00,RfN,,,
IC2221,,121.283125,37.450639,0.64,G,0.45,23,
IC2222,,121.311542,37.472583,0.79,G,0.41,121,
IC2223,,121.459625,37.460056,0.46,G,0.30,71,
IC2225,,121.367167,35.946694,1.07,G,0.75,87,
IC2226,,121.546750,12.543500,1.05,G,0.78,142,
IC2227,,121.779917,36.233472,1.11,G,0.58,30,
IC2228,,121.773542,8.025361,,*,,,
IC2230,,122.735625,25.684694,0.57,G,0.46,159,
IC2231,,122.756667,5.087333,1.67,G,1.67,120,
IC2233,,123.495458,45.742139,2.88,G,0.40,172,
IC2234,,123.465083,35.492917,0.54,G,0.51,124,
IC2235,,123.390958,24.076778,,**,,,
IC2236,,123.406333,24.048806,,**,,,
IC2237,,123.533708,24.679306,,*,,,
IC2238,,123.535875,24.661889,,*,,,
IC2239,,123.528292,23.866361,0.84,G,0.71,140,
IC2240,,123.697833,24.467556,,*,,,
IC2241,,123.786000,24.129389,,**,,,
IC2242,,123.797750,24.132944,,*,,,
IC2243,,123.826792,23.962278,,*,,,
IC2244,,123.842792,24.545833,,*,,,
IC2245,,123.868417,24.536056,,*,,,
IC2246,,124.003292,23.849750,,*,,,
IC2247,,123.996250,23.199611,1.82,G,0.27,149,
IC2248,,124.020042,23.134028,0.79,G,0.46,52,
IC2249,,124.143458,24.493722,0.31,G,0.25,122,
IC2250,,124.134000,23.632972,0.41,G,0.31,122,
IC2251,,124.161625,23.949639,,**,,,
IC2252,,124.174792,24.693889,,*,,,
IC2253,,124.141167,21.409889,0.95,G,0.58,168,
IC2254,,124.189625,24.780222,0.70,G,0.43,119,
IC2255,,124.179917,23.457111,,**,,,
IC2256,,124.226792,24.176833,0.79,G,0.40,8,
IC2257,,124.295042,23.649917,,**,,,
IC2258,,124.318500,23.577528,,*,,,
IC2259,,124.325625,23.565639,,*,,,
IC2260,,124.364917,24.673250,,*,,,
IC2261,,124.386750,23.512333,,**,,,
IC2262,,124.344000,18.454500,,*,,,
IC2263,,124.420500,23.580111,,*,,,
IC2264,,124.437208,23.714750,,*,,,
IC2265,,124.459292,24.193528,,*,,,
IC2266,,124.410208,18.410361,,*,,,
IC2267,,124.506708,24.735333,1.85,G,0.24,152,
IC2268,,124.527333,24.796444,0.38,G,0.37,90,
IC2269,,124.536500,23.047583,0.98,G,0.21,30,
IC2270,,124.501542,19.097667,,**,,,
IC2271,,124.582083,24.526917,0.40,G,0.31,150,
IC2272,,124.529875,18.735889,,**,,,
IC2273,,124.553417,18.401667,,*,,,
IC2274,,124.558375,18.665833,,Other,,,
IC2275,,124.557167,18.411444,,*,,,
IC2276,,124.622375,18.477722,,Other,,,
IC2277,,124.635167,18.650056,,*,,,
IC2278,,124.643542,18.461528,,Other,,,
IC2279,,124.648000,18.567944,,*,,,
IC2280,,124.660500,18.449750,,*,,,
IC2281,,124.725625,18.909111,,*,,,
IC2282,,124.814708,24.792639,0.88,G,0.77,45,
IC2283,,124.823042,24.786417,,*,,,
IC2284,,124.744500,18.605583,,*,,,
IC2285,,124.761708,18.914667,,**,,,
IC2286,,124.767042,18.956111,,*,,,
IC2287,,124.781792,19.400472,,*,,,
IC2288,,124.843250,23.747306,0.53,G,0.31,68,
IC2289,,124.781833,18.498278,,*,,,
IC2290,,124.816083,19.313250,0.58,G,0.42,149,
IC2291,,124.825625,18.508389,,*,,,
IC2292,,124.841625,19.563583,,*,,,
IC2293,,124.883792,21.394306,0.89,G,0.67,125,
IC2294,,124.858500,18.984694,,*,,,
IC2295,,124.862458,18.414222,,**,,,
IC2296,,124.868958,18.898750,,*,,,
IC2297,,125.019250,18.381972,,*,,,
IC2298,,125.029500,18.403111,,*,,,
IC2299,,125.039208,19.337444,,**,,,
IC2300,,125.052500,18.420056,,*,,,
IC2301,,125.058042,18.433750,,*,,,
IC2302,,125.072000,19.357222,,*,,,
IC2303,,125.080292,19.419000,,*,,,
IC2304,,125.148708,19.439528,,**,,,
IC2305,,125.167000,19.452917,,*,,,
IC2306,,125.164167,19.110278,,*,,,
IC2307,,125.178417,19.440667,0.85,G,0.36,162,
IC2308,,125.188542,19.362278,0.63,GTrpl,0.32,93,
IC2308 NED01,,125.186875,19.362222,0.28,G,0.11,87,
IC2309,,125.181708,18.397833,0.76,G,0.25,6,
IC2310,,125.193000,18.463500,,*,,,
IC2311,,124.691583,-25.369750,2.14,G,1.99,47,
IC2312,,125.222417,18.510889,0.70,GPair,,,
IC2312 NED01,,125.221917,18.508528,0.44,G,0.27,175,
IC2312 NED02,,125.223125,18.512389,0.25,G,0.17,55,
IC2313,,125.227417,18.514194,,*,,,
IC2314,,125.265167,18.762667,,**,,,
IC2315,,125.294542,18.915250,,*,,,
IC2316,,125.313333,19.759417,,**,,,
IC2317,,125.339417,18.844333,,*,,,
IC2318,,125.386500,18.622889,,*,,,
IC2319,,125.387750,18.476722,,*,,,
IC2320,,125.397500,18.670250,,*,,,
IC2321,,125.413208,18.469139,,*,,,
IC2322,,125.412417,18.484111,,*,,,
IC2323,,125.421750,18.613250,,*,,,
IC2324,,125.494708,19.194028,,*,,,
IC2325,,125.536375,18.912139,,Other,,,
IC2326,,125.550583,19.012083,,Other,,,
IC2327,,125.366542,3.169278,1.21,G,0.39,169,
IC2328,,125.572417,19.616444,,Other,,,
IC2329,,125.581167,19.415972,2.00,G,0.36,116,
IC2330,,125.596417,18.853611,,*,,,
IC2331,,125.646458,19.679667,,**,,,
IC2332,,125.665125,19.923056,,*,,,
IC2333,,125.753542,19.081861,,*,,,
IC2334,,125.749875,18.613778,,*,,,
IC2335,,125.779333,19.408028,0.45,G,0.29,164,
IC2336,,125.829333,18.537444,,*,,,
IC2337,,125.834542,18.535222,0.48,G,0.26,46,
IC2338,,125.886125,21.338083,0.55,G,0.40,32,
IC2339,,125.892542,21.347639,0.89,G,0.45,61,
IC2340,,125.875208,18.749444,1.07,G,0.73,160,
IC2341,,125.922667,21.434889,1.18,G,0.57,3,
IC2342,,125.883750,18.579611,,*,,,
IC2343,,125.974708,19.025639,,*,,,
IC2344,,125.978083,18.659722,,*,,,
IC2345,,126.035167,19.952167,,*,,,
IC2346,,126.045417,19.706222,,*,,,
IC2347,,126.058667,18.773861,,*,,,
IC2348,,126.084375,20.533250,0.66,G,0.32,91,
IC2349,,126.069625,19.008056,,*,,,
IC2350,,126.118250,19.552056,,Other,,,
IC2351,,126.125833,18.588778,,*,,,
IC2352,,126.166583,19.602778,,*,,,
IC2353,,126.157083,18.656556,,*,,,
IC2354,,126.169833,18.666444,,**,,,
IC2355,,126.215875,20.463472,,**,,,
IC2356,,126.253583,19.497556,,*,,,
IC2357,,126.269000,19.508861,,*,,,
IC2358,,126.271250,19.495194,,*,,,
IC2360,,126.312875,19.516444,,*,,,
IC2361,,126.435417,27.874583,1.56,G,0.50,78,
IC2362,,126.422583,19.942222,,**,,,
IC2363,,126.439250,19.449278,0.83,G,0.70,5,
IC2364,,126.464542,19.759722,,**,,,
IC2365,,126.575250,27.840139,1.21,G,0.85,44,
IC2367,,126.042000,-18.775556,2.45,G,1.30,60,
IC2368,,126.505375,19.883000,,*,,,
IC2369,,126.566917,20.232250,,*,,,
IC2370,,126.595083,19.638056,,*,,,
IC2371,,126.654083,19.798583,,*,,,
IC2372,,126.669250,19.883083,,*,,,
IC2373,,126.704083,20.364833,0.59,G,0.48,160,
IC2374,,127.092250,30.443194,0.53,G,0.48,161,
IC2375,,126.581958,-13.303139,2.18,G,0.35,84,
IC2376,,127.108875,30.407694,0.89,G,0.60,64,
IC2377,,126.608667,-13.306167,1.05,G,0.62,21,
IC2378,,127.131875,30.431333,1.31,G,0.92,23,
IC2379,,126.615833,-13.292861,0.96,G,0.49,35,
IC2380,,127.182875,30.404528,0.80,G,0.72,162,
IC2381,,127.090583,19.791639,,**,,,
IC2382,,127.192167,22.053472,0.89,G,0.58,165,
IC2383,,127.422292,30.687972,0.61,G,0.45,93,
IC2384,,128.597833,32.434778,0.88,G,0.65,73,
IC2385,,128.793167,37.265972,0.79,G,0.52,27,
IC2386,,128.682667,25.806694,,*,,,
IC2387,,129.641667,30.798694,1.16,G,0.53,18,
IC2388,,129.985500,19.645306,0.57,G,0.33,150,
IC2389,,131.990708,73.539194,1.30,G,0.30,125,
IC2391,omi Vel Cluster,130.132833,-53.035472,29.10,OCl,,,
IC2392,,131.128333,18.286139,0.61,G,0.46,5,
IC2393,,131.704958,28.171306,1.18,G,0.80,27,
IC2394,,131.778792,28.236556,0.68,G,0.59,98,
IC2395,,130.625458,-48.150556,6.00,OCl,,,
IC2396,,131.669125,17.649194,,*,,,
IC2397,,131.674417,17.659778,,**,,,
IC2398,,131.685708,17.754917,0.64,G,0.33,6,
IC2399,,131.957208,18.911889,0.53,G,0.50,3,
IC2400,,131.996458,38.069806,0.90,G,0.38,112,
IC2401,,132.042917,37.755361,1.12,G,0.74,101,
IC2402,,131.996000,31.785639,0.82,G,0.75,120,
IC2403,,131.538875,-15.357000,0.70,G,0.38,120,
IC2404,,132.043542,29.491361,0.76,G,0.55,109,
IC2405,,132.178167,37.218639,0.76,G,0.57,7,
IC2406,,132.019208,17.702389,1.64,G,0.77,173,
IC2407,,132.038125,17.611472,1.25,G,0.23,86,
IC2408,,132.084333,19.037417,,*,,,
IC2409,,132.102750,18.331139,0.92,G,0.73,148,
IC2412,,132.348792,18.543167,,*,,,
IC2413,,132.381542,18.744750,,**,,,
IC2414,,132.458833,18.792417,0.58,G,0.39,46,
IC2415,,132.507958,18.651611,,*,,,
IC2416,,132.633958,18.559611,,*,,,
IC2417,,132.784000,18.624917,,*,,,
IC2418,,132.854500,17.945250,0.39,G,0.33,111,
IC2419,,133.039167,18.101361,,**,,,
IC2420,,132.890667,3.100694,0.84,G,0.72,141,
IC2421,,133.590000,32.680861,1.41,G,0.95,53,
IC2422,,133.601292,20.224806,0.66,G,0.62,130,
IC2423,,133.696167,20.220278,0.84,G,0.64,114,
IC2425,,133.958875,-3.423139,,*,,,
IC2426,,134.627000,2.925500,0.61,G,0.44,119,
IC2427,,135.257083,37.875444,0.74,G,0.61,98,
IC2428,,135.811250,30.591333,1.61,G,0.41,76,
IC2429,,135.927208,29.296000,0.59,G,0.41,146,
IC2430,,136.095125,27.953000,0.96,G,0.50,40,
IC2431,,136.147292,14.594083,1.00,GGroup,,,
IC2431 NED01,,136.144000,14.597889,0.04,G,0.02,134,
IC2431 NED02,Browning,136.144667,14.595778,0.60,G,0.48,32,
IC2431 NED03,,136.145083,14.593417,0.45,G,0.33,5,
IC2431 NED04,,136.147667,14.595056,0.28,G,0.23,98,
IC2432,,136.164750,5.512056,0.82,G,0.30,131,
IC2433,,136.369708,22.602222,0.82,G,0.40,109,
IC2434,,136.816917,37.215278,1.30,G,0.63,19,
IC2435,,136.707458,26.275444,0.88,G,0.39,116,
IC2436,,136.348833,-19.165472,,**,,,
IC2437,,136.387958,-19.207111,1.79,G,1.23,119,
IC2438,,138.536792,73.417361,,Other,,,
IC2439,,137.160250,32.592944,1.40,G,0.42,31,
IC2440,,138.959000,73.459056,,*,,,
IC2441,,137.509583,22.853333,0.90,GPair,,,
IC2441 NED01,,137.507583,22.855056,0.63,G,0.24,155,
IC2441 NED02,,137.512083,22.851778,0.66,G,0.47,162,
IC2442,,137.521542,22.838333,0.83,G,0.78,155,
IC2443,,137.878708,28.826583,0.66,G,0.57,12,
IC2444,,138.211917,30.212278,0.82,G,0.71,48,
IC2445,,138.302500,31.807861,0.76,G,0.41,18,
IC2446,,138.380750,28.951750,1.49,G,0.61,147,
IC2448,,136.776083,-69.941833,0.15,PN,,,
IC2450,,139.272000,25.429167,1.35,G,0.72,156,
IC2451,,138.949083,23.496417,0.93,G,0.71,105,
IC2452,,138.989917,23.472250,0.68,G,0.31,132,
IC2453,,138.977208,20.928889,0.72,G,0.41,62,
IC2454,,139.007375,17.820694,0.97,G,0.68,100,
IC2456,,139.351000,34.674389,0.63,G,0.45,54,
IC2457,,139.267250,20.093500,0.55,G,0.40,75,
IC2459,,139.747792,34.862194,0.66,G,0.38,118,
IC2461,,139.991792,37.191250,2.41,G,0.51,143,
IC2462,,140.734375,22.686361,0.69,G,0.25,62,
IC2463,,140.751042,22.618556,0.54,G,0.44,103,
IC2464,,140.842792,22.630250,0.80,G,0.54,147,
IC2465,,140.881292,24.445694,0.97,G,0.56,89,
IC2466,,140.937625,24.518444,0.83,G,0.49,92,
IC2467,,141.219667,38.351750,0.95,G,0.92,45,
IC2468,,141.256208,38.344028,0.51,G,0.47,60,
IC2469,,140.754417,-32.449750,5.79,G,1.17,37,
IC2470,,141.422167,23.361611,1.01,G,0.94,105,
IC2471,,141.300708,-6.829917,1.08,G,0.52,151,
IC2472,,141.640500,21.385028,0.62,G,0.51,4,
IC2473,,141.847917,30.440806,1.08,G,0.74,92,
IC2474,,141.797542,23.034278,0.59,G,0.22,96,
IC2475,,141.976375,29.791861,1.01,G,0.34,111,
IC2476,,141.970125,29.985750,1.30,G,1.04,40,
IC2477,,142.074292,29.706056,0.60,G,0.43,172,
IC2478,,142.003875,30.036972,0.57,G,0.42,140,
IC2479,,142.017042,29.991444,0.58,G,0.33,152,
IC2481,,141.870042,3.929611,0.83,G,0.47,161,
IC2482,,141.746750,-12.108917,2.84,G,1.84,145,
IC2483,,142.357458,30.994722,0.66,G,0.45,103,
IC2484,,141.709500,-42.842806,,Other,,,
IC2485,,141.799500,-39.284722,,Other,,,
IC2486,,142.572375,26.641278,0.92,G,0.62,135,
IC2487,,142.538208,20.090861,1.84,G,0.46,164,
IC2488,,141.909292,-57.006944,7.20,OCl,,,
IC2489,,142.798458,-5.884167,,Other,,,
IC2490,,143.265208,29.928361,0.97,G,0.65,177,
IC2491,,143.809250,34.731667,0.87,G,0.61,74,
IC2492,,143.311958,-37.866333,0.76,G,0.31,48,
IC2493,,144.073083,37.364000,0.97,G,0.72,1,
IC2495,,144.530792,28.057667,0.73,G,0.30,11,
IC2496,,144.685417,34.726778,0.73,G,0.43,33,
IC2497,,145.267042,34.732722,0.72,G,0.38,115,
IC2498,,145.341417,28.114472,0.83,G,0.31,25,
IC2499,,145.352625,27.895250,0.63,G,0.26,125,
IC2500,,145.597375,36.349694,1.35,G,0.43,164,
IC2501,,144.696583,-60.091861,0.03,PN,,,
IC2502,,145.814167,35.160528,0.55,G,0.52,75,
IC2503,,145.816000,35.206222,0.42,G,0.28,100,
IC2504,,144.640917,-69.085111,,Other,,,
IC2505,,146.278958,27.268583,0.75,G,0.55,18,
IC2506,,146.303208,27.252000,0.55,G,0.41,79,
IC2507,,146.141250,-31.790000,1.74,G,0.86,48,
IC2508,,146.779500,33.508056,0.69,G,0.44,19,
IC2509,,146.733000,5.701944,,*,,,
IC2510,,146.931167,-32.837444,1.59,G,0.86,148,
IC2511,,147.352292,-32.839194,4.22,G,0.81,43,
IC2513,,147.503292,-32.882833,3.39,G,0.68,63,
IC2515,,148.664250,37.408583,1.13,G,0.40,174,
IC2516,,148.701500,37.686944,0.97,G,0.87,13,
IC2517,,148.211125,-33.741944,0.68,G,0.56,98,
IC2518,,148.993875,37.155528,0.70,G,0.53,110,
IC2519,,148.995042,34.036583,0.35,G,0.25,90,
IC2520,,149.083833,27.227583,0.88,G,0.74,57,
IC2521,,149.315625,33.976306,0.61,G,0.57,15,
IC2522,,148.787333,-33.137139,2.30,G,1.74,180,
IC2523,,148.789667,-33.210222,1.43,G,0.86,30,
IC2524,,149.386917,33.619722,0.74,G,0.44,64,
IC2525,,149.604000,37.101861,0.65,G,0.61,55,
IC2526,,149.262625,-32.256861,2.07,G,0.70,56,
IC2527,,150.027042,38.172194,0.57,G,0.48,123,
IC2530,,150.379417,37.203944,0.97,G,0.94,20,
IC2531,,149.982375,-29.616972,6.55,G,0.60,74,
IC2532,,150.022500,-34.228278,2.04,G,1.12,36,
IC2533,,150.131958,-31.245000,2.04,G,1.45,180,
IC2534,,150.374417,-34.112417,1.84,G,1.25,98,
IC2535,,151.132625,38.006028,0.85,G,0.74,75,
IC2536,,150.875917,-33.949750,1.88,G,0.40,45,
IC2537,,150.966208,-27.570861,2.61,G,1.82,17,
IC2538,,150.985375,-34.807528,1.49,G,0.75,180,
IC2539,,151.067542,-31.362944,1.98,G,0.56,25,
IC2540,,151.694625,31.475722,0.91,G,0.59,158,
IC2541,,151.450042,-17.434556,1.47,G,0.64,4,
IC2542,,151.960583,34.315306,1.04,G,0.77,171,
IC2543,,152.099167,37.842778,0.80,GPair,,,
IC2543 NED01,,152.098167,37.841528,0.74,G,0.29,134,
IC2543 NED02,,152.099875,37.844222,0.20,G,0.14,6,
IC2544,,152.123875,33.346389,0.52,G,0.40,65,
IC2545,,151.646083,-33.858278,,**,,,
IC2546,,151.774667,-33.261361,0.83,G,0.60,95,
IC2547,,152.518708,36.502444,0.82,G,0.36,121,
IC2548,,151.978958,-35.229611,2.17,G,1.42,70,
IC2549,,152.542333,36.464861,0.47,G,0.32,143,
IC2550,,152.616333,27.956111,0.93,G,0.68,109,
IC2551,,152.668000,24.414139,0.76,G,0.56,36,
IC2552,,152.692250,-34.844694,1.87,G,1.68,89,
IC2553,,152.336958,-62.613694,0.15,PN,,,
IC2554,,152.210667,-67.030861,3.31,G,1.29,8,
IC2556,,153.156792,-34.728861,1.83,G,0.95,119,
IC2557,,154.024458,38.109222,0.60,G,0.41,95,
IC2558,,153.683917,-34.338722,1.01,G,0.61,17,
IC2559,,153.689125,-34.058806,1.69,G,0.53,17,
IC2560,,154.078000,-33.563806,3.55,G,1.67,46,
IC2561,,154.785875,34.675028,0.89,G,0.55,14,
IC2562,,154.727083,16.155528,0.66,G,0.44,166,
IC2563,,154.716375,-32.596556,0.91,G,0.38,110,
IC2564,,155.365417,36.452056,0.71,G,0.60,50,
IC2565,,155.324458,27.930083,0.67,G,0.42,70,
IC2566,,155.580792,36.583028,0.98,G,0.64,6,
IC2567,,155.490833,24.655222,0.79,G,0.59,57,
IC2568,,155.625042,36.599306,1.10,G,0.55,93,
IC2569,,155.723292,24.606417,0.67,G,0.57,146,
IC2570,,155.392917,-33.623222,0.82,G,0.44,172,
IC2572,,156.280333,28.094806,0.90,G,0.43,26,
IC2573,,155.875750,-35.455583,1.50,G,0.33,2,
IC2574,Coddington's Nebula,157.097833,68.412139,12.91,G,5.57,48,
IC2575,,156.350000,-32.636250,0.63,G,0.58,55,
IC2576,,156.495750,-32.903472,0.94,G,0.63,42,
IC2577,,157.006042,32.763889,0.70,G,0.41,103,
IC2578,,156.844542,-33.877333,1.51,G,0.35,143,
IC2580,,157.074917,-31.518028,2.05,G,1.75,128,
IC2581,,156.871458,-57.617306,6.00,OCl,,,
IC2582,,157.295833,-30.342500,1.29,G,1.25,150,
IC2583,,157.793500,26.055056,0.59,G,0.49,124,
IC2584,,157.464542,-34.911639,1.44,G,0.59,134,
IC2586,,157.760000,-28.716639,1.53,G,1.19,85,
IC2587,,157.748333,-34.562944,1.98,G,1.47,36,
IC2588,,157.958917,-30.384528,1.65,G,1.31,154,
IC2589,,158.086750,-24.037556,0.82,G,0.39,11,
IC2590,,159.069083,26.962472,0.97,G,0.97,10,
IC2591,,159.161125,35.052917,1.00,G,0.62,134,
IC2593,,159.066458,-12.725806,0.87,G,0.58,88,
IC2594,,159.017375,-24.323083,1.66,G,1.39,112,
IC2595,,159.388000,-11.116722,,Other,,,
IC2596,,158.551917,-73.240139,1.32,G,0.81,179,
IC2597,,159.447708,-27.081694,2.62,G,1.73,8,
IC2598,,159.926375,26.727556,0.66,G,0.39,152,
IC2599,,159.362875,-58.733389,20.00,HII,20.00,,
IC2600,,161.661667,72.320444,0.62,G,0.45,115,
IC2601,,161.805500,72.323028,0.35,G,0.28,165,
IC2602,tet Car Cluster,160.739458,-64.394194,48.00,OCl,,,
IC2603,,162.105667,32.927306,,Other,,,
IC2604,,162.354458,32.772722,1.18,G,1.03,40,
IC2605,,162.448083,32.973194,0.40,Other,0.20,0,
IC2606,,162.573542,37.956222,1.07,G,0.40,112,
IC2607,,162.578917,37.993944,0.75,G,0.48,63,
IC2608,,162.564667,32.768167,0.79,G,0.31,121,
IC2610,,163.033625,33.083167,,Other,,,
IC2611,,163.162208,10.136361,,*,,,
IC2612,,163.404833,32.767639,0.82,G,0.56,108,
IC2614,,165.390833,38.803667,0.24,G,0.24,16,
IC2615,,165.509500,37.945250,0.38,G,0.34,80,
IC2616,,165.524000,38.787250,0.66,G,0.48,69,
IC2617,,165.531792,38.664250,0.89,G,0.45,97,
IC2618,,165.495083,27.789250,,**,,,
IC2619,,165.563583,37.966083,0.33,G,0.22,67,
IC2620,,165.599792,38.505028,1.04,G,0.94,110,
IC2621,,165.083292,-65.249361,0.08,PN,,,
IC2623,,165.962333,-20.093056,1.06,G,0.73,64,
IC2626,,167.266125,26.904167,0.77,G,0.34,50,
IC2627,,167.472458,-23.725944,2.40,G,1.70,43,
IC2628,,167.907792,12.121972,0.75,G,0.69,110,
IC2629,,168.153917,12.104944,0.70,G,0.34,28,
IC2630,,168.179958,12.318944,,*,,,
IC2631,,167.469958,-76.614306,,Neb,,,
IC2632,,168.274750,11.673278,0.41,G,0.37,55,
IC2633,,168.291833,11.601000,0.62,G,0.36,17,
IC2634,,168.367708,10.485972,0.90,G,0.82,110,
IC2635,,168.374208,11.463889,,**,,,
IC2636,,168.391833,11.456167,0.67,G,0.37,73,
IC2637,,168.457292,9.586306,0.97,G,0.86,62,
IC2638,,168.466292,10.563389,0.97,G,0.65,100,
IC2639,,168.481417,9.642806,0.57,G,0.42,100,
IC2640,,168.522875,10.997667,0.43,G,0.35,105,
IC2641,,168.543958,9.399333,,*,,,
IC2642,,168.565833,12.265667,,Other,,,
IC2643,,168.610667,10.126222,,*,,,
IC2644,,168.624208,10.768472,0.61,G,0.36,76,
IC2645,,168.628417,11.886778,0.79,G,0.29,92,
IC2646,,168.656667,12.528500,0.45,G,0.34,2,
IC2647,,168.660917,12.142000,,*,,,
IC2648,,168.690125,10.224833,0.58,G,0.46,16,
IC2649,,168.693542,11.127694,0.85,G,0.74,74,
IC2650,,168.719417,13.852472,0.48,G,0.43,21,
IC2651,,168.717833,12.239778,0.52,G,0.39,84,
IC2652,,168.718000,12.448056,0.67,G,0.64,45,
IC2653,,168.724292,10.548361,,**,,,
IC2654,,168.761917,12.499472,0.41,G,0.35,93,
IC2655,,168.771500,12.164389,0.36,G,0.30,68,
IC2656,,168.772417,12.379139,0.64,G,0.30,128,
IC2657,,168.786292,13.694722,0.29,G,0.17,131,
IC2658,,168.786458,12.996611,,*,,,
IC2659,,168.866000,12.887667,,*,,,
IC2660,,168.868500,12.437194,0.40,G,0.31,158,
IC2661,,168.871542,13.608667,0.68,G,0.26,110,
IC2662,,168.878292,12.771056,,Other,,,
IC2663,,168.884917,12.603917,,*,,,
IC2664,,168.910167,12.562694,,**,,,
IC2665,,168.919917,11.724139,0.59,G,0.21,103,
IC2666,,168.932375,13.782250,1.07,G,0.72,167,
IC2667,,168.933500,12.116833,0.63,G,0.51,173,
IC2668,,168.884500,-14.171083,1.55,G,0.54,140,
IC2669,,168.971750,13.429556,,**,,,
IC2670,,168.998167,11.783361,0.46,G,0.29,166,
IC2671,,169.013833,13.124250,,*,,,
IC2672,,169.015917,10.157278,,*,,,
IC2673,,169.017208,10.162556,0.85,G,0.55,35,
IC2674,,169.034375,11.048639,1.12,G,0.65,23,
IC2675,,169.045042,12.249306,,*,,,
IC2676,,169.077125,9.821833,0.14,G,0.11,155,
IC2677,,169.080417,12.215861,0.23,G,0.19,10,
IC2678,,169.090167,11.949111,0.67,G,0.26,121,
IC2679,,169.096667,12.015389,0.87,G,0.56,23,
IC2680,,169.106375,9.807139,0.79,G,0.28,132,
IC2681,,169.138542,11.207194,,Other,,,
IC2682,,169.150500,9.410778,,**,,,
IC2683,,169.226250,12.099278,0.42,G,0.28,87,
IC2684,,169.254375,13.099639,0.76,G,0.57,171,
IC2685,,169.250375,10.094083,,*,,,
IC2686,,169.260458,12.951667,,*,,,
IC2687,,169.299917,10.158111,,**,,,
IC2689,,169.331250,12.959944,0.66,G,0.24,31,
IC2690,,169.339958,12.975417,0.28,G,0.26,47,
IC2691,,169.352417,12.031083,,*,,,
IC2692,,169.388417,10.768056,0.52,G,0.39,100,
IC2693,,169.401292,13.548833,,*,,,
IC2694,,169.410833,13.376111,0.76,G,0.36,86,
IC2695,,169.452375,13.727667,0.51,G,0.39,58,
IC2696,,169.453875,12.755750,,*,,,
IC2697,,169.463042,13.399972,,*,,,
IC2698,,169.462583,11.885778,0.70,G,0.48,43,
IC2699,,169.469375,11.909222,,*,,,
IC2700,,169.475750,12.054194,0.38,G,0.31,120,
IC2701,,169.487583,11.118056,0.44,G,0.22,78,
IC2702,,169.488458,9.412472,0.40,G,0.34,117,
IC2703,,169.521375,17.649528,0.93,G,0.82,19,
IC2704,,169.516708,12.454194,0.65,G,0.40,70,
IC2705,,169.515333,11.904083,,*,,,
IC2706,,169.621667,12.548444,,*,,,
IC2707,,169.628500,9.474861,0.46,G,0.38,148,
IC2708,,169.644208,12.711111,0.92,G,0.77,63,
IC2709,,169.675667,12.561694,0.54,G,0.38,153,
IC2710,,169.684667,13.566583,,**,,,
IC2711,,169.693708,13.738444,,*,,,
IC2712,,169.719917,9.626889,0.46,G,0.41,44,
IC2713,,169.792583,12.164806,0.59,G,0.57,40,
IC2714,,169.363958,-62.725111,7.20,OCl,,,
IC2715,,169.809958,11.952167,0.74,G,0.37,100,
IC2716,,169.818083,11.698556,0.38,G,0.19,81,
IC2717,,169.828208,12.048556,,*,,,
IC2718,,169.837083,12.022278,0.59,G,0.26,99,
IC2719,,169.884167,12.059778,0.22,G,0.21,83,
IC2720,,169.898542,12.076583,0.79,G,0.59,24,
IC2721,,169.928375,12.310639,,Other,,,
IC2722,,169.934833,13.962917,0.70,GTrpl,,,
IC2722 NED01,,169.933083,13.963917,0.69,G,0.48,70,
IC2722 NED03,,169.934833,13.962917,0.11,G,0.07,80,
IC2723,,169.949583,12.033444,0.47,G,0.25,104,
IC2724,,169.951833,10.716556,0.48,G,0.44,85,
IC2725,,169.989333,13.429278,0.48,G,0.42,116,
IC2726,,169.993500,13.415583,,Other,,,
IC2727,,170.000292,12.033333,0.43,G,0.38,70,
IC2728,,170.021375,13.427000,,*,,,
IC2729,,170.028208,13.409306,0.43,G,0.23,177,
IC2730,,170.030792,12.366528,,*,,,
IC2731,,170.042792,13.558278,,*,,,
IC2732,,170.051583,12.404028,0.40,G,0.34,114,
IC2733,,170.072125,13.835250,,**,,,
IC2734,,170.099250,12.443028,0.84,G,0.30,12,
IC2735,,170.266250,34.343944,1.18,G,0.25,100,
IC2736,,170.227583,12.408667,,*,,,
IC2737,,170.284375,14.293194,,*,,,
IC2738,,170.346083,34.356667,0.85,G,0.75,144,
IC2739,,170.301792,11.914750,0.37,G,0.31,65,
IC2740,,170.321083,8.752306,0.37,G,0.30,57,
IC2741,,170.322792,9.152361,0.42,G,0.31,122,
IC2742,,170.328042,10.446722,0.34,G,0.16,38,
IC2743,,170.354125,8.693111,,*,,,
IC2744,,170.427125,34.362806,1.12,G,0.74,38,
IC2745,,170.382333,13.426611,0.62,G,0.21,70,
IC2746,,170.401750,11.737083,0.53,G,0.34,166,
IC2747,,170.417333,8.803250,,**,,,
IC2748,,170.433500,8.804972,0.54,G,0.43,91,
IC2749,,170.438333,8.574778,0.60,G,0.34,84,
IC2750,,170.461625,9.658444,0.43,G,0.20,43,
IC2751,,170.530792,34.366361,0.63,G,0.54,133,
IC2752,,170.508083,14.124500,0.63,G,0.19,100,
IC2753,,170.498792,9.878056,0.32,G,0.31,80,
IC2754,,170.509917,14.144056,0.52,G,0.24,82,
IC2755,,170.510042,13.793111,,*,,,
IC2756,,170.503792,9.960167,0.51,G,0.19,101,
IC2757,,170.508750,8.393833,0.72,G,0.52,79,
IC2758,,170.513875,7.813528,0.65,G,0.23,34,
IC2759,,170.555333,24.317167,0.73,G,0.65,178,
IC2760,,170.553333,12.665417,0.45,G,0.33,108,
IC2761,,170.571542,14.177583,0.40,G,0.34,175,
IC2762,,170.574667,12.722528,0.92,G,0.31,145,
IC2763,,170.577333,13.065056,1.44,G,0.39,98,
IC2764,,171.770958,-28.980222,2.20,G,1.18,179,
IC2765,,170.596333,14.199056,0.31,G,0.21,90,
IC2766,,170.596083,12.903472,0.53,G,0.35,149,
IC2767,,170.596625,13.077806,0.87,G,0.30,90,
IC2768,,170.598167,12.528917,0.40,G,0.30,46,
IC2769,,170.606875,14.195889,0.43,G,0.32,166,
IC2770,,170.603167,9.220667,0.39,G,0.38,169,
IC2771,,170.616875,12.519167,0.28,G,0.20,22,
IC2772,,170.626667,13.599139,,*,,,
IC2773,,170.647125,13.574528,,*,,,
IC2774,,170.654792,12.514944,,*,,,
IC2775,,170.664833,12.512000,0.32,G,0.25,60,
IC2776,,170.666625,13.330528,0.87,G,0.44,160,
IC2777,,170.668958,12.025583,0.79,G,0.59,154,
IC2778,,170.674708,12.526306,,Other,,,
IC2779,,170.685458,13.345306,0.30,G,0.26,179,
IC2780,,170.700542,10.149556,0.65,G,0.41,5,
IC2781,,170.711125,12.344889,0.36,G,0.34,146,
IC2782,,170.730667,13.441278,0.94,G,0.84,19,
IC2783,,170.723458,8.884056,0.70,G,0.27,162,
IC2784,,170.798458,13.117722,0.65,G,0.38,17,
IC2785,,170.814000,13.391250,0.87,G,0.72,2,
IC2786,,170.822917,13.392000,0.95,G,0.34,115,
IC2787,,170.829500,13.629778,0.80,G,0.74,34,
IC2788,,170.862375,12.698028,0.42,G,0.25,156,
IC2789,,170.886083,14.188028,0.05,G,0.03,132,
IC2790,,170.891917,9.555361,0.46,G,0.32,15,
IC2791,,170.906750,12.895778,0.57,G,0.36,156,
IC2792,,170.922958,11.404833,0.49,G,0.29,82,
IC2793,,170.947458,9.449778,0.50,GPair,,,
IC2793 NED01,,170.947000,9.451333,0.35,G,0.27,94,
IC2793 NED02,,170.948083,9.448444,0.36,G,0.20,83,
IC2794,,171.015208,12.790972,,*,,,
IC2795,,171.016958,12.135111,0.36,G,0.33,37,
IC2796,,171.034792,9.344139,0.60,GPair,,,
IC2796 NED01,,171.034958,9.345722,0.51,G,0.26,5,
IC2796 NED02,,171.035083,9.342917,0.37,G,0.17,17,
IC2797,,171.087750,11.705944,0.76,G,0.47,136,
IC2798,,171.099958,12.415611,0.77,G,0.26,173,
IC2799,,171.111125,13.849111,0.45,G,0.32,137,
IC2800,,171.112833,12.208806,0.63,G,0.19,92,
IC2801,,171.120958,10.183833,0.50,G,0.32,84,
IC2802,,171.126500,12.208750,0.28,G,0.23,61,
IC2803,,171.147542,9.850028,0.43,G,0.21,65,
IC2804,,171.232208,13.222056,0.87,G,0.23,18,
IC2805,,171.249542,14.014472,,*,,,
IC2806,,171.313750,9.652222,,*,,,
IC2807,,171.321042,11.530056,0.32,G,0.18,30,
IC2808,,171.362000,9.132056,,*,,,
IC2809,,171.407375,8.526278,,*,,,
IC2810,,171.437708,14.676583,1.03,G,0.41,33,
IC2811,,171.436042,9.170528,0.73,G,0.35,89,
IC2812,,171.482583,11.529917,0.52,G,0.23,24,
IC2813,,171.527083,11.255750,0.48,G,0.40,71,
IC2814,,171.535458,9.661806,0.40,G,0.29,58,
IC2815,,171.568958,12.803833,0.50,G,0.35,116,
IC2816,,171.576167,10.636500,0.74,G,0.27,180,
IC2817,,171.578375,9.149000,,*,,,
IC2818,,171.611958,12.920944,0.46,G,0.34,94,
IC2819,,171.614333,13.844889,0.59,G,0.28,59,
IC2820,,171.611875,10.238472,0.54,G,0.25,24,
IC2821,,171.645333,13.962917,0.25,G,0.18,32,
IC2822,,171.641875,11.440083,1.35,G,0.60,118,
IC2823,,171.686125,12.848417,0.89,G,0.31,12,
IC2824,,171.770292,14.085278,,*,,,
IC2825,,171.764833,8.443917,,*,,,
IC2826,,171.775333,13.238722,0.73,G,0.70,56,
IC2827,,171.790292,11.514389,,*,,,
IC2828,,171.795583,8.731056,1.01,G,0.44,52,
IC2829,,171.812417,10.322361,0.88,G,0.52,175,
IC2830,,171.839917,7.814306,0.50,G,0.44,58,
IC2831,,171.844208,8.978917,,*,,,
IC2832,,171.854667,13.989444,,*,,,
IC2833,,171.858792,13.602806,,*,,,
IC2834,,171.882583,13.570333,0.45,G,0.37,17,
IC2835,,171.881625,12.142889,0.59,G,0.30,149,
IC2836,,171.905042,9.084806,,*,,,
IC2837,,171.924833,10.313056,0.43,G,0.37,39,
IC2838,,171.938500,14.011250,0.22,G,0.19,173,
IC2839,,171.939250,10.819750,0.54,G,0.24,0,
IC2840,,171.948333,13.425889,0.43,G,0.29,154,
IC2841,,171.953583,12.603111,,*,,,
IC2842,,171.948708,9.651972,0.45,G,0.24,63,
IC2843,,171.992042,13.183917,0.73,G,0.68,15,
IC2844,,171.992083,11.453278,0.70,G,0.35,127,
IC2845,,172.001917,12.529750,0.71,G,0.50,81,
IC2846,,172.002042,11.158278,0.89,G,0.74,119,
IC2847,,172.014125,13.930389,0.17,G,0.12,15,
IC2848,,172.056958,13.030472,0.47,G,0.39,9,
IC2849,,172.048583,9.094000,,*,,,
IC2850,,172.054000,9.062250,0.80,G,0.28,126,
IC2851,,172.060875,11.394389,0.44,G,0.23,46,
IC2852,,172.058542,9.800472,0.49,G,0.31,119,
IC2853,,172.061917,9.147028,0.91,G,0.44,172,
IC2854,,172.082792,8.968722,,*,,,
IC2855,,172.104125,9.687750,0.34,G,0.19,121,
IC2856,,172.067958,-12.890694,0.99,G,0.43,45,
IC2857,,172.129333,9.104417,1.79,G,0.32,160,
IC2858,,172.149833,13.661500,0.21,G,0.17,111,
IC2859,,172.174000,9.108500,,*,,,
IC2860,,172.185833,14.041889,0.29,G,0.20,157,
IC2861,,172.245708,38.851278,0.83,G,0.74,113,
IC2862,,172.180500,10.127278,0.54,G,0.30,31,
IC2863,,172.224917,9.095306,,*,,,
IC2864,,172.248625,12.367722,0.61,G,0.39,157,
IC2865,,172.248958,9.115500,,*,,,
IC2866,,172.250125,9.042194,,*,,,
IC2867,,172.252250,9.089389,0.45,G,0.36,88,
IC2868,,172.274167,9.094306,,*,,,
IC2869,,172.286333,9.017389,,*,,,
IC2870,,172.301750,11.865500,1.05,G,0.95,0,
IC2871,,172.336208,8.602361,0.91,G,0.66,81,
IC2872,,172.033458,-62.988944,15.14,Neb,6.03,,
IC2873,,172.364292,13.218306,0.70,GPair,,,
IC2873 NED01,,172.364458,13.215694,0.42,G,0.37,98,
IC2873 NED02,,172.365167,13.220111,0.82,G,0.58,2,
IC2874,,172.364792,10.629167,0.45,G,0.27,50,
IC2875,,172.395542,12.989889,,*,,,
IC2876,,172.390000,9.016167,0.62,G,0.32,176,
IC2877,,172.407250,12.853278,0.58,G,0.45,110,
IC2878,,172.409208,9.967583,0.53,G,0.25,119,
IC2879,,172.434542,9.013861,0.44,G,0.33,170,
IC2880,,172.470917,13.198833,,*,,,
IC2881,,172.476708,12.511222,0.32,G,0.21,90,
IC2882,,172.539333,11.989139,,*,,,
IC2883,,172.565792,10.910917,0.33,G,0.28,94,
IC2884,,171.921042,-79.734389,,*Ass,,,
IC2885,,172.594208,9.772056,,*,,,
IC2886,,172.601833,11.562667,0.32,G,0.25,15,
IC2888,,172.646292,9.908500,,Other,,,
IC2889,,172.620792,-13.091000,1.22,G,0.69,151,
IC2890,,172.692292,13.181833,,*,,,
IC2891,,172.700583,12.677722,0.46,G,0.35,118,
IC2892,,172.703792,10.588556,0.68,G,0.23,118,
IC2893,,172.722000,13.391028,0.50,GPair,,,
IC2893 NED01,,172.721708,13.391972,0.06,G,0.05,73,
IC2893 NED02,,172.722750,13.389917,0.45,G,0.28,180,
IC2894,,172.739583,13.235361,0.62,G,0.32,70,
IC2895,,172.738708,9.976861,,*,,,
IC2896,,172.805958,12.350056,0.47,G,0.31,159,
IC2897,,172.830708,11.549056,,*,,,
IC2898,,172.835042,13.336222,0.48,G,0.33,146,
IC2899,,172.834875,10.634722,,**,,,
IC2900,,172.873708,13.167306,0.33,G,0.28,114,
IC2901,,172.883875,12.699722,0.61,G,0.37,114,
IC2902,,172.888167,14.222750,,*,,,
IC2903,,172.919833,12.642583,0.44,G,0.27,34,
IC2904,,172.926542,13.184139,,*,,,
IC2905,,172.945750,9.106972,,*,,,
IC2906,,172.956708,13.132889,,*,,,
IC2907,,172.953125,9.899444,,*,,,
IC2908,,172.960333,12.937889,,*,,,
IC2909,,172.962042,11.470222,0.24,G,0.21,35,
IC2910,,172.977958,-9.725361,1.28,G,0.88,139,
IC2911,,173.019292,12.977361,,**,,,
IC2912,,173.029625,11.709750,0.55,G,0.19,84,
IC2913,,172.963958,-30.410778,1.00,G,0.79,143,
IC2914,,173.051792,13.492472,0.65,G,0.34,179,
IC2916,,173.067292,11.683722,,*,,,
IC2917,,173.080542,10.945444,0.26,G,0.19,38,
IC2918,,173.109292,13.248500,,*,,,
IC2919,,173.145417,14.189222,0.55,G,0.31,45,
IC2920,,173.202792,12.557111,,*,,,
IC2921,,173.205333,10.296472,0.59,G,0.25,124,
IC2922,,173.213417,12.922833,,*,,,
IC2923,,173.223125,13.163972,0.41,G,0.29,12,
IC2924,,173.217458,9.023278,,*,,,
IC2925,,173.305125,34.265111,0.48,G,0.18,21,
IC2926,,173.266958,12.436444,,*,,,
IC2927,,173.269875,13.085722,,*,,,
IC2928,,173.374833,34.316250,0.90,G,0.74,143,
IC2929,,173.381125,12.137333,0.53,G,0.43,118,
IC2930,,173.433917,10.088667,0.69,G,0.29,58,
IC2931,,173.460375,12.467222,,*,,,
IC2932,,173.473792,10.543389,,**,,,
IC2933,,173.553125,34.312500,1.18,G,0.36,7,
IC2934,,173.581458,13.322000,0.74,G,0.38,153,
IC2935,,173.700875,10.250139,,*,,,
IC2936,,173.736750,13.008806,0.39,G,0.35,109,
IC2937,,173.764042,10.103361,,*,,,
IC2938,,173.901250,13.680722,0.89,G,0.62,130,
IC2939,,173.908250,10.697083,,*,,,
IC2940,,174.011417,21.961667,,Other,,,
IC2941,,174.041542,10.055583,0.85,G,0.59,73,
IC2942,,174.050875,11.815889,0.66,G,0.35,68,
IC2943,,174.176292,54.846028,0.41,G,0.33,25,
IC2944,lam Cen Nebula,173.945542,-63.019833,7.20,Cl+N,,,
IC2945,,174.267875,12.926583,1.00,GPair,,,
IC2945 NED01,,174.267917,12.926444,0.96,G,0.70,115,
IC2946,,174.373708,32.252472,0.46,G,0.27,154,
IC2947,,174.379042,31.362333,0.75,G,0.56,3,
IC2948,,174.774750,-63.443861,6.00,Cl+N,,,
IC2949,,175.226458,-46.454583,,**,,,
IC2950,,175.408000,37.992111,0.65,G,0.56,81,
IC2951,,175.852333,19.749806,1.54,G,0.43,81,
IC2952,,176.071375,33.351361,0.35,G,0.28,161,
IC2954,,176.263583,26.786500,,*,,,
IC2955,,176.266292,19.620611,0.38,G,0.37,5,
IC2956,,176.323167,26.767389,0.94,G,0.80,56,
IC2957,,176.403917,31.299556,0.79,G,0.47,23,
IC2958,,176.426333,33.154444,0.71,G,0.58,55,
IC2960,,176.582083,35.003750,0.83,G,0.72,104,
IC2961,,176.956542,31.344750,0.48,G,0.29,21,
IC2962,,177.274958,-12.311361,,Other,,,
IC2964,,177.468625,12.050306,,Other,,,
IC2966,,177.556458,-64.872944,3.00,RfN,2.00,130,
IC2967,,177.729708,30.850694,0.85,G,0.63,17,
IC2968,,178.127208,20.625472,0.89,G,0.39,80,
IC2969,,178.130292,-3.872250,1.30,G,0.74,95,
IC2970,,178.290625,-23.123278,,Other,,,
IC2971,,178.364750,30.696917,0.70,G,0.48,150,
IC2973,,178.461500,33.365500,1.42,G,0.82,120,
IC2974,,178.453042,-5.167833,2.19,G,0.47,100,
IC2977,,178.811083,-37.696306,2.14,G,1.17,121,
IC2978,,179.096792,32.038722,1.00,G,0.42,130,
IC2979,,179.226000,32.158806,0.84,G,0.54,174,
IC2980,,179.375667,-73.684500,2.04,G,1.29,41,
IC2981,,178.927583,32.188889,0.53,G,0.42,3,
IC2983,,179.569708,-2.110056,,Other,,,
IC2984,,179.780125,30.696944,0.73,G,0.49,77,
IC2985,,179.803125,30.731222,0.90,G,0.43,139,
IC2986,,179.956708,30.844417,0.99,G,0.91,15,
IC2987,,180.852250,38.813306,0.60,G,0.42,64,
IC2988,,180.925833,3.429250,,Other,,,
IC2990,,181.160833,11.050056,0.73,G,0.32,15,
IC2991,,181.302125,10.640361,0.67,G,0.24,35,
IC2992,,181.315958,30.855639,0.63,G,0.52,161,
IC2993,,181.409708,32.822194,0.35,G,0.31,6,
IC2994,,181.366125,12.702889,0.47,G,0.39,62,
IC2995,,181.445458,-27.940139,3.37,G,0.85,114,
IC2996,,181.452625,-29.971917,1.78,G,0.44,23,
IC2997,,181.435292,20.280861,,Other,,,
IC2998,,181.480167,20.753361,,Other,,,
IC2999,,181.489750,31.348500,0.67,G,0.26,51,
IC3000,,181.535625,-29.673389,,Other,,,
IC3001,,181.570042,33.525861,0.73,G,0.37,73,
IC3002,,181.767458,33.382833,0.61,G,0.47,86,
IC3003,,181.885917,32.813000,0.80,G,0.58,145,
IC3004,,181.792667,13.247528,0.61,G,0.40,24,
IC3005,,181.809042,-30.024639,2.42,G,0.66,160,
IC3006,,181.851417,12.993389,,Other,,,
IC3007,,181.878250,31.348111,0.69,G,0.42,75,
IC3008,,181.965833,13.577306,0.93,G,0.51,22,
IC3009,,182.000458,12.646472,,Other,,,
IC3010,,181.989208,-30.339472,2.09,G,1.91,84,
IC3012,,182.099750,11.176611,0.59,G,0.26,46,
IC3013,,182.106583,10.016667,0.58,G,0.41,159,
IC3014,,182.154167,38.831778,0.82,G,0.58,20,
IC3015,,182.251167,-31.519889,0.72,G,0.23,164,
IC3016,,182.327250,11.430222,0.49,G,0.45,16,
IC3017,,182.345125,13.618167,0.60,G,0.35,50,
IC3018,,182.354000,13.574444,0.66,G,0.25,176,
IC3019,,182.342750,13.992417,1.26,G,0.99,130,
IC3020,,182.363417,14.224500,0.36,G,0.28,77,
IC3021,,182.477375,13.049972,1.29,G,0.81,178,
IC3022,,182.509917,38.739972,0.20,G,0.20,179,
IC3023,,182.507292,14.366861,1.04,G,0.64,138,
IC3024,,182.549708,12.325667,0.90,G,0.29,168,
IC3025,,182.596208,10.188556,0.73,G,0.43,102,
IC3026,,182.642917,-29.923222,,Other,,,
IC3027,,182.625292,14.193528,,Other,,,
IC3028,,182.648708,11.760806,0.55,G,0.31,152,
IC3029,,182.674417,13.331278,1.26,G,0.43,30,
IC3030,,182.775125,14.143556,,Other,,,
IC3031,,182.767417,13.308444,0.61,G,0.22,31,
IC3032,,182.782333,14.274806,0.59,G,0.52,40,
IC3033,,182.791458,13.587500,1.03,G,0.47,3,
IC3034,,182.949167,14.201139,0.74,G,0.23,150,
IC3036,,183.062958,12.488389,0.88,G,0.47,165,
IC3037,,183.085333,9.986444,0.48,G,0.44,40,
IC3038,,183.135875,11.352833,0.41,G,0.30,106,
IC3039,,183.135708,12.309889,0.91,G,0.37,22,
IC3040,,183.143875,11.075028,0.77,G,0.69,171,
IC3041,,183.177750,12.762833,0.62,G,0.17,60,
IC3043,,183.196583,10.009667,0.93,G,0.22,170,
IC3044,,183.202167,13.976472,1.26,G,0.50,70,
IC3045,,183.248625,12.779500,,Other,,,
IC3046,,183.282792,12.918222,1.34,G,0.29,132,
IC3047,,183.310958,12.997667,0.58,G,0.35,37,
IC3048,,183.339333,13.069028,,*,,,
IC3049,,183.390417,14.480278,0.90,G,0.60,0,
IC3052,,183.451125,12.690556,0.49,G,0.33,131,
IC3053,,183.466375,14.222972,0.56,G,0.35,4,
IC3054,,183.560125,13.542944,0.68,G,0.54,158,
IC3055,,183.592917,12.091389,0.50,GTrpl,,,
IC3055 NED01,,183.591125,12.090556,0.52,G,0.26,61,
IC3055 NED02,,183.592125,12.091889,0.12,G,0.10,88,
IC3055 NED03,,183.594208,12.091639,0.42,G,0.29,69,
IC3056,,183.653917,12.811861,1.30,G,0.50,62,
IC3057,,183.761125,-44.472972,,Other,,,
IC3058,,183.697708,14.095500,0.54,G,0.35,127,
IC3059,,183.729250,13.460528,1.69,G,1.39,3,
IC3060,,183.758708,12.547111,0.72,G,0.53,178,
IC3061,,183.768500,14.028972,2.22,G,0.40,120,
IC3062,,183.772375,13.594750,0.81,G,0.67,175,
IC3063,,183.778042,12.016722,0.98,G,0.49,18,
IC3065,,183.802333,14.432889,1.24,G,0.88,179,
IC3066,,183.819083,13.473139,0.97,G,0.32,138,
IC3068,,183.846667,11.510889,0.46,G,0.21,44,
IC3069,,183.832792,10.160806,0.50,G,0.21,111,
IC3070,,183.852792,13.039472,,*,,,
IC3071,,183.882750,9.545556,,*,,,
IC3072,,183.908875,9.555639,,*,,,
IC3073,,183.898333,13.619167,0.88,G,0.67,103,
IC3074,,183.942458,10.699194,0.34,G,0.29,157,
IC3075,,183.979542,23.595556,0.93,G,0.55,62,
IC3076,,184.016583,9.078944,,*,,,
IC3077,,183.984750,14.433028,1.07,G,0.73,179,
IC3078,,184.000167,12.687306,0.58,G,0.50,31,
IC3079,,184.017208,11.534861,0.71,G,0.44,22,
IC3080,,184.011125,14.189389,0.73,G,0.60,55,
IC3081,,184.037750,12.691306,0.77,G,0.40,86,
IC3082,,184.050417,23.842083,0.67,G,0.19,8,
IC3083,,184.088500,12.527778,0.47,G,0.40,21,
IC3084,,184.097750,23.917889,0.45,G,0.34,0,
IC3085,,184.108375,9.469000,,*,,,
IC3086,,184.115583,9.009167,,**,,,
IC3087,,184.110417,13.287778,,**,,,
IC3088,,184.118167,9.458806,,*,,,
IC3089,,184.123750,23.827722,0.73,G,0.73,58,
IC3090,,184.131708,9.439444,,**,,,
IC3091,,184.121542,14.012361,1.08,G,0.50,125,
IC3092,,184.134542,10.046417,0.37,G,0.26,159,
IC3093,,184.176500,14.277806,0.37,G,0.26,177,
IC3094,,184.233375,13.625417,0.54,G,0.46,108,
IC3095,,184.231417,23.957917,0.53,G,0.36,77,
IC3096,,184.218167,14.514583,1.11,G,0.37,96,
IC3097,,184.254625,9.407556,0.79,G,0.53,26,
IC3099,,184.288625,12.454028,1.85,G,0.33,174,
IC3100,,184.273125,12.289833,1.41,G,0.44,58,
IC3101,,184.331875,11.943472,0.63,G,0.49,37,
IC3103,,184.368542,9.360444,,*,,,
IC3104,,184.691917,-79.726056,2.40,G,1.32,42,
IC3105,,184.390625,12.388111,1.55,G,0.31,28,
IC3106,,184.440875,9.613139,,*,,,
IC3107,,184.445542,10.844639,1.25,G,0.55,130,
IC3108,,184.427917,13.379917,0.77,G,0.21,93,
IC3109,,184.433792,13.171028,0.67,G,0.51,160,
IC3110,,184.436833,37.399694,0.27,G,0.22,44,
IC3111,,184.461708,8.430278,0.62,G,0.30,18,
IC3112,,184.451500,26.030722,1.14,G,0.57,174,
IC3114,,184.486458,9.135389,,*,,,
IC3116,,184.488208,25.076528,0.45,G,0.41,19,
IC3117,,184.519417,9.076528,,**,,,
IC3118,,184.546042,9.499806,1.29,G,0.52,171,
IC3119,,184.535333,24.688306,0.57,G,0.51,146,
IC3120,,184.563958,13.749139,0.64,G,0.54,134,
IC3121,,184.572917,13.257222,0.50,GPair,,,
IC3121 NED01,,184.573708,13.256444,0.53,G,0.27,129,
IC3121 NED02,,184.572333,13.258278,0.49,G,0.43,158,
IC3122,,184.589250,25.216806,1.27,G,0.57,150,
IC3123,,184.614958,8.064917,,*,,,
IC3124,,184.614708,9.588389,,*,,,
IC3125,,184.606125,24.365111,,*,,,
IC3126,,184.654833,13.815167,0.50,G,0.38,26,
IC3127,,184.646792,11.870417,0.52,G,0.45,24,
IC3128,,184.667500,11.733611,1.40,GTrpl,,,
IC3128A,,184.674458,11.731833,0.65,G,0.34,156,
IC3128B,,184.660667,11.735028,0.33,G,0.17,179,
IC3129,,184.687333,9.590667,,*,,,
IC3130,,184.706667,8.232972,,**,,,
IC3131,,184.712042,7.861889,1.00,G,0.99,50,
IC3133,,184.727333,7.639667,,Other,,,
IC3134,,184.733833,8.961611,0.80,G,0.33,169,
IC3135,,184.719083,27.491500,0.33,G,0.24,117,
IC3136,,184.739042,6.184389,1.22,G,0.46,33,
IC3137,,184.727792,12.470056,0.67,G,0.17,43,
IC3138,,184.734167,12.443889,0.50,GPair,,,
IC3138 NED01,,184.734000,12.445278,0.44,G,0.32,72,
IC3138 NED02,,184.734167,12.442111,0.17,G,0.10,173,
IC3139,,184.753167,9.126778,,*,,,
IC3140,,184.741167,27.129472,,*,,,
IC3141,,184.743500,24.186278,0.89,G,0.51,36,
IC3142,,184.764583,13.981389,1.40,GPair,,,
IC3142 NED01,,184.758250,13.982444,0.67,G,0.58,33,
IC3142 NED02,,184.771458,13.980528,0.86,G,0.37,140,
IC3143,,184.772458,27.298417,0.63,G,0.44,146,
IC3144,,184.790667,25.296972,0.38,G,0.29,29,
IC3145,,184.793708,24.294139,,*,,,
IC3146,,184.802083,25.715028,0.51,G,0.47,54,
IC3147,,184.824583,12.017222,1.00,GPair,,,
IC3147 NED01,,184.821625,12.016194,0.66,G,0.39,74,
IC3147 NED02,,184.827792,12.018194,0.51,G,0.33,71,
IC3148,,184.840083,7.870333,0.62,G,0.41,42,
IC3149,,184.850875,12.301389,0.64,G,0.62,85,
IC3150,,184.868708,7.798222,0.36,G,0.23,37,
IC3151,,184.887000,9.414222,0.90,G,0.39,115,
IC3152,,184.899958,-26.145500,1.66,G,1.45,41,
IC3153,,184.903500,5.397806,0.54,G,0.45,44,
IC3154,,184.891625,25.585917,0.61,G,0.44,105,
IC3155,,184.938792,6.005750,1.00,G,0.46,34,
IC3156,,184.933917,9.148583,0.72,G,0.49,64,
IC3157,,184.949667,12.421944,0.96,G,0.54,109,
IC3158,,184.957750,9.289750,,**,,,
IC3159,,184.971708,11.674472,0.50,G,0.35,29,
IC3160,,184.999375,9.101889,,*,,,
IC3161,,185.005042,8.999056,,*,,,
IC3162,,185.013042,8.996972,,*,,,
IC3163,,185.023958,9.255611,,**,,,
IC3164,,185.020375,24.955917,,**,,,
IC3165,,185.019875,27.975333,1.00,G,0.63,9,
IC3166,,184.975000,60.694278,,Other,,,
IC3167,,185.078250,9.545361,1.35,G,0.78,110,
IC3168,,185.077250,27.920389,0.72,G,0.43,58,
IC3169,,185.089125,25.599500,0.48,G,0.33,136,
IC3170,,185.110625,9.424250,0.58,G,0.57,55,
IC3171,,185.100250,25.560583,0.92,G,0.68,56,
IC3172,,185.102292,27.818778,0.68,G,0.49,6,
IC3173,,185.125750,11.340944,0.72,G,0.54,85,
IC3174,,185.123042,10.245167,0.63,G,0.40,149,
IC3175,,185.138958,9.853417,0.83,G,0.39,53,
IC3176,,185.125333,25.515417,0.67,G,0.26,151,
IC3177,,185.143042,14.127611,,Other,,,
IC3178,,185.146083,26.169306,,*,,,
IC3179,,185.157208,26.165389,0.32,G,0.32,123,
IC3180,,185.098917,60.694333,,Other,,,
IC3182,,185.199000,12.730139,,**,,,
IC3183,,185.203625,6.686722,,**,,,
IC3184,,185.195000,24.915583,0.77,G,0.39,42,
IC3185,,185.219500,25.429694,0.68,G,0.22,106,
IC3186,,185.232833,24.668583,0.53,G,0.41,155,
IC3187,,185.227833,11.161806,0.69,G,0.42,101,
IC3188,,185.229583,11.008889,0.77,G,0.55,54,
IC3189,,185.234667,25.426528,0.60,G,0.30,111,
IC3190,,185.260042,9.569778,,*,,,
IC3191,,185.271458,7.704417,,*,,,
IC3192,,185.270042,11.754611,0.58,G,0.45,170,
IC3193,,185.255333,27.898778,0.98,G,0.38,132,
IC3194,,185.287500,25.133500,0.57,G,0.43,172,
IC3195,,185.322625,25.808278,0.52,G,0.46,44,
IC3196,,185.360958,11.757778,0.53,G,0.41,88,
IC3197,,185.357917,25.443889,,*,,,
IC3198,,185.379750,26.366306,,*,,,
IC3199,,185.440000,10.595639,1.00,G,0.52,2,
IC3200,,185.404958,26.760778,0.53,G,0.39,6,
IC3201,,185.418208,25.726000,0.40,G,0.25,111,
IC3202,,185.434708,27.057111,0.67,G,0.55,130,
IC3203,,185.440125,25.884667,1.31,G,0.22,146,
IC3204,,185.460125,24.249111,0.52,G,0.30,108,
IC3205,,185.462250,26.341000,0.62,G,0.52,113,
IC3206,,185.463792,26.363583,0.53,G,0.31,106,
IC3207,,185.467625,24.354556,0.79,G,0.31,91,
IC3208,,185.481583,11.966833,0.98,G,0.40,78,
IC3209,,185.525625,11.754722,1.00,G,0.36,151,
IC3210,,185.504083,28.431083,0.66,G,0.50,85,
IC3212,,185.514167,28.186000,0.71,G,0.65,110,
IC3213,,185.531958,23.869611,0.49,G,0.28,175,
IC3214,,185.537958,27.235083,,*,,,
IC3215,,185.543250,26.051944,1.27,G,0.35,93,
IC3216,,185.549208,25.286694,0.52,G,0.40,104,
IC3217,,185.554458,26.388028,0.41,G,0.23,40,
IC3218,,185.581333,6.927917,0.64,G,0.56,74,
IC3219,,185.562625,25.951333,0.84,G,0.25,5,
IC3220,,185.589958,10.601972,1.05,G,0.48,4,
IC3221,,185.583958,25.283778,0.57,G,0.27,128,
IC3222,,185.581125,28.831583,0.59,G,0.36,16,
IC3223,,185.627542,9.487250,,Other,,,
IC3224,,185.649625,12.158028,0.38,G,0.31,51,
IC3225,,185.662458,6.677056,0.91,G,0.40,34,
IC3226,,185.645625,26.067333,,*,,,
IC3227,,185.648583,24.085139,0.46,G,0.22,169,
IC3228,,185.664083,24.330083,1.11,G,0.25,141,
IC3229,,185.720000,6.679861,1.23,G,0.41,43,
IC3230,,185.665333,27.746972,0.44,G,0.32,101,
IC3231,,185.682417,24.820472,0.65,G,0.47,0,
IC3232,,185.699125,24.424528,,*,,,
IC3233,,185.728708,12.566778,0.69,G,0.34,90,
IC3234,,185.717333,28.112528,0.42,G,0.38,82,
IC3235,,185.741250,13.545778,0.62,G,0.33,146,
IC3236,,185.750958,10.101222,0.42,G,0.23,132,
IC3237,,185.741708,28.494167,0.47,G,0.32,67,
IC3238,,185.776583,14.458333,0.67,G,0.47,11,
IC3239,,185.789875,11.726000,0.78,G,0.30,147,
IC3240,,185.780500,10.362278,0.46,G,0.31,77,
IC3241,,185.785167,26.905278,0.67,G,0.49,17,
IC3242,,185.793500,26.248889,0.63,G,0.38,158,
IC3243,,185.797208,27.765694,0.75,G,0.36,62,
IC3244,,185.801083,14.388972,0.77,G,0.61,80,
IC3245,,185.823792,9.129556,,Other,,,
IC3246,,185.821458,13.051833,0.54,G,0.48,43,
IC3247,,185.808292,28.893750,1.86,G,0.26,174,
IC3248,,185.820333,25.552028,,*,,,
IC3249,,185.824708,25.444667,0.37,G,0.21,13,
IC3250,,185.824250,25.628806,,*,,,
IC3251,,185.828708,25.653389,,*,,,
IC3252,,185.853833,28.618222,,**,,,
IC3253,,185.938417,-34.622194,3.02,G,1.20,24,
IC3255,,185.894750,9.648611,0.60,G,0.49,101,
IC3257,,185.936292,7.253778,,Other,,,
IC3258,,185.935292,12.478333,1.35,G,1.09,88,
IC3259,,185.952167,7.186833,1.64,G,0.83,18,
IC3261,,185.968750,11.481306,0.47,G,0.24,110,
IC3262,,185.950708,27.394278,0.77,G,0.38,149,
IC3263,,185.960792,28.199500,0.60,G,0.57,57,
IC3264,,185.966458,25.557389,0.59,G,0.36,145,
IC3265,,185.995125,7.803778,,*,,,
IC3267,,186.023042,7.041278,1.21,G,1.17,30,
IC3268,,186.031000,6.607472,1.00,G,0.80,12,
IC3269,,186.018333,27.434778,0.75,G,0.43,167,
IC3270,,186.024375,27.577889,0.61,G,0.52,128,
IC3271,,186.058042,7.952972,0.79,G,0.71,102,
IC3272,,186.038792,23.284639,0.51,G,0.25,153,
IC3275,,186.081167,10.446333,0.53,G,0.35,89,
IC3276,,186.058750,25.818778,0.57,G,0.43,102,
IC3277,,186.065458,25.564000,,Other,,,
IC3278,,186.062333,27.420806,0.90,GTrpl,,,
IC3278 NED01,,186.059792,27.423472,0.36,G,0.32,9,
IC3278 NED02,,186.062750,27.423250,0.54,G,0.49,10,
IC3278 NED03,,186.064333,27.418472,0.43,G,0.30,86,
IC3279,,186.100125,12.852444,,**,,,
IC3280,,186.111417,13.233444,0.70,G,0.57,38,
IC3281,,186.116292,7.819139,,Other,,,
IC3282,,186.116875,25.670639,,*,,,
IC3283,,186.116750,27.211250,0.68,G,0.32,46,
IC3284,,186.156500,10.839028,0.55,G,0.50,137,
IC3285,,186.139542,24.859667,,*,,,
IC3286,,186.143667,23.747889,0.49,G,0.40,69,
IC3287,,186.154000,24.594722,0.21,G,0.19,16,
IC3288,,186.164208,24.949861,0.55,G,0.36,131,
IC3289,,186.239375,-26.030722,1.15,G,1.08,28,
IC3290,,186.287333,-39.775500,2.22,G,1.49,36,
IC3291,,186.201708,12.018500,0.57,G,0.37,80,
IC3292,,186.201500,18.195111,1.09,G,0.82,134,
IC3293,,186.222958,17.432417,0.69,G,0.44,65,
IC3294,,186.207208,25.597472,0.38,G,0.29,2,
IC3295,,186.204083,28.707833,,Other,,,
IC3296,,186.241000,24.382861,0.49,G,0.35,101,
IC3297,,186.242250,26.771194,,*,,,
IC3298,,186.265833,17.015333,1.28,G,0.37,156,
IC3299,,186.263083,27.374472,0.60,G,0.41,36,
IC3300,,186.270750,25.957556,1.15,G,0.30,80,
IC3301,,186.323083,14.172556,0.52,G,0.40,31,
IC3302,,186.293458,25.879806,0.37,G,0.35,29,
IC3303,,186.313333,12.714611,0.95,G,0.55,70,
IC3304,,186.298833,25.424278,0.24,G,0.17,92,
IC3305,,186.310417,11.849611,1.08,G,0.44,41,
IC3306,,186.302000,27.402361,0.94,G,0.32,142,
IC3308,,186.325875,26.715111,0.58,G,0.28,64,
IC3309,,186.333875,28.381000,1.00,G,0.37,87,
IC3310,,186.480417,15.680528,,*,,,
IC3311,,186.387958,12.260333,1.85,G,0.44,134,
IC3312,,186.374583,23.581639,0.50,G,0.30,157,
IC3313,,186.401833,15.829833,1.34,G,1.27,179,
IC3314,,186.381208,23.591056,0.53,G,0.47,19,
IC3315,,186.412208,12.313750,0.60,G,0.49,85,
IC3316,,186.400625,26.163250,0.46,G,0.40,96,
IC3317,,186.412125,25.343917,0.52,G,0.48,14,
IC3318,,186.457708,9.762806,,*,,,
IC3319,,186.462208,10.391000,,Other,,,
IC3321,,186.442417,26.082528,0.71,G,0.32,8,
IC3322,,186.475417,7.554778,2.33,G,0.65,156,
IC3322A,,186.427333,7.216667,3.58,G,0.52,156,
IC3323,,186.450333,27.542389,,*,,,
IC3324,,186.454833,26.739889,0.30,G,0.27,171,
IC3325,,186.464458,23.895917,0.71,G,0.59,26,
IC3326,,186.469792,23.768444,0.44,G,0.22,168,
IC3327,,186.511583,14.880361,0.90,G,0.78,42,
IC3328,,186.491375,10.053778,0.88,G,0.82,45,
IC3329,,186.483000,27.564111,,HII,,,
IC3330,,186.484625,30.843583,1.14,G,0.50,101,
IC3331,,186.522167,11.812222,1.02,G,0.54,51,
IC3332,,186.521625,25.279833,0.28,G,0.12,135,
IC3333,,186.536542,13.132944,,*,,,
IC3334,,186.539708,28.465833,0.75,G,0.65,2,
IC3335,,186.579708,26.129306,0.34,G,0.25,10,
IC3336,,186.582875,26.838444,0.64,G,0.29,74,
IC3337,,186.589458,25.311528,0.55,G,0.47,44,
IC3338,,186.592833,25.886222,0.83,G,0.36,67,
IC3340,,186.636292,16.844667,0.70,G,0.36,24,
IC3341,,186.596625,27.745528,0.46,G,0.26,72,
IC3342,,186.614042,27.138639,,*,,,
IC3343,,186.646250,8.874278,,*,,,
IC3344,,186.634958,13.578778,0.80,G,0.44,60,
IC3345,,186.638917,24.368861,0.33,G,0.30,106,
IC3346,,186.685125,11.379722,0.65,G,0.50,147,
IC3347,,186.685708,10.918583,0.55,G,0.36,141,
IC3348,,186.658792,25.624889,0.41,G,0.36,66,
IC3349,,186.696083,12.453972,0.90,G,0.85,25,
IC3350,,186.693458,9.442611,,**,,,
IC3351,,186.670792,27.605583,,*,,,
IC3352,,186.699167,8.757500,,Other,,,
IC3353,,186.687833,27.912333,0.83,G,0.15,98,
IC3354,,186.714417,12.097139,,*,,,
IC3355,,186.713083,13.175722,1.09,G,0.43,166,
IC3356,,186.710375,11.559028,1.47,G,0.80,70,
IC3357,,186.713958,9.777500,0.51,G,0.25,164,
IC3358,,186.726417,11.663972,1.05,G,0.82,118,
IC3359,,186.714167,23.498167,0.51,G,0.28,70,
IC3360,,186.711333,26.046639,,*,,,
IC3361,,186.727292,10.665861,1.02,G,0.71,119,
IC3362,,186.726708,26.690083,0.80,G,0.56,118,
IC3363,,186.762792,12.560806,0.97,G,0.43,124,
IC3364,,186.770458,25.563250,0.59,G,0.40,86,
IC3365,,186.796583,15.896667,0.87,G,0.66,67,
IC3366,,186.800500,9.410194,0.37,G,0.21,154,
IC3367,,186.799583,26.956750,1.50,GPair,,,
IC3367 NED01,,186.791958,26.957417,0.72,G,0.59,84,
IC3368,,186.834917,16.428583,0.71,G,0.52,0,
IC3369,,186.820583,16.024472,0.81,G,0.55,136,
IC3370,,186.905542,-39.337778,3.12,G,2.29,53,
IC3371,,186.842708,10.866778,1.17,G,0.26,54,
IC3372,,186.852250,25.287222,0.28,G,0.27,98,
IC3373,,186.865875,25.453917,0.68,G,0.38,99,
IC3374,,186.889500,10.003778,0.95,G,0.50,155,
IC3375,,186.918167,27.364750,,*,,,
IC3376,,186.959750,26.993528,0.87,G,0.60,81,
IC3377,,186.966458,24.942167,0.51,G,0.30,129,
IC3378,,187.006292,17.296306,0.54,G,0.34,175,
IC3379,,187.017750,17.305750,0.73,G,0.35,32,
IC3380,,187.023042,26.672861,0.51,G,0.43,109,
IC3381,,187.062000,11.789833,1.19,G,0.87,104,
IC3382,,187.056417,13.570694,1.00,G,0.28,150,
IC3383,,187.051333,10.297667,0.78,G,0.54,29,
IC3384,,187.051083,25.091333,0.68,G,0.30,52,
IC3385,,187.062292,25.432611,0.78,G,0.51,147,
IC3386,,187.098667,13.195750,0.81,G,0.35,100,
IC3387,,187.078417,27.995722,0.35,G,0.27,24,
IC3388,,187.116917,12.823667,0.74,G,0.55,74,
IC3389,,187.098000,27.844944,0.33,G,0.20,159,
IC3390,,187.119042,24.809333,0.61,G,0.46,107,
IC3391,,187.113750,18.415028,1.03,G,0.83,71,
IC3392,,187.180250,14.999500,2.60,G,1.10,39,
IC3393,,187.173792,12.915917,1.10,G,0.48,132,
IC3394,,187.171708,26.798417,0.59,G,0.50,143,
IC3395,,187.185417,25.034750,0.58,G,0.30,50,
IC3396,,187.187417,25.050222,0.11,G,0.08,84,
IC3397,,187.194000,25.731917,0.61,G,0.53,10,
IC3399,,187.233250,25.696083,,*,,,
IC3400,,187.262083,9.406167,,*,,,
IC3401,,187.245167,26.460083,0.41,G,0.37,5,
IC3402,,187.247167,28.861944,1.17,G,0.21,7,
IC3403,,187.256083,24.632667,0.43,G,0.42,35,
IC3404,,187.294667,7.153944,,Other,,,
IC3405,,187.248375,37.730111,0.71,G,0.32,27,
IC3406,,187.260958,27.640528,0.65,G,0.40,70,
IC3407,,187.266083,27.778861,0.97,G,0.54,147,
IC3408,,187.315792,11.875889,,*,,,
IC3409,,187.338458,14.789306,0.58,G,0.52,156,
IC3410,,187.275708,19.004778,0.69,G,0.62,8,
IC3411,,187.301625,24.584194,0.70,G,0.23,170,
IC3412,,187.344375,9.989028,0.74,G,0.34,9,
IC3413,,187.343792,11.433889,1.21,G,0.70,164,
IC3414,,187.369917,6.771806,0.81,G,0.38,32,
IC3415,,187.340042,26.766222,,*,,,
IC3416,,187.395667,10.793083,0.95,G,0.52,71,
IC3417,,187.413417,7.861278,,*,,,
IC3418,,187.433000,11.404694,1.32,G,0.90,68,
IC3419,,187.435750,15.024750,0.68,G,0.43,1,
IC3420,,187.427333,13.446417,,*,,,
IC3421,,187.410792,26.230611,0.69,G,0.53,17,
IC3422,,187.477542,14.688361,0.58,G,0.45,88,
IC3423,,187.443833,13.658778,,*,,,
IC3424,,187.437667,24.408667,0.41,G,0.20,105,
IC3425,,187.484958,10.615333,0.61,G,0.32,35,
IC3426,,187.506083,13.598167,,*,,,
IC3428,,187.531292,23.675028,,*,,,
IC3429,,187.533083,23.545139,0.38,G,0.33,18,
IC3430,,187.570333,9.085111,1.11,G,0.38,112,
IC3431,,187.600750,11.614472,0.47,G,0.32,13,
IC3432,,187.616000,14.160194,0.69,G,0.42,56,
IC3433,,187.617542,17.309722,0.80,G,0.57,87,
IC3434,,187.613583,18.809722,0.76,G,0.40,55,
IC3435,,187.666167,15.129694,1.35,G,0.47,141,
IC3436,,187.624708,19.673028,0.75,G,0.44,144,
IC3437,,187.691292,11.343194,0.61,G,0.39,68,
IC3439,,187.747792,25.561806,0.66,G,0.58,40,
IC3440,,187.771500,12.029861,0.60,G,0.49,85,
IC3441,,187.768417,28.852694,0.64,G,0.43,142,
IC3442,,187.834125,14.115194,0.94,G,0.71,20,
IC3443,,187.815542,12.331778,0.55,G,0.51,49,
IC3444,,187.807875,27.549639,,**,,,
IC3445,,187.830958,12.738000,0.47,G,0.35,36,
IC3446,,187.845583,11.492389,0.62,G,0.39,1,
IC3447,,187.824583,10.680167,0.37,G,0.32,6,
IC3448,,187.846625,17.206417,0.97,G,0.57,97,
IC3449,,187.845583,25.914000,0.31,G,0.22,142,
IC3450,,187.853417,26.796139,0.47,G,0.27,158,
IC3451,,187.850292,28.855194,0.68,G,0.48,92,
IC3453,,187.907250,14.859806,0.95,G,0.26,164,
IC3454,,187.911042,27.495722,1.12,G,0.26,26,
IC3455,,187.935625,25.786083,0.59,G,0.31,0,
IC3456,,187.932292,28.357167,,Other,,,
IC3457,,187.963917,12.657000,1.00,G,0.67,143,
IC3458,,187.933333,28.147361,0.67,G,0.58,76,
IC3459,,187.983000,12.174028,1.11,G,0.86,163,
IC3460,,187.959958,27.386889,0.62,G,0.20,109,
IC3461,,188.011417,11.890083,0.73,G,0.55,154,
IC3462,,188.039917,15.300944,0.67,G,0.39,43,
IC3463,,188.019083,12.319417,,Other,,,
IC3464,,188.000833,26.004833,,*,,,
IC3465,,188.051000,12.061556,0.44,G,0.32,110,
IC3466,,188.023667,11.817917,0.65,G,0.46,69,
IC3467,,188.102375,11.787583,0.96,G,0.27,69,
IC3468,,188.059208,10.251472,1.28,G,1.15,170,
IC3469,,188.045750,25.802778,0.34,G,0.27,55,
IC3470,,188.097458,11.262972,0.95,G,0.95,21,
IC3471,,188.095083,16.018833,1.00,G,0.58,1,
IC3472,,188.078250,24.728250,0.50,G,0.45,136,
IC3473,,188.079667,18.244139,1.05,G,0.70,37,
IC3474,,188.152125,2.661528,2.26,G,0.39,43,
IC3475,,188.171083,12.771000,1.56,G,1.29,84,
IC3476,,188.174500,14.050444,1.67,G,1.18,28,
IC3477,,188.159208,26.038444,,*,,,
IC3478,,188.184167,14.196194,0.91,G,0.81,120,
IC3479,,188.170542,25.406111,0.29,G,0.20,6,
IC3480,,188.172875,26.828556,,**,,,
IC3481,,188.217750,11.404389,0.87,G,0.84,33,
IC3482,,188.254167,27.830306,0.43,G,0.18,44,
IC3483,,188.291917,11.347333,0.87,G,0.55,177,
IC3484,,188.272083,17.403000,0.78,G,0.63,27,
IC3485,,188.296917,9.217278,,*,,,
IC3486,,188.308375,12.857833,0.82,G,0.56,39,
IC3487,,188.306000,9.397361,0.92,G,0.54,76,
IC3488,,188.285208,26.349361,0.64,G,0.59,73,
IC3489,,188.307083,12.247000,0.65,G,0.60,5,
IC3490,,188.307917,10.928528,0.59,G,0.33,64,
IC3491,,188.287458,27.094389,0.83,G,0.21,6,
IC3492,,188.332417,12.853444,0.70,G,0.57,56,
IC3493,,188.328667,9.393194,,*,,,
IC3494,,188.307125,27.584111,0.30,G,0.24,127,
IC3495,,188.317875,26.808806,,**,,,
IC3496,,188.330458,26.755444,,*,,,
IC3497,,188.368917,25.488750,,*,,,
IC3498,,188.370708,26.738056,0.69,G,0.24,56,
IC3499,,188.437500,10.995722,1.61,G,0.56,125,
IC3500,,188.456958,13.962778,0.57,G,0.40,93,
IC3501,,188.465083,13.322444,0.93,G,0.84,25,
IC3502,,188.426375,26.617361,0.76,G,0.22,5,
IC3503,,188.451125,37.789306,,*,,,
IC3504,,188.532708,6.886361,,*,,,
IC3505,,188.542958,15.968222,0.85,G,0.35,172,
IC3506,,188.528083,12.741611,0.71,G,0.65,49,
IC3507,,188.518542,25.362833,0.41,G,0.35,158,
IC3508,,188.528958,26.670778,1.03,G,0.95,49,
IC3509,,188.548042,12.048972,1.01,G,0.72,69,
IC3510,,188.561708,11.071528,0.81,G,0.62,15,
IC3511,,188.539542,27.348639,,*,,,
IC3512,,188.540250,27.361111,,*,,,
IC3513,,188.548375,27.330556,,*,,,
IC3514,,188.565792,26.700611,,**,,,
IC3515,,188.567083,27.862250,0.65,G,0.26,62,
IC3516,,188.571417,27.452306,0.87,G,0.17,70,
IC3517,,188.628167,9.154750,1.16,G,0.72,16,
IC3518,,188.630375,9.623444,1.32,G,0.54,37,
IC3519,,188.660000,15.602694,0.68,G,0.49,14,
IC3520,,188.632542,13.503667,0.85,G,0.60,26,
IC3521,,188.664625,7.160194,1.39,G,1.03,21,
IC3522,,188.689917,15.220778,1.08,G,0.58,93,
IC3523,,188.664167,14.016778,0.38,G,0.32,139,
IC3524,,188.679583,14.244333,,*,,,
IC3525,,188.693500,10.176694,0.36,G,0.29,6,
IC3526,,188.669208,25.684139,,**,,,
IC3527,,188.676208,26.155111,,**,,,
IC3528,,188.732917,15.565611,0.33,G,0.33,115,
IC3529,,188.707333,25.698778,,*,,,
IC3530,,188.705500,17.814278,1.75,G,1.22,133,
IC3531,,188.735583,26.626583,0.43,G,0.39,80,
IC3532,,188.739667,25.880639,,*,,,
IC3533,,188.755333,25.779722,0.44,G,0.30,27,
IC3534,,188.717208,14.978167,0.48,G,0.47,106,
IC3535,,188.795417,25.731972,,*,,,
IC3536,,188.802042,26.533417,0.87,G,0.19,155,
IC3537,,188.843583,7.653000,,*,,,
IC3538,,188.814833,26.235528,,*,,,
IC3539,,188.833708,23.983139,,*,,,
IC3540,,188.863458,12.750250,0.88,G,0.79,68,
IC3541,,188.840500,23.975250,,*,,,
IC3542,,188.921625,11.667167,0.66,G,0.43,164,
IC3544,,188.947500,14.300556,,**,,,
IC3547,,188.953708,26.329111,,*,,,
IC3548,,188.985958,10.936306,0.74,G,0.48,122,
IC3549,,188.961875,26.395222,,*,,,
IC3551,,188.973792,27.964167,,HII,,,
IC3552,,188.974583,27.993889,,HII,,,
IC3553,,188.983042,26.193056,,*,,,
IC3554,,188.979958,27.927333,,*,,,
IC3555,,188.983125,27.988889,,HII,,,
IC3556,,188.993583,26.966056,0.56,G,0.34,177,
IC3557,,189.034042,16.640861,0.40,GPair,,,
IC3557 NED01,,189.033917,16.641472,0.95,G,0.90,85,
IC3557 NED02,,189.035167,16.640583,0.10,G,0.10,129,
IC3558,,189.011667,11.849806,0.33,G,0.30,51,
IC3559,,189.014000,26.987361,0.50,G,0.18,69,
IC3560,,189.016292,27.078194,0.78,G,0.64,52,
IC3561,,189.019958,26.899611,0.60,G,0.19,71,
IC3562,,189.044000,9.922611,0.93,G,0.36,46,
IC3563,,189.030083,27.927361,,HII,,,
IC3564,,189.033708,27.928389,,*Ass,,,
IC3565,,189.051083,26.756111,0.31,G,0.23,23,
IC3566,,189.090500,11.164889,,Other,,,
IC3567,,189.094667,13.602861,0.67,G,0.52,15,
IC3568,,188.278250,82.563917,0.38,PN,,,
IC3570,,189.076167,24.078472,,*,,,
IC3571,,189.083292,26.083778,0.60,G,0.51,121,
IC3572,,189.116375,11.618500,,**,,,
IC3573,,189.113417,11.759111,0.46,G,0.32,141,
IC3574,,189.115958,12.405167,0.73,G,0.58,121,
IC3575,,189.134917,13.748417,0.66,G,0.47,156,
IC3576,,189.157000,6.620889,2.30,G,2.17,0,
IC3577,,189.151125,11.897139,,Other,,,
IC3578,,189.164208,11.101861,0.85,G,0.35,138,
IC3579,,189.136417,26.104139,,*,,,
IC3580,,189.121792,18.300500,0.86,G,0.76,57,
IC3581,,189.158792,24.429028,0.79,G,0.48,49,
IC3582,,189.153792,26.234667,0.29,G,0.25,54,
IC3583,,189.181208,13.259333,1.05,G,0.52,5,
IC3584,,189.187917,12.233056,,*,,,
IC3585,,189.166250,26.829944,0.82,G,0.67,108,
IC3586,,189.228542,12.520083,1.16,G,1.00,73,
IC3587,,189.201375,27.548528,1.43,G,0.21,121,
IC3589,,189.255000,6.937000,,*,,,
IC3590,,189.211292,27.278139,0.91,G,0.24,127,
IC3591,,189.262667,6.926639,0.79,G,0.49,46,
IC3594,,189.234958,26.115500,,*,,,
IC3595,,189.276667,23.786889,0.39,G,0.27,109,
IC3596,,189.328750,26.520917,,Other,,,
IC3597,,189.352667,23.864056,0.82,G,0.62,78,
IC3598,,189.337833,28.208167,1.41,G,0.40,139,
IC3599,,189.421667,26.707667,0.51,G,0.30,129,
IC3600,,189.421500,27.129556,0.67,G,0.61,134,
IC3601,,189.473500,15.224667,0.79,G,0.52,152,
IC3602,,189.576250,10.072833,0.82,G,0.28,74,
IC3603,,189.567292,15.569806,0.36,G,0.24,157,
IC3604,,189.586333,11.730722,0.52,G,0.36,174,
IC3605,,189.587292,19.541333,0.70,G,0.45,12,
IC3606,,189.604542,12.610611,0.61,G,0.49,16,
IC3607,,189.634042,10.376528,0.42,G,0.25,141,
IC3608,,189.655542,10.475889,3.35,G,0.45,93,
IC3609,,189.644667,14.352417,0.38,G,0.26,18,
IC3610,,189.696417,26.872861,0.32,G,0.18,130,
IC3611,,189.767250,13.363528,1.37,G,0.70,132,
IC3612,,189.769583,14.731139,1.05,G,0.63,44,
IC3613,,189.769958,13.759000,0.49,G,0.28,159,
IC3614,,189.754500,26.302833,0.30,G,0.22,158,
IC3615,,189.756708,18.200667,1.06,G,0.31,11,
IC3617,,189.854167,7.965833,0.74,G,0.31,63,
IC3618,,189.821375,26.677778,0.50,G,0.48,74,
IC3619,,189.828250,24.142417,,**,,,
IC3620,,189.825083,27.908639,0.76,G,0.22,165,
IC3621,,189.889917,15.502611,1.01,G,0.75,14,
IC3622,,189.885333,15.432056,0.30,G,0.25,131,
IC3623,,189.865083,27.102333,0.80,G,0.58,56,
IC3624,,189.893667,11.982194,0.49,G,0.40,99,
IC3625,,189.888208,10.967667,0.43,G,0.41,80,
IC3626,,189.881833,25.677389,0.54,G,0.32,15,
IC3627,,189.883333,27.497278,0.44,G,0.25,76,
IC3628,,189.911708,26.238889,,*,,,
IC3629,,189.944417,13.533306,0.98,G,0.47,73,
IC3630,,189.944167,25.432528,,*,,,
IC3631,,189.950042,12.973972,1.06,G,0.72,91,
IC3632,,190.000000,26.682222,0.40,G,0.30,92,
IC3633,,190.046875,9.896139,0.58,G,0.44,125,
IC3634,,190.047333,9.847778,0.93,G,0.72,48,
IC3635,,190.055750,12.874778,0.85,G,0.65,165,
IC3636,,190.064750,22.074556,,**,,,
IC3637,,190.081542,14.715000,1.23,G,0.74,19,
IC3638,,190.069167,10.518528,0.68,G,0.58,55,
IC3639,,190.220208,-36.755861,1.24,G,1.16,41,
IC3640,,190.105000,26.524167,0.45,G,0.25,47,
IC3641,,190.112000,26.521583,0.66,G,0.14,174,
IC3642,,190.107208,26.731222,0.37,G,0.34,26,
IC3643,,190.170292,12.406583,0.53,G,0.34,109,
IC3644,,190.150958,26.504611,0.91,G,0.23,15,
IC3645,,190.156708,26.541361,,*,,,
IC3646,,190.160417,26.526194,0.69,G,0.30,89,
IC3647,,190.221292,10.475361,1.34,G,0.84,140,
IC3648,,190.217458,12.985000,,*,,,
IC3649,,190.207042,21.104750,0.30,G,0.26,97,
IC3650,,190.202125,26.472722,,**,,,
IC3651,,190.220458,26.728139,1.05,G,1.04,95,
IC3652,,190.244000,11.184500,0.99,G,0.92,94,
IC3653,,190.315542,11.387250,0.62,G,0.48,15,
IC3654,,190.302083,22.589444,0.39,G,0.30,49,
IC3655,,190.310250,20.666194,0.30,G,0.23,114,
IC3656,,190.308042,22.594972,0.41,G,0.21,94,
IC3657,,190.329250,21.672500,0.23,G,0.19,20,
IC3658,,190.335958,14.700556,1.34,G,0.70,74,
IC3659,,190.365083,22.930806,0.47,G,0.25,76,
IC3660,,190.403500,21.093361,,*,,,
IC3661,,190.398875,22.494861,0.55,G,0.14,109,
IC3662,,190.401125,23.425167,0.63,G,0.47,133,
IC3663,,190.414208,12.247389,0.95,G,0.56,3,
IC3664,,190.423125,19.944139,,*,,,
IC3665,,190.444583,11.488250,0.82,G,0.58,85,
IC3666,,190.472375,7.845028,,*,,,
IC3668,,190.387042,41.124167,0.79,Other,0.44,31,
IC3669,,190.399625,41.136583,0.02,Other,0.02,14,
IC3670,,190.479250,11.774167,0.37,G,0.30,55,
IC3671,,190.464083,23.510667,0.58,G,0.56,35,
IC3673,,190.518000,21.138333,,*,,,
IC3674,,190.521333,22.510778,,**,,,
IC3676,,190.551167,13.559833,,*,,,
IC3677,,190.549333,20.884861,0.36,G,0.28,49,
IC3678,,190.552417,20.880472,0.32,G,0.22,46,
IC3679,,190.546792,22.818278,,**,,,
IC3680,,190.503792,39.104250,,*,,,
IC3681,,190.507292,39.083417,,*,,,
IC3682,,190.581167,20.864444,,*,,,
IC3683,,190.586000,20.871306,0.36,G,0.29,24,
IC3684,,190.610458,11.740306,0.91,G,0.31,4,
IC3685,,190.634333,6.870917,,*,,,
IC3686,,190.650000,10.565306,0.84,G,0.34,172,
IC3687,,190.562917,38.503333,3.34,G,3.08,0,
IC3689,,190.654000,20.850500,0.62,G,0.47,84,
IC3690,,190.704958,10.357472,0.86,G,0.36,4,
IC3691,,190.706375,22.772222,0.38,G,0.28,34,
IC3692,,190.725000,20.989750,0.82,G,0.62,95,
IC3693,,190.741750,10.681806,0.66,G,0.46,94,
IC3694,,190.780333,11.212000,0.53,G,0.38,42,
IC3695,,190.778333,22.741944,,*,,,
IC3696,,190.790167,19.928028,0.39,G,0.22,94,
IC3697,,190.745208,39.845667,0.77,G,0.66,56,
IC3698,,190.822083,11.211528,0.49,G,0.41,5,
IC3699,,190.821375,19.000194,,**,,,
IC3700,,190.833333,19.265944,,*,,,
IC3701,,190.878792,11.047139,0.45,G,0.34,59,
IC3702,,190.868208,10.873861,0.49,G,0.34,43,
IC3703,,190.841667,37.974528,,*,,,
IC3704,,190.940042,10.770083,1.28,G,0.36,41,
IC3705,,190.922958,19.325278,0.70,GPair,,,
IC3705 NED01,,190.923000,19.327028,0.37,G,0.34,20,
IC3705 NED02,,190.923000,19.323139,0.38,G,0.18,163,
IC3706,,190.949958,9.231139,,**,,,
IC3707,,190.869500,37.982694,,*,,,
IC3708,,190.968958,13.137528,,Other,,,
IC3709,,191.016792,9.063333,0.67,G,0.58,4,
IC3710,,191.039375,12.116528,1.17,G,0.85,131,
IC3711,,191.039042,11.176611,0.81,G,0.60,41,
IC3712,,191.069375,10.374556,,Other,,,
IC3713,,191.013208,41.168917,0.70,G,0.52,136,
IC3714,,191.096167,10.188833,0.71,G,0.43,143,
IC3715,,191.089208,20.024333,0.56,G,0.53,64,
IC3716,,191.188083,8.102167,,Other,,,
IC3717,,191.095667,39.522306,0.80,G,0.22,155,
IC3718,,191.191583,12.351444,2.24,G,0.72,71,
IC3719,,191.197917,8.106917,0.49,G,0.33,87,
IC3720,,191.197833,12.064306,2.34,G,1.36,125,
IC3721,,191.221333,18.755250,0.96,G,0.37,136,
IC3722,,191.211208,11.778583,,Other,,,
IC3723,,191.127292,40.736889,0.33,G,0.22,106,
IC3724,,191.224000,10.282361,0.63,G,0.45,40,
IC3726,,191.177458,40.679000,1.33,G,0.29,115,
IC3727,,191.273583,10.900889,1.23,G,1.07,139,
IC3728,,191.263042,20.974083,0.37,G,0.33,116,
IC3729,,191.221333,39.351194,0.34,G,0.26,44,
IC3730,,191.277333,21.169583,0.55,G,0.53,136,
IC3731,,191.271917,12.446361,0.55,G,0.45,129,
IC3732,,191.299833,10.324444,0.49,G,0.36,47,
IC3733,,191.319667,6.956889,,*,,,
IC3734,,191.288667,23.039056,0.41,G,0.22,131,
IC3735,,191.335083,13.692667,1.18,G,0.87,151,
IC3736,,191.329000,21.535750,0.48,G,0.38,170,
IC3737,,191.332792,21.958167,,**,,,
IC3738,,191.357250,19.230861,0.25,G,0.12,57,
IC3739,,191.384458,12.997361,,Other,,,
IC3740,,191.377583,20.815944,0.64,G,0.29,7,
IC3741,,191.388667,19.204139,,**,,,
IC3742,,191.383417,13.332583,1.02,G,0.32,45,
IC3743,,191.422083,11.102111,,Other,,,
IC3744,,191.422833,19.500333,0.70,G,0.47,161,
IC3745,,191.436917,19.177250,1.04,G,0.91,39,
IC3746,,191.382958,37.823556,0.54,G,0.44,37,
IC3747,,191.393417,37.968528,,*,,,
IC3748,,191.462167,19.430333,,*,,,
IC3749,,191.464083,19.535583,,*,,,
IC3750,,191.487750,19.103861,,*,,,
IC3751,,191.437917,37.823056,0.20,G,0.17,85,
IC3752,,191.517042,19.011444,,**,,,
IC3753,,191.518250,19.121167,,*,,,
IC3754,,191.564750,8.348444,1.32,G,0.57,126,
IC3755,,191.539208,19.157250,,**,,,
IC3756,,191.542083,11.914611,0.38,G,0.30,26,
IC3757,,191.499083,38.515306,,Other,,,
IC3758,,191.498625,40.774861,0.58,G,0.54,53,
IC3759,,191.574042,20.783000,0.62,G,0.18,157,
IC3760,,191.576083,11.873583,0.43,G,0.33,120,
IC3761,,191.613875,20.289139,0.32,G,0.17,60,
IC3762,,191.656667,22.246361,0.38,G,0.21,40,
IC3763,,191.691792,21.985111,0.40,G,0.35,130,
IC3765,,191.646458,38.573889,,**,,,
IC3766,,191.723000,19.110583,0.41,G,0.35,47,
IC3767,,191.731167,10.182417,1.07,G,0.34,77,
IC3768,,191.669625,40.597667,,*,,,
IC3769,,191.700292,40.470194,,*,,,
IC3770,,191.815417,9.199111,,*,,,
IC3771,,191.719542,39.173056,0.33,G,0.26,83,
IC3772,,191.733708,36.530944,0.83,G,0.52,15,
IC3773,,191.813750,10.203583,1.93,G,0.73,20,
IC3774,,191.754542,36.288306,0.97,G,0.42,106,
IC3775,,191.817083,11.760222,0.81,G,0.34,51,
IC3776,,191.800875,22.484611,0.50,G,0.21,37,
IC3777,,191.855625,9.143472,,*,,,
IC3778,,191.758208,40.596417,0.55,G,0.35,38,
IC3779,,191.836000,12.166417,0.90,G,0.53,126,
IC3780,,191.783667,40.236028,,*,,,
IC3781,,191.852375,22.569778,,**,,,
IC3782,,191.815292,40.367750,,*,,,
IC3783,,191.866000,40.566583,0.66,G,0.52,98,
IC3784,,191.961250,19.384056,0.56,G,0.32,45,
IC3785,,191.967375,19.275222,0.18,G,0.16,157,
IC3786,,191.903750,39.046028,0.34,G,0.26,168,
IC3787,,191.924375,40.623778,,**,,,
IC3788,,192.030250,18.868861,0.66,G,0.66,20,
IC3789,,192.029583,20.194028,0.48,G,0.40,3,
IC3790,,192.061042,11.107583,,*,,,
IC3792,,192.059000,11.086333,,**,,,
IC3793,,192.049542,19.151694,0.43,G,0.23,74,
IC3794,,192.089625,19.170306,,*,,,
IC3795,,192.021292,40.719639,0.90,G,0.24,18,
IC3796,,192.112500,20.037694,,*,,,
IC3797,,192.145458,11.597806,,Other,,,
IC3798,,192.178833,9.241028,,*,,,
IC3799,,192.248500,-14.399222,2.77,G,0.38,32,
IC3800,,192.110125,36.575861,0.60,GPair,,,
IC3800 NED01,,192.110083,36.575861,0.32,G,0.21,47,
IC3800 NED02,,192.113542,36.575361,0.54,G,0.36,100,
IC3801,,192.252708,10.955972,,Other,,,
IC3802,,192.177542,38.246444,,*,,,
IC3803,,192.268333,10.631806,,*,,,
IC3805,,192.177625,38.253056,,**,,,
IC3806,,192.230667,14.907889,1.29,G,0.44,179,
IC3807,,192.374167,-4.402278,,Other,,,
IC3808,,192.244833,40.595917,0.95,G,0.42,156,
IC3809,,192.268792,36.489083,0.64,G,0.38,159,
IC3810,,192.263250,40.646639,,*,,,
IC3811,,192.356542,21.462139,,*,,,
IC3812,,192.474167,-6.717444,1.13,G,0.41,6,
IC3813,,192.509667,-25.920694,1.32,G,0.96,179,
IC3814,,192.385042,20.050472,0.59,G,0.38,132,
IC3815,,192.410542,19.275028,0.55,G,0.36,150,
IC3816,,192.368625,37.230278,0.81,G,0.76,7,
IC3817,,192.431125,22.831361,0.26,G,0.18,34,
IC3818,,192.444708,21.752222,0.41,G,0.19,169,
IC3819,,192.568208,-14.380750,0.56,G,0.45,70,
IC3820,,192.412292,37.117167,0.46,G,0.43,54,
IC3821,,192.489792,20.969028,,**,,,
IC3822,,192.594708,-14.321861,1.43,G,0.31,35,
IC3823,,192.433250,40.883444,,*,,,
IC3824,,192.627292,-14.425917,1.13,G,0.71,0,
IC3825,,192.654375,-14.482806,0.60,G,0.38,178,
IC3826,,192.666250,-9.031083,1.84,G,0.65,178,
IC3827,,192.717167,-14.491889,1.13,G,0.83,162,
IC3828,,192.586250,37.948944,0.68,G,0.34,53,
IC3829,,193.055417,-29.840667,3.41,G,1.04,10,
IC3830,,192.714042,19.836694,,*,,,
IC3831,,192.827458,-14.573583,1.50,G,1.11,138,
IC3832,,192.705000,39.810472,0.46,G,0.39,72,
IC3834,,192.885000,-14.221389,0.95,G,0.55,70,
IC3835,,192.732667,40.186750,0.50,G,0.25,98,
IC3836,,192.765500,40.184222,0.49,G,0.22,86,
IC3837,,192.887542,19.723056,0.56,G,0.32,73,
IC3839,,192.942750,20.420972,,*,,,
IC3840,,192.942083,21.735194,0.78,G,0.78,76,
IC3841,,192.960417,22.344500,,**,,,
IC3842,,192.899500,40.371361,0.34,G,0.30,164,
IC3843,,192.913292,39.001306,0.49,G,0.25,179,
IC3844,,193.027083,39.818250,0.39,G,0.30,31,
IC3845,,193.036083,38.619000,,*,,,
IC3846,,193.163417,13.647222,,Other,,,
IC3847,,193.140583,22.064722,0.30,G,0.25,126,
IC3848,,193.167458,21.416111,0.60,GPair,,,
IC3848 NED01,,193.166667,21.416667,0.55,G,0.28,113,
IC3848 NED02,,193.169125,21.414639,0.67,G,0.38,158,
IC3849,,193.153458,40.772222,,Other,,,
IC3850,,193.164667,40.103056,0.72,G,0.48,49,
IC3851,,193.269708,21.909167,,*,,,
IC3852,,193.263750,35.773444,1.10,G,0.43,60,
IC3853,,193.292917,38.829278,0.36,G,0.28,6,
IC3854,,193.310583,40.848167,0.37,G,0.24,24,
IC3855,,193.344542,36.786000,0.85,G,0.35,107,
IC3856,,193.441333,20.092083,0.67,G,0.20,122,
IC3857,,193.483583,19.607139,0.42,G,0.34,109,
IC3858,,193.481417,20.789028,,*,,,
IC3859,,193.582750,-9.117722,1.12,G,0.32,159,
IC3860,,193.527958,19.300722,0.36,G,0.32,119,
IC3861,,193.461792,38.281806,0.44,G,0.34,133,
IC3862,,193.470667,36.086944,0.87,G,0.42,134,
IC3863,,193.474333,38.480444,0.71,G,0.28,86,
IC3864,,193.551417,18.951278,0.23,G,0.16,146,
IC3865,,193.558958,18.868944,0.48,G,0.35,145,
IC3866,,193.563417,22.361833,0.60,GPair,,,
IC3866 NED01,,193.562375,22.359639,0.33,G,0.22,123,
IC3866 NED02,,193.564583,22.364278,0.34,G,0.26,15,
IC3867,,193.581583,18.941806,0.67,G,0.42,115,
IC3868,,193.587500,18.990333,0.41,G,0.25,63,
IC3869,,193.588625,18.971417,0.59,G,0.25,64,
IC3870,,193.589917,22.381694,0.30,G,0.27,34,
IC3871,,193.606958,18.929139,0.52,G,0.43,17,
IC3872,,193.627333,18.963167,0.23,G,0.18,38,
IC3873,,193.631667,18.882667,0.43,G,0.42,120,
IC3874,,193.643417,18.957000,0.45,G,0.38,102,
IC3875,,193.654875,22.036444,0.35,G,0.27,11,
IC3876,,193.701375,19.015333,0.40,G,0.23,43,
IC3877,,193.702833,19.178278,3.07,G,0.73,25,
IC3878,,193.623167,40.069722,,*,,,
IC3879,,193.632792,38.628556,0.64,G,0.42,179,
IC3880,,193.699958,22.502222,0.42,G,0.25,175,
IC3881,,193.724792,19.118056,0.40,G,0.31,94,
IC3882,,193.723792,22.575583,0.53,G,0.28,157,
IC3883,,193.806333,-8.119750,1.09,G,0.54,11,
IC3884,,193.740542,19.681278,0.85,G,0.62,147,
IC3885,,193.678042,37.154722,0.48,G,0.39,35,
IC3886,,193.751250,19.011694,0.40,G,0.34,22,
IC3887,,193.682375,40.304639,,**,,,
IC3888,,193.693208,39.571278,0.90,G,0.35,57,
IC3889,,193.712083,36.016833,,*,,,
IC3890,,193.709417,37.185306,0.44,G,0.34,19,
IC3891,,193.742708,36.052722,0.46,G,0.34,105,
IC3892,,193.775167,39.221944,1.22,G,0.55,176,
IC3893,,193.781042,38.623861,0.58,G,0.18,72,
IC3894,,193.865042,19.069111,,**,,,
IC3895,,193.788458,39.203250,0.71,G,0.69,18,
IC3896,,194.180125,-50.346861,3.05,G,2.12,6,
IC3897,,193.829583,39.672611,0.15,G,0.08,19,
IC3898,,193.849333,37.582889,0.31,G,0.25,166,
IC3899,,193.919417,20.636444,0.43,G,0.23,40,
IC3900,,193.922083,27.250750,0.96,G,0.59,178,
IC3901,,193.960417,21.939028,,*,,,
IC3902,,193.910750,35.995833,,*,,,
IC3903,,193.911417,40.399667,,*,,,
IC3904,,193.940000,36.293417,0.62,G,0.37,72,
IC3905,,194.035792,19.852083,0.90,GTrpl,,,
IC3905 NED01,,194.033292,19.855889,0.22,G,0.11,30,
IC3905 NED02,,194.035750,19.853222,0.48,G,0.32,123,
IC3905 NED03,,194.038625,19.846722,0.15,G,0.07,131,
IC3906,,193.962750,40.463861,,*,,,
IC3907,,194.075750,18.784028,0.46,G,0.20,2,
IC3908,,194.169250,-7.562778,2.43,G,0.79,172,
IC3909,,194.011750,40.385444,0.37,G,0.28,55,
IC3910,,194.018875,39.719889,,**,,,
IC3911,,194.039292,35.638250,0.50,GPair,,,
IC3911 NED01,,194.038417,35.636750,0.56,G,0.38,26,
IC3911 NED02,,194.040000,35.639722,0.50,G,0.24,36,
IC3912,,194.031417,39.910667,,*,,,
IC3913,,194.119042,27.291278,0.66,G,0.45,57,
IC3914,,194.094917,36.360917,0.36,G,0.25,112,
IC3915,,194.162583,20.291694,,*,,,
IC3916,,194.129875,38.613444,0.89,G,0.60,124,
IC3917,,194.215125,22.006056,,*,,,
IC3918,,194.223083,22.373611,0.55,G,0.40,164,
IC3919,,194.202958,38.588750,0.59,G,0.43,108,
IC3920,,194.208542,39.958667,0.68,G,0.21,16,
IC3921,,194.236042,38.639500,0.52,G,0.25,73,
IC3922,,194.239583,38.478278,0.72,G,0.23,90,
IC3923,,194.254708,37.955722,,**,,,
IC3924,,194.353667,18.781528,0.42,G,0.29,121,
IC3925,,194.313000,36.422000,,**,,,
IC3926,,194.376708,22.811944,,*,,,
IC3927,,194.543292,-22.876028,1.29,G,1.05,166,
IC3928,,194.326208,40.441611,0.33,G,0.26,145,
IC3929,,194.421208,20.396889,0.38,G,0.28,40,
IC3930,,194.343292,38.764917,0.57,G,0.29,7,
IC3931,,194.488333,19.617639,0.73,G,0.39,154,
IC3932,,194.522083,19.583444,,*,,,
IC3933,,194.488333,36.645056,,*,,,
IC3934,,194.573167,18.825417,0.51,G,0.48,58,
IC3936,,194.583042,19.058278,,Other,,,
IC3937,,194.603083,18.818667,0.54,G,0.40,111,
IC3938,,194.605667,18.752639,,*,,,
IC3939,,194.616750,18.751861,,*,,,
IC3940,,194.568625,35.838944,0.64,G,0.33,136,
IC3941,,194.557958,39.772833,0.65,G,0.49,14,
IC3942,,194.582875,36.108750,,*,,,
IC3943,,194.651458,28.113750,0.92,G,0.33,59,
IC3944,,194.686458,23.781056,0.56,G,0.34,63,
IC3945,,194.623458,39.935917,0.49,G,0.19,13,
IC3946,,194.703000,27.810389,0.86,G,0.44,71,
IC3947,,194.717083,27.785056,0.66,G,0.49,100,
IC3948,,194.742292,24.061361,0.33,G,0.29,5,
IC3949,,194.733375,27.833361,1.01,G,0.16,72,
IC3950,,194.775500,18.735611,0.58,G,0.49,145,
IC3951,,194.792500,18.764278,0.60,G,0.37,157,
IC3952,,194.717292,38.869500,0.52,G,0.38,153,
IC3953,,194.788000,23.086611,0.37,G,0.32,45,
IC3954,,194.802708,19.272944,0.22,G,0.15,83,
IC3955,,194.775125,27.996694,0.77,G,0.51,41,
IC3956,,194.734917,37.398167,0.51,G,0.41,165,
IC3957,,194.781208,27.767778,0.56,G,0.54,40,
IC3958,,194.797542,24.022278,0.53,G,0.40,112,
IC3959,,194.784167,27.784139,0.70,G,0.70,10,
IC3960,,194.783167,27.855000,0.55,G,0.53,14,
IC3962,,194.812417,23.668000,,*,,,
IC3963,,194.806250,27.774611,0.70,G,0.41,82,
IC3964,,194.807208,27.850944,,*,,,
IC3965,,194.844500,18.842944,0.33,G,0.25,158,
IC3966,,194.804667,35.855333,0.74,G,0.50,15,
IC3967,,194.803750,36.129278,0.76,G,0.49,42,
IC3968,,194.856208,27.973194,0.44,G,0.36,48,
IC3969,,194.887125,19.652000,0.80,GTrpl,,,
IC3969 NED01,,194.886292,19.653056,0.69,G,0.39,99,
IC3969 NED02,,194.886042,19.647556,0.30,G,0.20,89,
IC3969 NED03,,194.890542,19.654750,0.23,G,0.12,149,
IC3970,,194.797625,40.401917,,*,,,
IC3971,,194.882458,22.844806,0.38,G,0.33,119,
IC3972,,194.821458,37.279139,,*,,,
IC3973,,194.878417,27.884222,0.76,G,0.44,141,
IC3975,,194.815375,38.882750,0.87,G,0.51,31,
IC3976,,194.872500,27.850139,0.66,G,0.31,153,
IC3977,,194.831917,36.798083,,*,,,
IC3978,,194.906042,19.622222,0.21,G,0.19,131,
IC3979,,194.836458,36.324333,,*,,,
IC3980,,194.827500,39.151250,0.36,G,0.31,45,
IC3981,,194.839375,37.227806,,*,,,
IC3982,,194.827458,40.080528,,*,,,
IC3983,,194.835458,39.246639,,**,,,
IC3984,,194.917750,19.623083,0.35,G,0.33,70,
IC3985,,194.929792,19.591111,0.37,G,0.33,75,
IC3986,,195.383917,-32.291056,1.85,G,1.38,124,
IC3987,,194.854333,38.733444,0.49,G,0.41,40,
IC3988,,194.861750,37.244972,,*,,,
IC3989,,194.869750,36.756583,,*,,,
IC3990,,194.912958,28.895528,0.87,G,0.29,30,
IC3991,,194.915792,28.926583,0.91,G,0.41,66,
IC3992,,194.888708,36.771833,,*,,,
IC3993,,194.876958,40.601778,0.48,G,0.41,1,
IC3994,,194.961833,22.716750,0.30,G,0.23,164,
IC3995,,194.891375,39.039778,,*,,,
IC3996,,194.881250,40.467556,,**,,,
IC3997,,194.903875,36.695667,0.38,G,0.31,45,
IC3998,,194.944917,27.973861,0.56,G,0.41,8,
IC4000,,194.902583,39.587750,0.36,G,0.26,53,
IC4001,,194.908042,38.870250,0.58,G,0.34,32,
IC4002,,194.919208,36.763472,0.43,G,0.23,68,
IC4003,,194.913875,38.815583,1.07,G,1.07,91,
IC4004,,194.928208,38.811306,0.87,G,0.81,143,
IC4005,,195.010583,22.639917,,**,,,
IC4006,,194.953000,37.011083,,*,,,
IC4007,,195.029125,19.964667,0.34,G,0.22,146,
IC4008,,195.023917,22.350500,,**,,,
IC4009,,194.970000,36.660750,,*,,,
IC4010,,194.975167,37.859111,0.52,G,0.28,65,
IC4011,,195.026625,28.004139,0.40,G,0.38,1,
IC4012,,195.033292,28.078556,0.51,G,0.42,131,
IC4013,,194.990958,37.199389,,*,,,
IC4014,,195.057917,22.499611,0.40,G,0.36,4,
IC4017,,195.066333,22.555694,0.39,G,0.20,91,
IC4018,,194.989333,40.488722,0.18,G,0.15,168,
IC4019,,195.072625,23.720833,,**,,,
IC4020,,195.014167,38.609889,0.93,G,0.19,80,
IC4021,,195.061417,28.041306,0.40,G,0.38,26,
IC4022,,195.020542,38.478917,,*,,,
IC4023,,195.110583,19.097333,0.62,G,0.35,176,
IC4024,,195.016542,40.509139,,*,,,
IC4025,,195.118167,19.105028,0.62,G,0.35,176,
IC4026,,195.092250,28.047000,0.58,G,0.41,73,
IC4027,,195.056750,37.141417,0.45,G,0.33,167,
IC4028,,195.067208,36.254111,0.78,G,0.61,151,
IC4029,,195.059167,38.759722,0.42,G,0.20,109,
IC4030,,195.116542,27.955972,0.53,G,0.36,16,
IC4031,,195.064500,39.144944,0.21,G,0.17,124,
IC4032,,195.106875,28.867806,0.60,G,0.44,176,
IC4033,,195.118292,27.972417,0.50,G,0.28,100,
IC4034,,195.081625,37.046194,0.41,G,0.24,63,
IC4035,,195.072250,40.301444,0.80,GPair,,,
IC4035 NED01,,195.069542,40.299639,0.48,G,0.23,34,
IC4035 NED02,,195.075000,40.302361,0.55,G,0.09,179,
IC4036,,195.086458,36.909056,,*,,,
IC4037,,195.080917,39.002639,0.35,G,0.28,109,
IC4038,,195.090708,37.039361,0.59,G,0.31,168,
IC4039,,195.164083,21.691722,0.50,G,0.42,10,
IC4040,,195.158042,28.057361,0.78,G,0.34,152,
IC4041,,195.170208,27.996611,0.61,G,0.44,44,
IC4042,,195.178208,27.971389,0.72,G,0.60,2,
IC4043,,195.144500,37.071917,0.98,G,0.30,160,
IC4044,,195.197542,27.922167,0.48,G,0.30,43,
IC4045,,195.202667,28.090778,0.79,G,0.44,109,
IC4046,,195.164292,36.685917,,*,,,
IC4047,,195.240375,19.687000,0.88,G,0.81,90,
IC4048,,195.158958,39.830972,0.46,G,0.21,178,
IC4049,,195.177750,36.345556,1.07,G,1.07,69,
IC4050,,195.182583,36.739861,,**,,,
IC4051,,195.214833,28.042806,0.96,G,0.58,51,
IC4052,,195.174667,39.667639,,**,,,
IC4053,,195.255458,22.924722,,*,,,
IC4054,,195.255667,22.905028,,*,,,
IC4055,,195.260958,22.908556,,Other,,,
IC4056,,195.184542,39.754139,0.68,G,0.37,96,
IC4057,,195.271917,23.157694,,*,,,
IC4058,,195.288917,19.494167,0.62,G,0.34,116,
IC4059,,195.314458,19.273556,0.41,G,0.33,58,
IC4060,,195.219000,40.584556,0.79,G,0.59,147,
IC4061,,195.240167,39.582750,0.50,GPair,,,
IC4061 NED01,,195.239125,39.583111,0.39,G,0.30,122,
IC4061 NED02,,195.242083,39.583944,0.48,G,0.37,123,
IC4062,,195.244333,39.858944,0.38,G,0.38,93,
IC4063,,195.277708,39.245194,0.30,G,0.24,158,
IC4064,,195.278042,39.841472,1.40,G,1.08,35,
IC4065,,195.295792,39.744472,0.73,G,0.38,155,
IC4066,,195.417333,19.272611,,*,,,
IC4067,,195.333750,39.940361,0.38,G,0.25,12,
IC4068,,195.334083,39.899056,0.57,G,0.35,70,
IC4069,,195.353250,36.112722,0.41,G,0.23,13,
IC4070,,195.430375,19.301944,0.58,G,0.39,44,
IC4071,,195.517042,-7.603194,0.97,G,0.55,8,
IC4072,,195.357667,37.353722,,*,,,
IC4073,,195.357125,39.914278,0.81,G,0.27,143,
IC4074,,195.454083,19.008861,0.59,G,0.38,43,
IC4075,,195.452333,19.965000,0.44,G,0.31,104,
IC4076,,195.452458,23.389111,0.41,G,0.37,143,
IC4077,,195.391875,37.386222,0.42,G,0.28,61,
IC4078,,195.398583,36.593222,,**,,,
IC4079,,195.486625,19.248806,0.42,G,0.37,10,
IC4080,,195.490833,19.254694,0.40,GPair,,,
IC4080 NED01,,195.490458,19.253250,0.79,G,0.16,38,
IC4080 NED02,,195.492708,19.255917,0.23,G,0.12,64,
IC4081,,195.480417,22.771028,0.42,G,0.28,157,
IC4082,,195.412875,37.341639,0.44,G,0.27,92,
IC4083,,195.412125,38.142361,0.41,G,0.26,20,
IC4084,,195.420958,36.965667,,**,,,
IC4085,,195.409125,39.702694,0.30,G,0.25,132,
IC4086,,195.428500,36.648417,0.82,G,0.66,178,
IC4087,,195.501708,19.995194,0.23,G,0.13,9,
IC4089,,195.507708,19.502889,0.36,G,0.32,149,
IC4090,,195.442917,36.837944,,*,,,
IC4091,,195.554000,19.893000,0.52,G,0.26,131,
IC4092,,195.556792,19.184167,,*,,,
IC4093,,195.516625,28.994750,,Other,,,
IC4094,,195.494125,37.795028,0.44,G,0.30,132,
IC4095,,195.584917,19.099694,0.77,G,0.33,27,
IC4096,,195.570667,24.010833,0.67,G,0.52,132,
IC4097,,195.520583,36.605444,,*,,,
IC4098,,195.516000,37.980889,0.51,G,0.28,112,
IC4099,,195.596792,24.029167,0.65,G,0.49,104,
IC4100,,195.520458,40.408361,1.16,G,0.75,104,
IC4101,,195.557292,39.940361,,*,,,
IC4102,,195.574958,36.152444,0.34,G,0.22,78,
IC4103,,195.579375,38.017500,0.76,G,0.52,64,
IC4104,,195.575500,38.592417,0.51,G,0.37,167,
IC4105,,195.579167,38.271278,0.48,G,0.39,89,
IC4106,,195.660167,28.114583,0.74,G,0.55,135,
IC4107,,195.674458,21.997389,0.89,G,0.81,0,
IC4108,,195.631375,38.478500,0.71,G,0.37,132,
IC4109,,195.741542,19.003694,,*,,,
IC4110,,195.742875,19.226972,0.20,G,0.14,151,
IC4111,,195.735708,28.070417,0.73,G,0.34,133,
IC4112,,195.688167,37.212167,,*,,,
IC4113,,195.763792,20.473389,0.37,G,0.23,111,
IC4114,,195.674292,40.104528,0.46,G,0.21,41,
IC4115,,195.703042,37.223222,0.56,G,0.44,15,
IC4116,,195.792167,19.083361,,*,,,
IC4117,,195.702500,40.524889,,*,,,
IC4118,,195.715417,38.292944,0.63,G,0.39,102,
IC4119,,195.813208,19.232778,0.43,G,0.15,24,
IC4120,,195.756458,37.081667,,*,,,
IC4121,,195.839667,19.282306,,*,,,
IC4122,,195.851792,20.196917,0.84,G,0.69,26,
IC4123,,195.774250,38.314472,0.55,G,0.47,138,
IC4124,,195.881542,22.846806,0.38,G,0.26,37,
IC4125,,195.895708,18.803389,1.01,G,0.65,74,
IC4126,,195.901875,19.323444,,*,,,
IC4127,,195.822500,38.046917,0.58,G,0.37,40,
IC4128,,195.921833,20.216639,0.40,G,0.28,65,
IC4129,,195.933208,18.877139,0.47,G,0.29,28,
IC4130,,195.944125,19.271528,1.20,G,1.05,70,
IC4131,,195.856583,38.951278,0.38,G,0.28,158,
IC4132,,195.891000,38.377583,,*,,,
IC4133,,195.961667,27.988389,0.57,G,0.52,66,
IC4135,,195.905792,40.248972,0.67,G,0.38,36,
IC4137,,195.997083,22.739972,0.39,G,0.31,166,
IC4138,,196.008792,20.665500,0.38,G,0.24,162,
IC4139,,196.017292,19.294972,0.64,G,0.52,60,
IC4140,,196.025167,20.096361,0.32,G,0.26,71,
IC4141,,196.032208,19.210639,0.66,G,0.55,108,
IC4142,,195.946625,38.195083,,*,,,
IC4143,,195.939583,40.207083,,*,,,
IC4144,,195.958625,36.943389,0.96,G,0.18,6,
IC4145,,195.957375,38.286583,0.71,G,0.17,135,
IC4146,,196.043250,19.278250,0.52,G,0.38,9,
IC4147,,196.039292,20.250889,0.32,G,0.17,156,
IC4148,,196.044542,19.259167,0.41,G,0.21,68,
IC4149,,196.045083,22.289667,0.65,G,0.39,82,
IC4150,,196.054333,21.986722,,*,,,
IC4151,,195.995583,36.857889,0.40,GTrpl,,,
IC4151 NED01,,195.996167,36.858028,0.47,G,0.23,8,
IC4151 NED02,,195.997250,36.858444,0.30,G,0.19,131,
IC4152,,195.993583,38.198611,0.75,G,0.63,11,
IC4153,,196.110708,19.044972,,*,,,
IC4154,,196.117792,23.575028,0.62,G,0.53,111,
IC4155,,196.037083,40.015444,,*,,,
IC4157,,196.077417,38.663583,,*,,,
IC4158,,196.102667,36.479889,0.76,G,0.25,125,
IC4159,,196.191625,22.242139,0.33,G,0.24,127,
IC4160,,196.200250,22.892472,0.43,G,0.20,22,
IC4161,,196.147167,39.977472,0.71,G,0.18,107,
IC4162,,196.262458,20.554806,0.33,G,0.24,165,
IC4163,,196.283375,20.770722,0.40,G,0.33,31,
IC4164,,196.310375,20.547111,0.45,G,0.20,127,
IC4165,,196.237333,39.924917,0.64,G,0.60,16,
IC4166,,196.327458,31.442306,1.01,G,0.49,177,
IC4167,,196.378125,21.910028,0.40,G,0.25,160,
IC4168,,196.294625,40.049694,0.65,G,0.50,74,
IC4169,,196.300375,38.772472,0.60,GPair,,,
IC4169 NED01,,196.300042,38.770694,0.15,G,0.12,120,
IC4169 NED02,,196.302167,38.773556,0.51,G,0.47,130,
IC4170,,196.395208,21.135028,0.80,GPair,,,
IC4170 NED01,,196.395792,21.134944,0.51,G,0.50,79,
IC4170 NED02,,196.396958,21.129694,0.26,G,0.17,95,
IC4171,,196.328375,36.102889,0.71,G,0.39,82,
IC4172,,196.639000,22.850389,0.49,G,0.39,85,
IC4174,,196.369000,36.396417,,*,,,
IC4175,,196.447792,20.374694,0.40,G,0.27,138,
IC4177,,196.620625,-13.571639,0.87,G,0.45,90,
IC4178,,196.422917,36.017472,0.63,G,0.24,120,
IC4179,,196.441250,37.197806,,*,,,
IC4180,,196.735375,-23.917111,1.38,G,1.02,163,
IC4181,,196.526750,21.493889,0.53,G,0.47,125,
IC4182,,196.456417,37.604889,6.01,G,5.52,0,
IC4183,,196.548167,21.504361,0.46,G,0.40,113,
IC4184,,196.465708,38.837389,0.33,G,0.22,111,
IC4185,,196.552667,21.773028,1.00,GPair,,,
IC4185 NED01,,196.552375,21.769250,0.55,G,0.23,147,
IC4185 NED02,,196.553208,21.775861,0.32,G,0.19,21,
IC4186,,196.489000,36.986056,,**,,,
IC4187,,196.498417,36.298472,0.55,G,0.43,157,
IC4188,,196.509708,36.328222,0.46,G,0.37,53,
IC4189,,196.514792,35.980333,1.25,G,0.84,180,
IC4190,,196.526583,37.610028,,*,,,
IC4191,,197.196792,-67.643750,0.08,PN,,,
IC4192,,196.535833,37.605556,,Other,,,
IC4193,,196.526375,39.423611,0.49,G,0.32,61,
IC4194,,196.532458,38.873583,,*,,,
IC4195,,196.564292,37.039778,,*,,,
IC4197,,197.018042,-23.796861,1.84,G,1.12,162,
IC4199,,196.886125,35.859833,,*,,,
IC4200,,197.394833,-51.968583,1.69,G,1.06,154,
IC4201,,196.963417,35.834861,0.66,G,0.63,85,
IC4202,,197.131583,24.700778,1.74,G,0.36,142,
IC4203,,197.079458,40.427889,,*,,,
IC4204,,197.089917,39.461167,0.95,G,0.21,42,
IC4206,,197.341417,39.022250,,*,,,
IC4207,,197.361375,37.822944,0.49,G,0.30,2,
IC4208,,197.408292,37.255583,,*,,,
IC4209,,197.593708,-7.170694,1.28,G,0.53,99,
IC4211,,197.735333,37.176250,,*,,,
IC4212,,198.012458,-6.992500,0.33,G,0.21,140,
IC4213,,198.046750,35.669694,2.48,G,0.48,176,
IC4214,,199.427875,-32.101694,2.96,G,1.84,165,
IC4215,,199.070125,25.405222,1.55,G,0.36,46,
IC4216,,199.257792,-10.770000,2.05,G,0.77,53,
IC4217,,199.305333,-13.154083,0.68,G,0.62,30,
IC4218,,199.264208,-2.261278,1.20,G,0.37,159,
IC4219,,199.623917,-31.630889,1.12,G,0.97,114,
IC4220,,199.476333,-13.605472,0.85,G,0.61,105,
IC4221,,199.626458,-14.608889,1.54,G,0.71,167,
IC4223,,199.730042,7.795500,0.72,G,0.53,140,
IC4224,,199.771042,-2.515306,0.88,G,0.37,99,
IC4225,,200.003958,31.981389,1.64,G,0.33,131,
IC4226,,200.126708,32.003917,0.49,G,0.35,140,
IC4227,,200.222833,32.190778,0.54,G,0.44,77,
IC4228,,200.392083,25.516250,0.80,G,0.55,67,
IC4229,,200.608875,-2.418278,0.80,G,0.67,15,
IC4230,,200.496667,26.733861,1.19,G,0.36,1,
IC4231,,200.805750,-26.300389,2.06,G,0.57,34,
IC4232,,200.843542,-26.109500,1.19,G,0.37,4,
IC4234,,200.749458,27.116417,0.78,G,0.68,12,
IC4235,,200.970708,-12.743361,0.91,G,0.25,78,
IC4237,,201.136500,-21.136833,2.14,G,1.39,135,
IC4238,,200.999792,30.932417,0.87,G,0.24,29,
IC4239,,201.105958,30.959278,0.88,G,0.63,132,
IC4240,,201.114833,30.977917,0.54,G,0.25,34,
IC4241,,201.193958,26.738417,0.62,G,0.47,64,
IC4242,,201.170500,31.026500,0.58,G,0.41,137,
IC4243,,201.463500,-27.626889,0.50,G,0.38,35,
IC4244,,201.234458,26.463528,0.81,G,0.34,82,
IC4245,,201.496042,-26.677722,0.73,G,0.52,112,
IC4246,,201.501042,-26.678056,0.62,G,0.26,147,
IC4247,,201.685125,-30.362417,1.38,G,0.52,154,
IC4248,,201.696750,-29.881361,1.04,G,0.65,89,
IC4249,,201.777333,-27.956389,1.43,G,0.41,111,
IC4250,,201.537250,26.477167,0.55,G,0.32,53,
IC4251,,201.851167,-29.444361,0.98,G,0.65,145,
IC4252,,201.866667,-27.324778,2.00,G,1.08,135,
IC4253,,201.884875,-27.872139,1.41,G,0.71,135,
IC4254,,201.939042,-27.222528,0.75,G,0.54,81,
IC4255,,202.000500,-27.354306,1.34,G,0.99,45,
IC4256,,201.763292,30.976833,0.66,G,0.32,44,
IC4257,,201.834708,46.867000,,Other,,,
IC4258,,201.971917,28.508194,0.85,G,0.68,29,
IC4259,,202.367292,-30.134944,0.99,G,0.56,149,
IC4260,,202.418417,-28.266083,1.17,G,0.29,96,
IC4261,,202.448583,-28.006361,1.17,G,0.86,131,
IC4262,,202.596250,-28.270583,1.18,G,0.37,65,
IC4263,,202.138292,46.927194,1.71,G,0.42,102,
IC4264,,202.573833,-27.928444,1.88,G,0.47,105,
IC4265,,202.595708,-25.765556,0.84,G,0.53,5,
IC4266,,202.273458,37.611750,0.55,G,0.50,10,
IC4267,,202.650417,-26.256056,1.30,G,0.45,135,
IC4268,,202.301375,37.660500,0.63,G,0.46,90,
IC4269,,202.337667,37.623083,0.46,G,0.46,85,
IC4270,,202.704542,-25.333667,0.95,G,0.83,7,
IC4271,,202.339167,37.411667,0.80,GPair,,,
IC4271 NED01,,202.339333,37.414028,0.87,G,0.66,167,
IC4271 NED02,,202.338792,37.409667,0.30,G,0.23,141,
IC4272,,202.819000,-29.957361,0.98,G,0.18,111,
IC4273,,202.874417,-28.893444,0.95,G,0.64,24,
IC4275,,202.963750,-29.732389,0.95,G,0.54,25,
IC4276,,203.026083,-28.156833,1.32,G,0.18,61,
IC4277,,202.569667,47.314167,0.67,G,0.08,91,
IC4278,,202.614792,47.246889,0.43,G,0.40,65,
IC4279,,203.129042,-27.127472,0.68,G,0.38,52,
IC4280,,203.222500,-24.207139,1.13,G,0.76,64,
IC4281,,203.159375,-27.169639,1.30,G,0.79,98,
IC4282,,202.832375,47.183861,0.40,G,0.38,156,
IC4283,,203.044500,28.389111,0.65,G,0.34,69,
IC4284,,202.883083,46.795111,0.32,G,0.30,21,
IC4285,,202.939750,46.821611,0.32,G,0.17,92,
IC4286,,203.398542,-27.631222,0.41,G,0.34,20,
IC4287,,203.162500,25.441111,1.00,GPair,,,
IC4287 NED01,,203.162375,25.441111,0.96,G,0.46,152,
IC4287 NED02,,203.165250,25.440194,0.22,G,0.15,15,
IC4288,,203.626750,-27.304222,1.36,G,0.60,114,
IC4289,,203.699208,-27.127083,1.40,G,0.62,8,
IC4290,,203.831583,-28.021806,1.35,G,1.11,99,
IC4291,,204.235042,-62.093111,5.10,OCl,,,
IC4292,,203.944167,-27.673861,0.56,G,0.48,14,
IC4293,,204.009417,-25.882306,2.19,G,1.39,177,
IC4294,,204.130125,-28.781139,0.93,G,0.45,32,
IC4295,,204.143583,-29.089444,1.04,G,0.40,114,
IC4296,,204.162625,-33.965833,4.62,G,2.43,42,
IC4297,,203.830208,26.424778,0.88,G,0.40,70,
IC4298,,204.144708,-26.553861,1.60,G,0.82,177,
IC4299,,204.197833,-34.065806,1.87,G,0.81,58,
IC4300,,203.855000,33.419806,0.23,G,0.23,12,
IC4301,,203.899167,33.374500,1.29,G,0.39,130,
IC4302,,203.899792,33.479583,1.36,G,0.27,126,
IC4303,,204.325917,-28.657972,0.98,G,0.54,71,
IC4304,,203.991167,33.430028,1.31,G,0.55,41,
IC4305,,203.993208,33.473917,0.98,G,0.86,173,
IC4306,,204.081833,33.423444,1.10,G,0.39,81,
IC4307,,204.150708,27.242194,0.66,G,0.59,84,
IC4308,,204.218167,32.733361,,Other,,,
IC4309,,204.708500,-29.662722,0.77,G,0.50,132,
IC4310,,204.738083,-25.845722,2.38,G,0.96,73,
IC4311,,205.033167,-51.036139,1.11,G,0.78,161,
IC4312,,205.128750,-51.070889,1.21,G,0.89,75,
IC4313,,204.586292,26.759778,0.59,G,0.38,38,
IC4314,,204.604458,26.742500,0.91,G,0.65,10,
IC4315,,205.013292,-25.474556,1.60,G,0.32,132,
IC4316,,205.076708,-28.892222,1.38,G,1.00,56,
IC4317,,205.440917,27.106361,0.51,G,0.34,23,
IC4318,,205.844542,-28.967944,1.08,G,0.95,10,
IC4319,,205.860708,-29.803472,1.61,G,0.54,73,
IC4320,,206.015500,-27.231694,1.31,G,1.18,30,
IC4321,,206.130208,-30.139583,1.02,G,0.62,33,
IC4322,,205.933958,25.392139,0.69,G,0.55,71,
IC4323,,206.278667,-28.651250,1.10,G,0.20,58,
IC4324,,206.363792,-30.227222,0.90,G,0.57,126,
IC4325,,206.915208,-29.434361,1.20,G,0.48,101,
IC4326,,207.089542,-29.626389,1.00,G,0.81,166,
IC4327,,207.182500,-30.217500,1.15,G,0.58,56,
IC4328,,207.262083,-29.937028,1.07,G,0.70,174,
IC4329,,207.272125,-30.295861,4.74,G,2.65,67,
IC4330,,206.811875,-28.331806,1.29,G,0.65,93,
IC4331,,207.352542,25.154667,0.63,G,0.51,64,
IC4332,,207.468958,25.190889,0.85,G,0.78,3,
IC4333,,211.335792,-84.272694,1.80,G,0.46,60,
IC4334,,207.451125,29.694083,0.59,G,0.50,147,
IC4335,,207.437792,33.673639,,*,,,
IC4336,,207.680708,39.706778,1.37,G,0.41,155,
IC4337,,208.080333,14.271917,0.77,G,0.38,106,
IC4339,,208.370125,37.539028,,*,,,
IC4340,,208.389708,37.386972,1.27,G,0.90,31,
IC4341,,208.392708,37.522250,0.92,G,0.84,50,
IC4342,,208.592125,25.153083,1.09,G,0.43,53,
IC4343,,208.732500,25.122639,1.05,G,0.61,102,
IC4344,,208.802458,25.021444,1.10,G,0.70,67,
IC4345,,208.805792,25.051806,1.23,G,1.18,134,
IC4346,,208.919042,25.153056,0.73,G,0.66,4,
IC4348,,208.937875,25.203111,1.13,G,1.13,117,
IC4349,,208.943083,25.151917,1.04,G,0.50,119,
IC4350,,209.308000,-25.245806,1.88,G,0.74,133,
IC4351,,209.476083,-29.315722,6.55,G,1.04,18,
IC4352,,209.604667,-34.517333,1.82,G,0.73,88,
IC4353,,209.265417,37.729056,,Other,,,
IC4354,,209.628750,-12.605361,1.36,G,0.33,106,
IC4355,,209.525500,28.422694,0.43,G,0.40,54,
IC4356,,209.687917,37.490667,0.54,G,0.46,15,
IC4357,,210.182042,31.894167,0.93,G,0.51,67,
IC4358,,210.892417,-10.151250,1.39,G,0.29,111,
IC4359,,211.347208,-45.269778,1.18,G,0.89,13,
IC4360,,211.088917,-11.424833,0.78,G,0.47,33,
IC4361,,211.031125,-9.768889,0.66,G,0.34,170,
IC4362,,211.342583,-41.818972,1.81,G,0.69,147,
IC4363,,211.051250,-9.641639,0.45,G,0.21,25,
IC4364,,211.082167,-9.993278,0.91,G,0.66,106,
IC4366,,211.297833,-33.760111,1.63,G,1.21,149,
IC4367,,211.402417,-39.203361,1.64,G,1.43,71,
IC4368,,211.193500,-9.962250,0.55,G,0.38,40,
IC4369,,211.024458,33.320722,0.44,G,0.38,29,
IC4370,,211.041083,33.346000,0.44,G,0.33,96,
IC4371,,211.045292,33.307806,0.81,G,0.54,50,
IC4372,,211.442042,-10.900083,0.48,G,0.15,75,
IC4373,,211.429875,25.231361,0.82,G,0.78,23,
IC4374,,211.874000,-27.017861,1.80,G,1.39,106,
IC4376,,212.710292,-30.792750,,Other,,,
IC4377,,214.245042,-75.647194,1.98,G,0.69,95,
IC4378,,213.039875,-34.265333,1.54,G,0.61,158,
IC4379,,213.042667,-34.272722,0.92,G,0.42,93,
IC4380,,212.508833,37.549861,0.73,G,0.68,10,
IC4382,,212.760583,25.519361,0.64,G,0.16,9,
IC4384,,212.983417,27.113917,1.13,G,0.80,165,
IC4385,,213.632167,-42.323611,,Other,,,
IC4386,,213.759875,-43.961333,2.57,G,0.38,146,
IC4387,,213.757292,-43.990111,1.26,G,0.72,67,
IC4388,,214.014500,-31.752639,1.14,G,0.97,4,
IC4389,,214.192500,-40.552500,0.83,G,0.60,100,
IC4390,,214.246667,-44.977333,1.95,G,0.63,10,
IC4391,,214.112667,-31.684972,0.98,G,0.78,55,
IC4392,,213.971542,-13.051250,,Other,,,
IC4393,,214.453958,-31.349083,2.30,G,0.38,75,
IC4394,,214.093167,39.697694,,Other,,,
IC4395,,214.337833,26.857444,1.16,G,0.80,25,
IC4396,,214.376000,28.800000,0.63,G,0.41,21,
IC4397,,214.494667,26.412556,1.08,G,0.74,160,
IC4398,,214.514333,28.866389,0.62,G,0.56,10,
IC4399,,214.599833,26.385889,0.71,G,0.35,139,
IC4400,,215.556042,-60.569806,,Other,,,
IC4401,,214.854458,-4.489139,1.50,G,0.60,10,
IC4402,,215.304542,-46.297889,5.78,G,0.96,126,
IC4403,,214.570292,31.653833,1.23,G,0.48,137,
IC4404,,212.709042,78.628306,,*,,,
IC4405,,214.819125,26.298583,1.35,G,0.87,105,
IC4406,,215.610333,-44.150194,0.58,PN,,,
IC4407,,215.903583,-5.983222,1.48,G,0.71,173,
IC4408,,215.304542,29.993500,0.83,G,0.39,128,
IC4409,,215.388750,31.585528,0.79,G,0.54,38,
IC4410,,215.558125,17.397333,0.79,G,0.41,57,
IC4411,,216.254583,-35.020611,,Other,,,
IC4413,,215.738833,37.527417,0.51,G,0.40,129,
IC4415,,216.111333,16.639611,0.62,G,0.30,139,
IC4416,,216.072583,29.635806,0.92,G,0.67,130,
IC4417,,216.223708,17.037917,1.11,G,0.78,144,
IC4418,,216.363500,25.526278,0.94,G,0.80,96,
IC4419,,216.477792,16.632528,0.79,G,0.52,148,
IC4420,,216.414208,25.378361,0.67,G,0.37,18,
IC4421,,217.130458,-37.583750,1.43,G,1.08,164,
IC4422,,216.496375,30.473722,0.74,G,0.65,142,
IC4423,,216.573917,26.246139,1.02,G,0.57,71,
IC4425,,216.684083,27.189528,0.64,G,0.58,3,
IC4426,,216.821208,16.830972,0.69,G,0.65,5,
IC4427,,216.748208,26.863972,0.86,G,0.35,116,
IC4428,,216.856458,16.190833,0.76,G,0.35,49,
IC4429,,216.905708,16.899861,1.02,G,0.61,96,
IC4430,,217.330833,-33.455111,2.47,G,1.26,24,
IC4432,,217.207333,-39.552194,0.85,G,0.22,47,
IC4433,,216.972292,16.195556,0.48,G,0.34,44,
IC4434,,216.978083,16.207167,0.64,G,0.46,6,
IC4435,,216.851167,37.471444,0.94,G,0.94,50,
IC4436,,216.992417,26.504500,1.20,G,1.03,87,
IC4437,,216.881917,41.503222,,**,,,
IC4438,,217.143625,17.334556,0.48,G,0.40,77,
IC4439,,217.166833,17.024750,0.67,G,0.36,76,
IC4440,,217.246833,17.320583,0.77,G,0.46,72,
IC4441,,217.910917,-43.418444,1.95,G,1.53,83,
IC4442,,217.188625,28.964250,0.85,G,0.50,15,
IC4443,,217.322875,16.181556,0.62,G,0.28,12,
IC4445,,217.977542,-46.035306,1.19,G,0.45,154,
IC4446,,217.255500,37.463139,0.77,G,0.40,109,
IC4447,,217.324917,30.832222,0.82,G,0.67,174,
IC4448,,220.116500,-78.809222,1.10,G,0.86,176,
IC4449,,217.839958,15.240861,0.72,G,0.41,115,
IC4450,,218.051417,28.556833,0.98,G,0.45,48,
IC4451,,218.654750,-36.285833,1.79,G,1.29,95,
IC4452,,218.114292,27.427417,0.50,G,0.47,78,
IC4453,,218.619375,-27.518556,2.09,G,0.97,160,
IC4454,,218.319542,17.711806,0.45,G,0.32,0,
IC4456,,218.538208,16.184028,0.58,G,0.21,129,
IC4457,,218.620333,18.224694,0.46,G,0.39,85,
IC4458,,219.524458,-39.505972,0.59,G,0.26,70,
IC4459,,218.634167,30.974667,0.89,G,0.30,13,
IC4460,,218.652208,30.279389,0.55,G,0.41,161,
IC4461,,218.751583,26.531917,0.41,G,0.28,117,
IC4462,,218.757917,26.543917,0.74,G,0.54,11,
IC4463,,218.954167,16.019278,0.81,G,0.61,30,
IC4464,,219.454167,-36.878000,1.68,G,0.67,62,
IC4465,,218.963167,15.572917,0.56,G,0.23,80,
IC4466,,219.200458,18.343778,1.00,G,1.00,14,
IC4467,,219.223625,18.370639,0.54,G,0.48,32,
IC4468,,219.611417,-22.367611,2.30,G,0.54,158,
IC4469,,219.335375,18.249333,1.67,G,0.22,109,
IC4470,,217.095375,78.885611,0.89,G,0.25,94,
IC4472,,220.045167,-44.314583,2.69,G,0.60,0,
IC4473,,219.475583,15.861667,1.20,GTrpl,,,
IC4473 NED01,,219.476625,15.860694,0.74,G,0.59,1,
IC4473 NED02,,219.475208,15.863667,0.93,G,0.59,178,
IC4473 NED03,,219.475917,15.870167,0.12,G,0.12,0,
IC4474,,219.592917,23.428750,0.65,G,0.52,134,
IC4475,,219.596917,23.333556,1.05,G,0.88,26,
IC4476,,219.966042,-16.244750,0.76,G,0.55,164,
IC4477,,219.646833,28.459389,0.60,G,0.34,16,
IC4478,,219.802875,15.877389,0.58,G,0.49,61,
IC4479,,219.691250,28.505444,1.16,G,1.07,17,
IC4480,,219.940125,18.492361,0.64,G,0.58,65,
IC4481,,220.042125,16.141444,0.50,G,0.35,68,
IC4482,,220.051917,18.943278,0.62,G,0.56,25,
IC4483,,220.081292,16.685222,1.34,G,0.46,25,
IC4484,,221.932833,-73.305944,2.96,G,0.30,132,
IC4485,,220.131083,28.668861,0.64,G,0.37,43,
IC4486,,220.419958,18.557222,0.52,G,0.32,142,
IC4487,,220.467458,18.577000,0.68,G,0.52,22,
IC4488,,220.719083,18.620278,0.61,G,0.39,9,
IC4489,,220.816458,18.528611,0.42,G,0.36,122,
IC4490,,221.338625,-36.173361,,**,,,
IC4492,,220.641125,37.452333,0.63,G,0.50,61,
IC4494,,221.106417,15.551389,0.93,G,0.39,136,
IC4495,,221.060708,23.558389,0.78,G,0.44,10,
IC4496,,220.977417,33.406556,0.85,G,0.69,45,
IC4497,,221.086917,28.551028,0.84,G,0.81,134,
IC4498,,221.253292,26.301139,0.75,G,0.70,17,
IC4499,,225.080208,-82.213500,5.10,GCl,,,
IC4500,,221.148583,37.482472,0.56,G,0.44,74,
IC4501,,221.856125,-22.406028,1.03,G,0.75,59,
IC4502,,221.315958,37.300361,0.64,G,0.33,110,
IC4503,,221.664625,16.146444,1.20,G,1.05,6,
IC4504,,221.654083,31.699194,0.51,G,0.29,98,
IC4505,,221.639042,33.408611,1.13,G,0.78,176,
IC4506,,221.666417,33.401222,0.49,G,0.44,2,
IC4507,,221.925667,18.455722,0.68,G,0.41,149,
IC4508,,221.964208,31.768278,0.76,G,0.60,31,
IC4509,,222.112750,31.791583,0.83,G,0.20,46,
IC4510,,222.669625,-20.730889,,Other,,,
IC4511,,223.022000,-40.494917,,Other,,,
IC4512,,222.476250,27.700806,0.55,G,0.50,162,
IC4513,,223.070125,-20.727917,,Other,,,
IC4514,,222.731000,27.578528,0.83,G,0.68,124,
IC4515,,222.777792,37.494806,0.98,G,0.70,61,
IC4516,,223.597708,16.355278,1.36,G,1.09,158,
IC4517,,223.646208,23.643278,1.12,G,0.30,156,
IC4518,,224.428750,-43.131667,2.00,GPair,,,
IC4518A,,224.421583,-43.132111,0.92,G,0.32,135,
IC4518B,,224.435250,-43.131361,1.26,G,0.24,106,
IC4519,,223.685583,37.412722,0.89,G,0.48,124,
IC4520,,223.779208,33.724444,0.51,G,0.41,120,
IC4521,,224.864375,25.584083,0.66,G,0.44,114,
IC4522,,227.870500,-75.859972,3.02,G,0.86,112,
IC4523,,226.293917,-43.509528,1.65,G,1.49,119,
IC4524,,225.526500,25.601500,0.64,G,0.48,19,
IC4525,,225.603583,25.638500,0.58,G,0.52,31,
IC4526,,225.659167,23.350444,0.50,G,0.37,19,
IC4527,,226.420917,-42.449528,1.43,G,0.51,49,
IC4528,,225.389042,49.112472,0.81,G,0.60,155,
IC4529,,226.608250,-43.232639,0.77,G,0.46,6,
IC4530,,225.938792,26.100861,0.91,G,0.16,19,
IC4531,,226.110167,23.414944,0.92,G,0.53,178,
IC4532,,226.224208,23.256611,0.86,G,0.58,92,
IC4533,,226.126417,27.792861,0.98,G,0.66,154,
IC4534,,226.674042,23.641917,1.45,G,0.79,164,
IC4535,,227.173333,37.570333,0.54,G,0.23,162,
IC4536,,228.321792,-18.137278,1.32,G,0.89,4,
IC4537,,229.385167,2.047389,0.75,G,0.43,45,
IC4538,,230.298375,-23.658417,2.48,G,1.95,55,
IC4539,,229.629792,32.392861,0.55,G,0.45,153,
IC4540,,230.012958,1.786583,,Other,,,
IC4541,,232.481542,-70.584944,1.74,G,0.53,151,
IC4542,,230.522458,33.148583,1.05,G,0.65,102,
IC4544,,232.345792,-50.583444,,Nova,,,
IC4545,,235.365750,-81.625944,2.02,G,0.85,166,
IC4546,,231.743375,28.852611,0.70,G,0.60,104,
IC4547,,231.812792,28.788972,0.80,G,0.57,138,
IC4548,,231.850083,28.849833,0.48,G,0.33,11,
IC4549,,232.310708,32.825556,0.70,G,0.23,96,
IC4552,,234.728708,4.583056,1.00,G,0.94,70,
IC4553,,233.738542,23.503139,1.11,G,0.72,96,
IC4554,,233.770125,23.479278,0.47,G,0.33,151,
IC4555,,237.061708,-78.178861,2.14,G,0.46,62,
IC4556,,233.843542,25.297139,1.17,G,1.06,141,
IC4557,,233.653875,39.728889,0.52,G,0.36,137,
IC4558,,233.942500,25.345889,0.45,G,0.28,158,
IC4559,,233.973000,25.341139,0.64,G,0.44,70,
IC4560,,233.975333,39.814111,0.61,G,0.35,104,
IC4561,,234.196125,25.416806,0.83,G,0.45,129,
IC4562,,233.987500,43.493250,1.19,G,1.09,55,
IC4563,,234.015333,39.831528,1.06,G,0.54,163,
IC4564,,234.112750,43.518778,1.20,G,0.44,71,
IC4565,,234.146375,43.424889,0.80,G,0.46,11,
IC4566,,234.175667,43.539333,1.35,G,0.89,163,
IC4567,,234.305292,43.298306,1.34,G,0.96,131,
IC4568,,235.032083,28.152278,0.54,G,0.25,39,
IC4569,,235.201583,28.292083,0.91,G,0.82,115,
IC4570,,235.344125,28.229750,0.76,G,0.67,178,
IC4571,,237.214583,-67.323472,1.58,G,0.57,139,
IC4572,,235.475792,28.134000,1.16,G,0.78,76,
IC4573,,235.551417,23.799972,0.62,G,0.27,138,
IC4574,,235.496833,28.240333,0.63,G,0.36,23,
IC4575,,235.581875,23.807639,0.50,G,0.35,84,
IC4576,,235.647917,23.670056,1.39,G,0.90,79,
IC4577,,235.689833,23.792639,0.58,G,0.49,145,
IC4578,,238.294417,-74.825278,1.63,G,0.62,139,
IC4579,,235.714625,23.773167,0.55,G,0.43,72,
IC4580,,235.809333,28.356833,0.98,G,0.48,164,
IC4581,,236.006333,28.277028,0.79,G,0.60,24,
IC4582,,236.414375,28.088667,1.20,G,0.31,172,
IC4583,,236.591417,23.809028,1.21,G,0.28,39,
IC4584,,240.051083,-66.383278,1.96,G,1.64,90,
IC4585,,240.073500,-66.322278,1.58,G,0.76,56,
IC4587,,239.965042,25.940639,0.83,G,0.56,98,
IC4588,,241.267708,23.917139,0.50,G,0.39,141,
IC4589,,241.852458,-6.385306,,*,,,
IC4590,,242.088125,28.478694,0.65,G,0.43,158,
IC4591,,243.075667,-27.927750,12.00,HII,10.00,,
IC4592,,242.994458,-19.454667,60.00,RfN,40.00,,
IC4593,,242.935417,12.071389,0.66,PN,,,
IC4595,,245.185167,-70.142611,3.26,G,0.55,60,
IC4596,,244.015042,-22.625389,1.66,G,0.38,56,
IC4597,,244.415542,-34.365944,1.27,G,1.02,145,
IC4598,,244.555458,-31.442889,1.46,G,0.40,175,
IC4599,,244.846542,-42.260139,0.24,PN,,,
IC4600,,244.536125,-22.785528,,Other,,,
IC4601,,245.074167,-20.087306,20.00,Neb,10.00,,
IC4603,,246.352000,-24.468361,20.00,Neb,5.00,,
IC4604,rho Oph Nebula,246.379875,-23.436583,60.00,Neb,25.00,,
IC4605,,247.552000,-25.115167,30.00,Neb,15.00,,
IC4606,,247.891208,-26.056528,,Other,,,
IC4607,,247.566125,24.574361,0.72,G,0.38,149,
IC4608,,251.724917,-77.488694,0.86,G,0.64,74,
IC4609,,248.256750,22.797389,0.87,G,0.83,19,
IC4610,,248.413167,39.257639,1.03,G,0.31,50,
IC4611,,248.426417,39.185139,0.51,G,0.46,20,
IC4612,,248.456750,39.263194,1.00,G,1.00,103,
IC4613,,249.292292,36.130583,,Other,,,
IC4614,,249.446583,36.115000,0.77,G,0.69,85,
IC4617,,250.533583,36.684083,0.69,G,0.40,32,
IC4618,,254.458375,-76.992972,1.69,G,0.81,119,
IC4619,,251.046333,17.759167,0.69,G,0.58,85,
IC4620,,252.125167,19.305389,0.71,G,0.51,93,
IC4621,,252.713208,8.783667,0.81,G,0.62,151,
IC4622,,253.034625,-16.236250,,Other,,,
IC4623,,252.772250,22.527417,0.70,G,0.36,107,
IC4624,,252.889750,17.449111,0.47,G,0.32,115,
IC4626,,253.339292,2.338722,,**,,,
IC4627,,253.536458,-7.635333,0.65,G,0.27,74,
IC4628,,254.243458,-40.450972,89.13,Neb,58.88,,
IC4629,,254.041625,-16.709889,,Other,,,
IC4630,,253.789917,26.662917,0.84,G,0.49,20,
IC4631,,257.750125,-77.603556,,Other,,,
IC4632,,254.633875,22.915556,,Other,,,
IC4633,,258.446000,-77.536194,2.70,G,1.32,148,
IC4634,,255.389958,-21.825972,0.14,PN,,,
IC4635,,258.913292,-77.489528,1.62,G,0.45,160,
IC4636,,254.778417,47.195417,,*,,,
IC4637,,256.295083,-40.886361,0.31,PN,,,
IC4638,,255.307083,33.513194,0.68,G,0.51,53,
IC4639,,255.728125,22.930028,0.58,G,0.51,152,
IC4640,,260.993125,-80.064083,1.34,G,1.20,130,
IC4641,,261.043000,-80.147417,1.22,G,1.12,45,
IC4642,,257.938417,-55.399000,0.28,PN,,,
IC4644,,261.153750,-73.940111,1.75,G,0.47,134,
IC4645,,258.679708,43.104111,0.57,G,0.50,121,
IC4646,,260.971625,-59.999389,2.77,G,1.85,179,
IC4647,,261.515583,-80.195111,1.64,G,0.84,176,
IC4648,,259.041792,43.862583,,**,,,
IC4650,,258.947542,57.301889,0.61,G,0.25,67,
IC4651,,261.204750,-49.938250,9.60,OCl,,,
IC4652,,261.611125,-59.728306,1.10,G,0.53,16,
IC4653,,261.779917,-60.879583,1.61,G,0.98,51,
IC4654,,264.282875,-74.381444,1.97,G,1.11,102,
IC4655,,263.648417,-60.721333,,Other,,,
IC4656,,264.432792,-63.729667,2.65,G,0.57,90,
IC4657,,263.177917,-17.524833,,Other,,,
IC4658,,264.045042,-59.584917,,Other,,,
IC4659,,263.550958,-17.928028,,Other,,,
IC4660,,260.438250,75.848500,1.28,G,0.33,170,
IC4661,,267.761500,-74.032389,1.62,G,1.30,63,
IC4662,,266.786958,-64.641750,2.09,G,0.83,106,
IC4663,,266.367500,-44.904861,0.22,PN,,,
IC4664,,267.244125,-63.254528,1.67,G,0.89,106,
IC4665,,266.613250,5.648722,24.60,OCl,,,
IC4666,,266.509833,55.775583,,*,,,
IC4667,,266.579000,55.875639,,Other,,,
IC4668,,266.747542,57.400694,,*,,,
IC4669,,266.804042,61.434222,0.61,G,0.29,103,
IC4670,,268.779167,-21.744250,0.08,PN,,,
IC4671,,268.782917,-10.285917,,Other,,,
IC4672,,270.561292,-62.832500,0.89,G,0.52,40,
IC4673,,270.826667,-27.106111,0.25,PN,,,
IC4674,,272.054500,-62.395500,1.57,G,0.71,87,
IC4675,,270.794500,-9.259472,,Other,,,
IC4676,,270.720792,11.823139,0.58,G,0.33,76,
IC4677,,269.565708,66.633278,,Other,,,
IC4678,,271.639458,-23.954444,,Neb,,,
IC4679,,272.852042,-56.254389,1.17,G,0.39,125,
IC4680,,273.373500,-64.476722,1.61,G,0.52,72,
IC4681,,272.083333,-23.432028,,*,,,
IC4682,,274.107125,-71.581306,2.21,G,1.51,140,
IC4683,,272.253875,-26.390944,,Other,,,
IC4684,,272.285167,-23.435444,3.00,RfN,2.00,,
IC4685,,272.322917,-23.987250,15.00,Neb,10.00,,
IC4686,,273.411000,-57.732528,0.78,G,0.59,45,
IC4687,,273.415125,-57.725361,1.15,G,0.73,51,
IC4688,,272.049500,11.712222,1.30,G,0.95,174,
IC4689,,273.417833,-57.748194,0.91,G,0.38,141,
IC4691,,272.190417,11.830083,1.00,G,0.64,150,
IC4692,,273.708208,-58.693778,1.74,G,0.86,4,
IC4693,,272.295125,17.347889,,Other,,,
IC4694,,273.860208,-58.208917,2.79,G,0.73,19,
IC4695,,274.347792,-58.925472,,**,,,
IC4696,,275.074625,-64.734083,2.36,G,0.75,74,
IC4697,,273.112125,25.427194,0.87,G,0.23,0,
IC4698,,275.249708,-63.347944,1.75,G,0.26,39,
IC4699,,274.636625,-45.983083,0.08,PN,,,
IC4701,,274.148917,-16.648278,60.00,Neb,40.00,,
IC4702,,275.765917,-59.238944,1.66,G,1.19,155,
IC4703,Eagle Nebula,274.734250,-13.845389,5.05,Neb,5.05,90,
IC4704,,276.973500,-71.609861,2.70,G,1.99,165,
IC4705,,277.043000,-71.693944,1.73,G,1.02,53,
IC4706,,274.903917,-16.031278,3.47,Neb,,,
IC4707,,274.974625,-16.009250,3.47,Neb,,,
IC4708,,273.442542,61.157278,0.50,G,0.45,113,
IC4709,,276.080792,-56.369167,1.17,G,0.59,5,
IC4710,,277.158208,-66.982278,3.49,G,2.99,5,
IC4711,,277.028417,-64.944472,,Other,,,
IC4712,,277.778833,-71.693667,1.99,G,1.17,61,
IC4713,,277.497250,-67.224389,0.91,G,0.79,95,
IC4714,,277.732292,-66.651750,1.49,G,0.29,177,
IC4715,Small Sgr Star Cloud,274.233833,-18.514556,120.00,*Ass,60.00,90,24
IC4716,,278.187667,-56.962000,0.69,G,0.32,98,
IC4717,,278.321875,-57.975722,1.78,G,0.43,93,
IC4718,,278.459000,-60.129111,1.67,G,0.80,116,
IC4719,,278.298083,-56.732194,1.47,G,0.61,112,
IC4720,,278.385417,-58.405361,2.75,G,0.88,159,
IC4721,,278.603167,-58.496611,5.30,G,1.64,149,
IC4722,,278.631375,-57.792778,1.64,G,1.14,45,
IC4723,,278.984417,-63.376667,0.70,G,0.67,6,
IC4724,,279.667833,-70.125667,0.83,G,0.40,158,
IC4725,,277.944875,-19.114944,14.10,OCl,,,25
IC4726,,279.245042,-62.854333,1.13,G,0.82,19,
IC4727,,279.483583,-62.700667,1.24,G,1.09,114,
IC4728,,279.487500,-62.530917,2.22,G,0.76,172,
IC4729,,279.985125,-67.425694,1.31,G,0.69,61,
IC4730,,279.709042,-63.349917,1.44,G,0.68,154,
IC4731,,279.679083,-62.943028,1.55,G,0.76,80,
IC4732,,278.477500,-22.644722,0.07,PN,,,
IC4733,,276.659083,64.967417,,*,,,
IC4734,,279.607083,-57.490444,1.31,G,0.76,103,
IC4735,,279.958083,-62.956028,0.79,G,0.54,38,
IC4736,,279.665875,-57.893278,1.29,G,0.98,99,
IC4737,,279.993333,-62.597972,0.93,G,0.77,23,
IC4738,,280.112167,-61.902361,1.25,G,0.62,146,
IC4739,,280.212417,-61.901556,0.95,G,0.57,95,
IC4740,,280.752417,-68.359944,1.01,G,0.92,13,
IC4741,,280.430958,-63.948194,1.43,G,0.90,30,
IC4742,,280.469042,-63.862083,2.11,G,1.67,14,
IC4743,,280.371458,-61.772222,0.93,G,0.52,99,
IC4744,,280.478708,-63.223861,0.66,G,0.39,76,
IC4745,,280.649500,-64.942917,2.08,G,0.91,1,
IC4746,,281.477125,-72.668222,0.57,G,0.48,0,
IC4747,,281.488917,-72.630028,1.10,G,0.37,72,
IC4748,,280.691500,-64.072667,1.01,G,0.88,95,
IC4749,,280.706208,-63.208417,1.20,G,1.01,57,
IC4750,,280.761167,-62.971472,1.16,G,0.52,110,
IC4751,,280.830583,-62.112278,1.08,G,0.57,6,
IC4752,,280.944708,-64.082111,0.73,G,0.65,129,
IC4753,,280.885917,-62.107944,0.87,G,0.74,7,
IC4754,,281.000958,-61.990056,1.27,G,1.10,31,
IC4755,,281.254792,-63.692222,1.42,G,0.32,96,
IC4756,,279.714625,5.462167,24.00,OCl,,,
IC4757,,280.982292,-57.167556,1.49,G,0.65,57,
IC4758,,281.576125,-65.756667,1.04,G,0.53,142,
IC4759,,281.420833,-63.085278,0.80,GPair,,,
IC4759 NED01,,281.419667,-63.084778,0.59,G,0.14,71,
IC4759 NED02,,281.422083,-63.087000,0.92,G,0.54,175,
IC4760,,281.441458,-62.958361,0.83,G,0.76,7,
IC4761,,280.981667,-52.853028,1.54,G,1.07,25,
IC4762,,278.118875,67.858028,,**,,,
IC4764,,281.781542,-63.484556,1.42,G,0.41,126,
IC4765,,281.824708,-63.331333,3.79,G,2.84,121,
IC4766,,281.899042,-63.292167,1.23,G,0.44,110,
IC4767,,281.923875,-63.405667,2.00,G,0.44,29,
IC4768,,280.367458,-5.534833,,OCl,,,
IC4769,,281.933542,-63.157000,1.81,G,1.10,165,
IC4770,,282.043042,-63.383444,0.78,G,0.60,73,
IC4771,,282.099333,-63.247667,1.10,G,0.46,179,
IC4772,,279.985417,40.026389,0.60,G,0.45,10,
IC4773,,282.836750,-69.924750,1.39,G,0.72,137,
IC4774,,282.044375,-57.935694,1.06,G,0.87,75,
IC4775,,282.109542,-57.183722,1.51,G,0.34,17,
IC4776,,281.461250,-33.343056,0.12,PN,,,
IC4777,,282.047083,-53.147611,0.94,G,0.77,122,
IC4778,,282.501542,-61.719500,1.20,G,1.03,46,
IC4779,,282.626792,-63.012889,0.86,G,0.79,90,
IC4780,,282.483708,-59.252861,0.77,G,0.58,102,
IC4781,,282.906833,-62.792611,0.96,G,0.65,1,
IC4782,,282.728625,-55.491222,0.40,G,0.29,101,
IC4783,,282.889042,-58.813167,1.15,G,0.92,59,
IC4784,,283.200083,-63.259611,1.51,G,1.21,98,
IC4785,,283.230125,-59.255417,3.12,G,1.60,135,
IC4786,,283.185708,-56.694611,0.79,G,0.23,176,
IC4787,,284.019417,-68.682361,1.07,G,0.96,170,
IC4788,,283.670917,-63.452389,1.27,G,0.21,15,
IC4789,,284.077042,-68.567111,1.63,G,0.65,174,
IC4790,,284.134208,-64.928917,1.21,G,0.70,56,
IC4791,,282.254917,19.331111,1.41,G,1.19,164,
IC4792,,283.924000,-56.403806,1.36,G,0.31,155,
IC4793,,284.231667,-61.399778,1.21,G,0.53,120,
IC4794,,284.290125,-62.090944,1.48,G,0.79,19,
IC4795,,284.318167,-61.609083,1.13,G,0.27,69,
IC4796,,284.116000,-54.213944,1.95,G,1.08,133,
IC4797,,284.123667,-54.305778,2.62,G,1.85,148,
IC4798,,284.587042,-62.118417,2.02,G,1.32,111,
IC4799,,284.735792,-63.930972,1.55,G,1.02,44,
IC4800,,284.681333,-63.139222,1.95,G,1.10,161,
IC4801,,284.909958,-64.675139,1.95,G,1.09,89,
IC4802,,283.779542,-22.698306,,Other,,,
IC4803,,285.166125,-62.065139,0.76,G,0.32,35,
IC4804,,285.280750,-61.833333,1.28,G,1.04,173,
IC4805,,285.505917,-63.047639,0.76,G,0.28,26,
IC4806,,285.377875,-57.532056,2.40,G,0.54,9,
IC4807,,285.573583,-56.931194,1.01,G,0.68,14,
IC4808,,285.281750,-45.313722,2.26,G,0.87,43,
IC4809,,286.022417,-62.194083,1.01,G,0.60,11,
IC4810,,285.748792,-56.159722,4.04,G,0.41,135,
IC4811,,286.436125,-67.133833,0.62,G,0.49,106,
IC4812,,285.265125,-37.060333,10.00,Neb,6.92,,
IC4813,,286.423792,-66.522056,1.31,G,0.64,34,
IC4814,,286.245375,-58.579389,1.50,G,0.60,95,
IC4815,,286.710875,-61.701361,1.12,G,0.77,167,
IC4816,,285.460500,-13.161833,,Nova,,,
IC4817,,286.551458,-56.159361,1.46,G,0.48,14,
IC4818,,286.512667,-55.136833,0.95,G,0.24,77,
IC4819,,286.780417,-59.466944,3.00,G,0.37,123,
IC4820,,287.306292,-63.465500,1.36,G,0.88,97,
IC4821,,287.383375,-55.017306,1.82,G,0.85,6,
IC4822,,288.689542,-72.441139,0.71,G,0.42,72,
IC4823,,288.065625,-63.975861,1.23,G,0.87,18,
IC4824,,288.308625,-62.088278,0.73,G,0.20,59,
IC4825,,289.315125,-72.748750,0.51,G,0.42,58,
IC4826,,288.088333,-57.202306,1.29,G,0.75,45,
IC4827,,288.338500,-60.860167,3.05,G,0.69,166,
IC4828,,288.419542,-62.082611,1.13,G,0.51,68,
IC4829,,288.140417,-56.540250,1.05,G,0.46,25,
IC4830,,288.452333,-59.294361,1.94,G,1.45,27,
IC4831,,288.682667,-62.272611,3.67,G,0.84,111,
IC4832,,288.516125,-56.610722,2.54,G,0.80,145,
IC4833,,288.921458,-62.329944,0.78,G,0.44,94,
IC4834,,289.130542,-64.006167,1.11,G,0.50,126,
IC4835,,288.864500,-58.238000,0.88,G,0.57,165,
IC4836,,289.074708,-60.200333,1.59,G,1.36,71,
IC4837,,288.811000,-54.661417,2.25,G,1.23,24,
IC4837A,,288.817375,-54.132500,4.47,G,0.85,166,
IC4838,,289.192125,-61.614500,1.36,G,0.62,63,
IC4839,,288.892167,-54.626694,2.16,G,1.56,132,
IC4840,,288.965375,-56.209083,1.13,G,0.66,130,
IC4841,,290.178458,-72.226778,0.93,G,0.79,153,
IC4842,,289.851958,-60.644250,2.22,G,1.14,21,
IC4843,,289.840375,-59.308861,1.15,G,0.26,91,
IC4844,,289.761000,-56.027167,1.61,G,0.92,168,
IC4845,,290.093708,-60.389167,1.95,G,1.46,83,
IC4846,,289.117917,-9.043611,0.03,PN,,,
IC4847,,290.883375,-65.506667,0.97,G,0.69,142,
IC4848,,290.727375,-56.780806,0.69,G,0.50,28,
IC4849,,291.399958,-62.932722,0.99,G,0.28,117,
IC4850,,290.100375,-0.133556,,Nova,,,
IC4851,,291.372667,-57.670444,1.69,G,0.58,14,
IC4852,,291.605583,-60.336056,1.71,G,0.86,171,
IC4853,,292.697125,-71.070028,1.24,G,0.31,167,
IC4854,,291.838125,-59.315444,1.31,G,1.25,28,
IC4856,,291.877208,-54.908528,1.17,G,0.57,29,
IC4857,,292.163250,-58.767917,1.82,G,1.08,32,
IC4859,,292.694417,-66.314722,1.17,G,0.62,35,
IC4860,,292.864625,-67.369028,0.96,G,0.73,150,
IC4861,,292.319667,-57.574972,1.21,G,0.47,28,
IC4862,,292.918125,-67.322889,1.55,G,0.51,180,
IC4863,,291.965375,-36.216889,,**,,,
IC4864,,295.025708,-77.558167,1.76,G,0.43,177,
IC4865,,292.709750,-46.698444,,**,,,
IC4866,,293.644792,-61.145778,1.64,G,1.02,164,
IC4868,,293.389167,-45.892694,,**,,,
IC4869,,294.009708,-61.027861,1.79,G,1.17,167,
IC4870,,294.406667,-65.811833,1.67,G,0.87,132,
IC4871,,293.925958,-57.519222,3.78,G,0.77,8,
IC4873,,293.727875,-46.135833,0.93,G,0.74,34,
IC4874,,294.089750,-47.265944,1.39,G,0.79,54,
IC4875,,294.410375,-52.075722,1.00,G,0.68,68,
IC4876,,294.428208,-52.842750,1.33,G,0.99,123,
IC4877,,294.482875,-51.991389,1.64,G,0.31,83,
IC4878,,294.708625,-58.226444,1.50,G,0.31,43,
IC4879,,294.901875,-52.368778,0.90,G,0.41,81,
IC4880,,295.128792,-56.410167,1.99,G,0.49,115,
IC4881,,295.108417,-55.857722,1.10,G,0.87,152,
IC4882,,295.097125,-55.196917,0.98,G,0.84,2,
IC4883,,295.502208,-55.545528,1.51,G,0.50,157,
IC4884,,295.671250,-58.128472,1.59,G,0.42,166,
IC4885,,295.966833,-60.651750,2.00,G,0.47,114,
IC4886,,295.810625,-51.807500,1.48,G,0.75,110,
IC4887,,297.088708,-69.587194,0.99,G,0.76,91,
IC4888,,296.217667,-54.456639,1.14,G,0.87,100,
IC4889,,296.313125,-54.344139,2.99,G,2.49,2,
IC4890,,296.397750,-56.545444,1.01,G,0.82,55,
IC4892,,297.381708,-70.227444,1.82,G,0.40,4,
IC4893,,297.639000,-72.510000,0.57,G,0.48,65,
IC4894,,296.746292,-51.846500,0.87,G,0.51,131,
IC4896,,297.270458,-58.981444,0.90,G,0.48,18,
IC4897,,297.332083,-51.868000,0.80,G,0.46,111,
IC4898,,296.942417,-33.320583,,Other,,,
IC4899,,298.611458,-70.589750,1.02,G,0.62,5,
IC4900,,297.592083,-51.345833,0.91,G,0.23,174,
IC4901,,298.598042,-58.713556,3.68,G,2.54,130,
IC4902,,298.600458,-56.379083,0.68,G,0.34,18,
IC4903,,299.555917,-70.453417,1.17,G,0.37,180,
IC4904,,299.661708,-70.184194,1.07,G,0.76,52,
IC4905,,299.024458,-61.221083,1.04,G,0.34,118,
IC4906,,299.198333,-60.468083,1.61,G,0.91,68,
IC4907,,299.054417,-52.453972,0.54,G,0.43,1,
IC4908,,299.236125,-55.791722,0.66,G,0.59,168,
IC4909,,299.190000,-50.055750,1.16,G,0.79,77,
IC4910,,299.445792,-56.863250,0.52,G,0.42,117,
IC4911,,299.424292,-51.986472,0.61,G,0.45,139,
IC4912,,301.707042,-77.357500,1.00,G,0.39,41,
IC4913,,299.198500,-37.328361,1.57,G,1.07,127,
IC4914,,299.485458,-50.131500,0.46,G,0.37,91,
IC4915,,299.633083,-52.642222,1.37,G,0.88,97,
IC4916,,299.579875,-50.272111,1.05,G,0.94,175,
IC4917,,299.728208,-52.273194,0.79,G,0.73,35,
IC4918,,299.804958,-52.275139,0.41,G,0.32,123,
IC4919,,300.037708,-55.373389,1.36,G,0.92,36,
IC4920,,300.036708,-53.383778,0.64,G,0.34,34,
IC4921,,300.831667,-67.826861,0.80,G,0.42,136,
IC4922,,299.872375,-40.363083,,Other,,,
IC4923,,300.239042,-52.631667,1.03,G,0.90,97,
IC4924,,299.964292,-41.546056,,Other,,,
IC4925,,300.291125,-52.865833,0.90,G,0.18,164,
IC4926,,300.050625,-38.578583,1.29,G,1.00,54,
IC4927,,300.456167,-53.917750,1.18,G,0.37,167,
IC4928,,302.550000,-77.308972,0.90,G,0.27,33,
IC4929,,301.673750,-71.683556,1.34,G,0.43,21,
IC4930,,300.610250,-54.308583,,Other,,,
IC4931,,300.209833,-38.575056,2.28,G,1.43,135,
IC4932,,300.564500,-52.846167,0.83,G,0.59,6,
IC4933,,300.871000,-54.979944,2.08,G,1.28,9,
IC4934,,301.811875,-69.479194,1.55,G,0.26,27,
IC4935,,301.142167,-57.598167,1.80,G,0.50,176,
IC4936,,301.467500,-61.428528,1.35,G,0.70,12,
IC4937,,301.323250,-56.256194,1.72,G,0.41,1,
IC4938,,301.548750,-60.211611,0.46,G,0.30,170,
IC4939,,301.796000,-60.738806,0.74,G,0.44,148,
IC4940,,301.431750,-44.699944,,Other,,,
IC4941,,301.744208,-53.652306,0.88,G,0.64,2,
IC4942,,301.705750,-52.609917,0.65,G,0.35,147,
IC4943,,301.617750,-48.375611,1.33,G,1.25,8,
IC4944,,301.786833,-54.446889,1.33,G,0.65,7,
IC4946,,305.991958,-43.995278,2.50,G,0.90,68,
IC4947,,301.882292,-53.142444,0.76,G,0.61,72,
IC4950,,302.114000,-56.161833,1.38,G,0.38,39,
IC4951,,302.382375,-61.850472,3.07,G,0.71,175,
IC4952,,302.156875,-55.453667,0.93,G,0.21,8,
IC4953,,302.499667,-62.792222,0.57,G,0.38,70,
IC4954,,301.187583,29.252806,3.00,HII,1.00,,
IC4955,,301.218958,29.192611,2.09,Neb,1.55,80,
IC4956,,302.880250,-45.593222,1.73,G,1.67,115,
IC4957,,302.398458,-55.709306,0.93,G,0.52,14,
IC4958,,303.897250,-72.711194,0.46,G,0.30,25,
IC4959,,302.738417,-53.089694,,Other,,,
IC4960,,303.849500,-70.537750,1.26,G,0.39,166,
IC4961,,302.869125,-53.125111,1.64,G,0.46,91,
IC4962,,304.177042,-71.129556,0.98,G,0.20,156,
IC4963,,303.022875,-55.245889,1.43,G,0.61,159,
IC4964,,304.349708,-73.885639,1.59,G,0.58,155,
IC4965,,303.113833,-56.826778,1.23,G,0.85,143,
IC4966,,303.068417,-53.619194,,Other,,,
IC4967,,304.096458,-70.564694,0.73,G,0.57,92,
IC4968,,303.709292,-64.798389,0.76,G,0.61,37,
IC4969,,303.234583,-53.920056,0.71,G,0.64,22,
IC4970,,304.238958,-70.749750,1.66,G,0.44,12,
IC4971,,304.261917,-70.620972,0.91,G,0.28,5,
IC4972,,304.428000,-70.915111,1.01,G,0.26,16,
IC4973,,303.642208,-58.371111,0.66,G,0.35,1,
IC4974,,303.860417,-61.860278,1.00,GPair,,,
IC4974 NED01,,303.858875,-61.857667,0.84,G,0.61,68,
IC4974 NED02,,303.862292,-61.863056,0.66,G,0.48,110,
IC4975,,303.512583,-52.721778,1.11,G,1.01,39,
IC4976,,303.921083,-61.875139,0.44,G,0.34,61,
IC4977,,302.971667,-21.636639,,Other,,,
IC4978,,303.656875,-54.421972,0.74,G,0.30,91,
IC4979,,303.674333,-53.458694,1.08,G,0.90,13,
IC4980,,303.870542,-57.912694,1.61,G,0.63,123,
IC4981,,304.913333,-70.848528,1.07,G,0.35,136,
IC4982,,305.086833,-71.007833,0.52,G,0.44,51,
IC4983,,304.024792,-52.086528,1.02,G,0.94,50,
IC4984,,304.072708,-52.703722,0.88,G,0.39,115,
IC4985,,305.183417,-70.987000,0.85,G,0.56,66,
IC4986,,304.298542,-55.036389,2.23,G,0.86,15,
IC4987,,304.330750,-52.279556,1.01,G,0.65,66,
IC4988,,305.442708,-69.387639,,Other,,,
IC4989,,304.848708,-58.551472,1.16,G,0.29,155,
IC4990,,305.356625,-66.890861,0.77,G,0.36,19,
IC4991,,304.597000,-41.050167,2.91,G,2.13,129,
IC4992,,305.866042,-71.564917,1.71,G,0.26,55,
IC4993,,305.484833,-66.985389,0.52,G,0.40,28,
IC4994,,304.935500,-53.447361,1.36,G,1.06,96,
IC4995,,304.995708,-52.621972,1.19,G,0.81,158,
IC4996,,304.138625,37.555278,6.00,OCl,,,
IC4997,,305.036667,16.731667,0.03,PN,,,
IC4998,,305.544083,-38.308333,1.57,G,1.08,103,
IC4999,,305.984750,-26.014944,2.03,G,1.00,92,
IC5001,,306.583542,-54.774722,0.97,G,0.39,28,
IC5002,,306.666208,-54.799694,1.35,G,0.72,93,
IC5003,,310.809750,-29.853389,2.36,G,0.66,162,
IC5005,,306.334208,-25.829278,1.36,G,0.99,62,
IC5006,,305.945500,6.449167,,**,,,
IC5007,,310.893542,-29.703639,2.31,G,1.45,30,
IC5008,,308.187625,-72.694722,1.19,G,0.33,77,
IC5009,,308.143125,-72.167556,1.05,G,0.66,96,
IC5010,,307.611167,-66.097361,0.78,G,0.34,178,
IC5011,,307.140917,-36.027111,3.01,G,1.32,18,
IC5012,,307.383250,-56.743111,1.06,G,0.52,78,
IC5014,,308.815500,-73.452611,0.77,G,0.66,102,
IC5016,,308.903833,-72.911139,0.63,G,0.48,94,
IC5017,,308.015958,-57.587694,0.97,G,0.47,175,
IC5019,,307.696208,-36.076944,1.54,G,0.32,85,
IC5020,,307.660375,-33.485556,2.33,G,1.75,148,
IC5021,,308.391833,-54.520778,0.76,G,0.67,21,
IC5022,,310.275583,-76.450139,0.78,G,0.53,142,
IC5023,,309.544667,-67.184639,1.43,G,0.49,118,
IC5024,,310.039750,-71.107694,0.98,G,0.71,17,
IC5025,,311.246167,-76.984694,1.65,G,0.25,110,
IC5026,,312.116875,-78.069250,2.40,G,0.28,75,
IC5027,,310.287208,-55.472111,0.51,G,0.46,55,
IC5028,,310.841792,-65.647806,1.32,G,0.77,170,
IC5031,,311.334458,-67.539333,0.59,G,0.35,40,
IC5032,,311.341792,-67.551889,1.30,G,0.37,144,
IC5033,,310.979542,-57.334278,0.95,G,0.54,45,
IC5034,,310.923625,-57.030306,1.43,G,0.59,25,
IC5035,,311.060208,-57.127528,0.63,G,0.41,122,
IC5036,,311.157417,-57.626778,0.99,G,0.30,119,
IC5037,,311.413542,-58.449778,1.32,G,0.21,158,
IC5038,,311.715208,-65.016806,1.51,G,0.69,73,
IC5040,,313.081708,-76.686556,0.80,G,0.60,9,
IC5042,,311.941750,-65.084306,1.10,G,0.75,43,
IC5043,,311.659417,-56.983667,0.78,G,0.24,20,
IC5044,,312.673083,-71.899417,0.64,G,0.44,99,
IC5045,,312.708792,-71.909778,0.81,G,0.36,71,
IC5048,,312.919333,-71.800778,0.58,G,0.52,70,
IC5049,,311.847667,-38.415694,1.20,GPair,,,
IC5049A,,311.846750,-38.413167,1.10,G,0.84,149,
IC5049B,,311.849292,-38.418278,1.78,G,1.18,138,
IC5050,,311.312708,-5.622778,1.33,G,0.80,83,
IC5051,,313.094375,-71.789889,0.68,G,0.44,59,
IC5052,,313.023208,-69.201639,7.16,G,1.33,140,
IC5053,,313.400875,-71.141222,2.09,G,0.68,57,
IC5054,,313.439250,-71.024750,2.23,G,0.43,6,
IC5055,,313.238208,-68.445667,0.83,G,0.44,28,
IC5056,,312.247917,-39.180917,,Other,,,
IC5057,,311.806250,0.322111,,*,,,
IC5059,,312.806167,-57.688667,0.90,G,0.62,13,
IC5060,,313.694417,-71.636472,0.87,G,0.18,79,
IC5061,,311.904792,0.335667,,Other,,,
IC5062,,312.042500,-8.359750,,**,,,
IC5063,,313.009750,-57.068778,2.69,G,1.91,120,
IC5064,,313.159500,-57.232444,1.27,G,0.73,54,
IC5065,,312.940833,-29.847278,1.50,G,0.92,149,
IC5066,,314.262583,-73.147250,0.68,G,0.32,30,
IC5067,,311.959083,44.366972,,Other,,,
IC5068,,312.624000,42.477694,40.00,HII,30.00,,
IC5069,,315.053542,-71.811694,1.15,G,0.95,36,
IC5070,Pelican Nebula,312.753000,44.401500,60.00,HII,50.00,,
IC5071,,315.332250,-72.642722,3.17,G,0.56,17,
IC5072,,315.486750,-72.988472,0.81,G,0.37,107,
IC5073,,315.832750,-72.687889,1.18,G,0.91,50,
IC5074,,315.251917,-63.152667,0.65,G,0.46,168,
IC5075,,316.158750,-71.867861,1.09,G,0.45,148,
IC5076,,313.889250,47.395556,7.00,RfN,7.00,,
IC5077,,317.224833,-73.640806,0.67,G,0.52,94,
IC5078,,315.630292,-16.818306,3.24,G,0.56,86,
IC5079,,316.433375,-56.230250,,*,,,
IC5080,,315.637792,19.213611,0.49,G,0.39,45,
IC5081,,315.755125,19.189250,,Other,,,
IC5083,,315.964583,11.763639,0.80,G,0.60,30,
IC5084,,317.311958,-63.290028,1.67,G,1.07,137,
IC5085,,318.364875,-74.103056,0.72,G,0.52,31,
IC5086,,317.133375,-29.769056,1.75,G,1.57,41,
IC5087,,318.589375,-73.773833,1.46,G,0.38,95,
IC5088,,317.361500,-22.878583,1.37,G,1.06,96,
IC5089,,317.727208,-3.862778,0.60,G,0.27,28,
IC5090,,317.877000,-2.032556,0.83,G,0.27,17,
IC5091,,319.404250,-70.652944,0.56,G,0.49,158,
IC5092,,319.060417,-64.464667,2.75,G,2.43,33,
IC5093,,319.693250,-70.622389,0.79,G,0.34,125,
IC5094,,319.456250,-66.427667,1.17,G,0.50,154,
IC5095,,319.342667,-59.947556,0.92,G,0.39,72,
IC5096,,319.589750,-63.760667,3.52,G,0.66,149,
IC5097,,318.742000,4.484111,,Other,,,
IC5098,,318.755750,4.493611,,Other,,,
IC5099,,320.454375,-70.983361,0.72,G,0.28,6,
IC5100,,320.431083,-65.933361,1.15,G,0.20,114,
IC5101,,320.482375,-65.836056,1.10,G,0.89,2,
IC5102,,321.556083,-73.310083,1.07,G,0.54,113,
IC5103,,322.302292,-74.070167,1.07,G,0.80,57,
IC5104,,320.371875,21.241972,1.48,G,0.43,172,
IC5105,,321.091708,-40.537722,2.98,G,1.64,44,
IC5106,,322.158875,-70.834583,1.51,G,1.17,145,
IC5107,,322.062042,-65.735528,1.02,G,0.38,4,
IC5108,,323.214583,-72.659694,1.08,G,0.39,104,
IC5109,,323.427958,-74.112000,0.92,G,0.69,168,
IC5110,,322.680792,-60.001833,1.37,G,1.00,52,
IC5111,,322.044833,2.473750,0.78,G,0.66,2,
IC5113,,322.414542,6.818000,,**,,,
IC5115,,322.738708,11.763500,0.71,G,0.42,109,
IC5116,,324.272917,-70.982556,1.48,G,1.26,34,
IC5117,,323.129042,44.596556,0.02,PN,,,
IC5118,,325.557500,-71.382694,1.22,G,0.31,45,
IC5119,,323.482708,21.837917,0.82,G,0.23,153,
IC5122,,324.941125,-22.406528,0.65,G,0.38,55,
IC5123,,326.205625,-72.420750,1.48,G,0.57,17,
IC5124,,324.979958,-22.426944,0.51,G,0.23,134,
IC5125,,325.459083,-52.773611,0.78,G,0.71,105,
IC5126,,325.119042,-6.345750,0.37,G,0.32,10,
IC5128,,325.799042,-38.968278,0.96,G,0.64,128,
IC5129,,326.944083,-65.387806,0.55,G,0.45,16,
IC5130,,327.601125,-73.997417,1.63,G,0.55,108,
IC5131,,326.855458,-34.883667,1.62,G,1.53,36,
IC5132,,325.667542,66.168444,,Neb,,,
IC5133,,325.696417,66.181139,,Neb,,,
IC5134,,325.744500,66.102833,7.59,Neb,,,
IC5137,,327.906083,-65.583667,,Other,,,
IC5138,,328.340375,-68.953639,1.23,G,0.75,125,
IC5139,,327.606917,-30.994722,2.19,G,1.04,32,
IC5140,,328.566792,-67.331389,2.19,G,0.33,137,
IC5141,,328.321000,-59.493556,1.50,G,1.18,25,
IC5142,,328.835375,-65.510028,1.67,G,0.97,73,
IC5144,,328.539708,15.036833,0.79,G,0.62,92,
IC5145,,328.596083,15.156833,1.62,G,0.80,171,
IC5146,Cocoon Nebula,328.369833,47.266917,10.00,Cl+N,10.00,,
IC5147,,329.859667,-65.449861,1.59,G,0.72,29,
IC5148,,329.896667,-39.385833,2.30,PN,,,
IC5149,,329.746000,-27.413917,1.38,G,0.52,31,
IC5151,,329.719167,3.761472,0.35,G,0.20,0,
IC5152,,330.672958,-51.296444,5.13,G,3.60,103,
IC5153,,330.098167,17.863917,0.18,G,0.10,65,
IC5154,,331.126208,-66.112389,0.86,G,0.55,4,
IC5155,,330.526083,0.488278,,**,,,
IC5156,,330.811958,-33.838444,2.28,G,0.82,175,
IC5157,,330.862500,-34.941833,2.01,G,1.80,56,
IC5158,,331.603208,-67.517000,1.01,G,0.55,64,
IC5159,,330.666208,0.319000,,*,,,
IC5160,,330.770167,10.924861,0.94,G,0.54,21,
IC5161,,331.412542,9.640167,0.71,G,0.30,16,
IC5162,,332.012833,-52.713861,1.08,G,0.63,134,
IC5163,,331.447417,27.085500,,Other,,,
IC5164,,331.492500,27.047472,,*,,,
IC5165,,332.529500,-64.578028,1.52,G,0.51,43,
IC5166,,331.528500,27.068000,,*,,,
IC5167,,331.882458,-8.122611,,*,,,
IC5168,,332.189750,-27.856472,1.30,G,0.36,141,
IC5169,,332.541583,-36.088611,2.05,G,0.91,24,
IC5170,,333.123500,-47.221944,1.91,G,0.83,26,
IC5171,,332.736250,-46.081472,0.74,G,0.49,153,
IC5172,,332.481292,12.818056,0.71,G,0.24,87,
IC5173,,333.672500,-69.366389,2.80,GPair,,,
IC5173A,,333.685708,-69.365389,1.82,G,0.32,75,
IC5173B,,333.661125,-69.367750,0.69,G,0.25,74,
IC5174,,333.186125,-38.171389,0.75,G,0.65,149,
IC5175,,333.200958,-38.127444,1.59,G,0.54,87,
IC5176,,333.733042,-66.849417,4.51,G,0.63,28,
IC5177,,332.892792,11.795944,0.85,G,0.38,9,
IC5178,,333.138958,-22.954056,1.04,G,0.63,91,
IC5179,,334.037917,-36.843722,1.01,G,0.52,61,
IC5180,,332.800042,38.927194,1.38,G,1.20,146,
IC5181,,333.340417,-46.017611,2.65,G,0.86,73,
IC5182,,334.021208,-65.454722,0.78,G,0.55,136,
IC5185,,334.431875,-65.857472,0.58,G,0.46,70,
IC5186,,334.693833,-36.801583,2.11,G,1.44,92,
IC5187,,334.574042,-59.606972,0.60,G,0.56,16,
IC5188,,334.610000,-59.641333,1.29,G,1.05,9,
IC5189,,334.058958,-5.004306,,*,,,
IC5190,,334.752875,-59.882722,0.90,G,0.67,127,
IC5191,,333.760292,37.300389,1.08,G,0.17,65,
IC5192,,333.808500,37.271028,0.53,G,0.28,162,
IC5193,,333.931458,37.242833,0.75,G,0.68,178,
IC5194,,334.283875,-15.945694,,Other,,,
IC5196,,335.046917,-65.404611,1.49,G,0.35,100,
IC5197,,334.955917,-60.136444,1.05,G,0.56,34,
IC5199,,334.888417,-37.533806,1.90,G,0.32,153,
IC5200,,335.563917,-65.766333,0.74,G,0.36,124,
IC5201,,335.239333,-46.035861,6.70,G,2.86,22,
IC5202,,335.731958,-65.802889,1.62,G,0.58,128,
IC5203,,335.642917,-59.773222,1.11,G,0.68,12,
IC5205,,335.698167,-59.787056,0.63,G,0.39,20,
IC5206,,336.019250,-66.857833,0.99,G,0.56,29,
IC5207,,335.872708,-60.564972,1.23,G,0.66,178,
IC5208,,336.142792,-65.227417,1.86,G,0.33,62,
IC5209,,335.787917,-37.993278,0.72,G,0.46,127,
IC5210,,335.629625,-18.869694,1.13,G,0.95,80,
IC5211,,335.679417,-18.880222,0.80,G,0.58,158,
IC5212,,335.876083,-38.037639,0.99,G,0.56,40,
IC5213,,336.269958,-60.476694,0.66,G,0.41,131,
IC5214,,335.925875,-27.469806,,Other,,,
IC5215,,336.742125,-65.982194,0.65,G,0.53,180,
IC5216,,336.186542,-18.087611,,Other,,,
IC5217,,335.982083,50.966667,0.11,PN,,,
IC5218,,337.024083,-60.394861,1.34,G,0.48,22,
IC5219,,337.182250,-65.893722,0.89,G,0.55,16,
IC5220,,337.011375,-59.723444,1.19,G,0.37,112,
IC5221,,337.240458,-65.904583,0.47,G,0.43,59,
IC5222,,337.478250,-65.661361,1.96,G,0.89,92,
IC5223,,337.436542,7.988750,0.66,G,0.29,4,
IC5224,,337.625625,-45.996194,1.65,G,0.39,165,
IC5226,,338.125875,-25.661972,1.98,G,1.49,35,
IC5227,,338.515458,-64.697667,1.19,G,0.86,176,
IC5229,,338.709917,-61.381361,0.63,G,0.53,70,
IC5230,,338.917375,-61.547694,1.05,G,0.41,43,
IC5231,,338.503000,23.338667,0.72,G,0.63,65,
IC5232,,339.408792,-68.872222,0.71,G,0.47,3,
IC5233,,339.137000,25.763194,0.91,G,0.84,16,
IC5234,,340.047708,-65.825250,1.20,G,0.54,147,
IC5235,,340.356125,-66.580306,0.63,G,0.34,84,
IC5236,,340.375583,-66.618000,0.84,G,0.56,64,
IC5238,,340.374042,-60.757917,0.71,G,0.44,63,
IC5239,,337.779917,-38.026528,1.32,G,0.62,53,
IC5240,,340.468250,-44.767167,3.20,G,2.22,96,
IC5241,,340.410542,2.639944,0.91,G,0.74,174,
IC5242,,340.313375,23.406917,0.82,G,0.70,174,
IC5243,,340.352458,23.374639,0.74,G,0.63,16,
IC5244,,341.057292,-64.043389,2.86,G,0.47,174,
IC5245,,341.234875,-65.357917,0.85,G,0.71,114,
IC5246,,341.664583,-64.897972,1.02,G,0.67,154,
IC5247,,341.708958,-65.273889,1.37,G,0.40,124,
IC5248,,341.178125,-0.339500,,Other,,,
IC5249,,341.776167,-64.832028,4.38,G,0.36,12,
IC5250,,341.835083,-65.058722,3.50,GPair,,,
IC5250A,,341.822917,-65.059722,1.51,G,1.31,73,
IC5250B,,341.842333,-65.058500,1.74,G,0.95,120,
IC5251,,341.294292,11.158472,,Other,,,
IC5252,,342.037458,-68.902861,1.34,G,0.77,173,
IC5253,,341.370500,21.808056,0.89,G,0.36,164,
IC5254,,341.502125,21.125583,0.68,G,0.32,80,
IC5255,,341.441833,36.226778,,Other,,,
IC5256,,342.440875,-68.690667,1.20,G,0.51,17,
IC5257,,343.067708,-67.419556,0.70,G,0.47,18,
IC5258,,342.881542,23.080583,1.00,G,0.64,102,
IC5259,,343.811208,36.671778,1.08,G,0.77,79,
IC5261,,343.605167,-20.362889,1.44,G,1.28,21,
IC5262,,343.835208,-33.887917,1.35,G,0.68,179,
IC5263,,344.556542,-69.052111,1.59,G,0.73,147,
IC5264,,344.221000,-36.554167,2.43,G,0.53,80,
IC5266,,344.586792,-65.129694,1.89,G,0.52,33,
IC5267,,344.306542,-43.396139,5.58,G,4.06,138,
IC5268,,344.054042,36.597250,,Other,,,
IC5269,,344.431917,-36.026222,1.84,G,0.75,51,
IC5270,,344.478917,-35.858056,3.29,G,1.81,105,
IC5271,,344.507583,-33.742222,3.00,G,1.16,140,
IC5272,,344.879583,-65.193528,1.07,G,0.82,33,
IC5273,,344.861250,-37.702889,3.07,G,1.98,46,
IC5274,,344.615208,18.918750,0.90,G,0.77,109,
IC5275,,344.664417,18.862528,,Other,,,
IC5276,,344.665625,18.819917,0.83,G,0.35,45,
IC5277,,345.496875,-65.197889,0.59,G,0.54,41,
IC5278,,345.066000,-8.178778,1.17,G,0.40,88,
IC5279,,345.760917,-69.209722,0.77,G,0.67,32,
IC5280,,345.958958,-65.207861,1.32,G,0.50,4,
IC5281,,345.597875,27.006389,,*,,,
IC5282,,345.700792,21.874361,1.07,G,0.51,174,
IC5283,,345.825000,8.893611,1.15,G,0.60,105,
IC5284,,346.692792,19.122083,1.07,G,0.38,140,
IC5285,,346.745583,22.936472,1.32,G,0.74,88,
IC5286,,347.481292,-68.253111,0.97,G,0.21,114,
IC5287,,347.334458,0.756500,0.91,G,0.40,40,
IC5288,,347.934250,-68.094056,0.92,G,0.79,84,
IC5289,,347.820667,-32.454278,0.70,GPair,,,
IC5289 NED01,,347.821667,-32.455972,0.44,G,0.17,0,
IC5289 NED02,,347.822083,-32.451861,1.15,G,0.74,36,
IC5290,,348.221917,-23.469194,1.15,G,0.72,67,
IC5291,,348.414917,9.241528,0.34,G,0.34,165,
IC5292,,348.446125,13.687611,0.68,G,0.64,90,
IC5293,,348.686000,25.140611,0.71,G,0.49,167,
IC5295,,348.871417,25.120472,0.64,G,0.55,46,
IC5296,,348.932417,25.094528,0.79,G,0.49,37,
IC5297,,348.993500,25.025194,0.58,G,0.55,151,
IC5298,,349.002917,25.556694,0.79,G,0.70,161,
IC5299,,349.079792,20.855833,0.43,G,0.25,20,
IC5300,,349.142042,20.828444,0.81,G,0.50,130,
IC5301,,349.747625,-69.562111,1.10,G,0.58,87,
IC5302,,349.902875,-64.568278,1.19,G,0.42,24,
IC5303,,349.478083,0.264528,,**,,,
IC5304,,349.718958,-10.259306,1.52,G,0.94,18,
IC5305,,349.525917,10.299861,0.40,G,0.25,120,
IC5306,,349.547208,10.246056,0.66,G,0.29,83,
IC5307,,349.591792,10.235750,0.30,G,0.26,40,
IC5309,,349.798542,8.109306,1.29,G,0.61,25,
IC5310,,350.198500,-22.149361,0.50,G,0.41,7,
IC5311,,350.157292,17.274139,,**,,,
IC5312,,350.243000,19.318028,0.35,G,0.35,105,
IC5314,,350.285583,19.311222,0.68,G,0.68,5,
IC5315,,350.326042,25.385194,0.92,G,0.77,136,
IC5316,,350.475458,21.202556,0.58,G,0.44,118,
IC5317,,350.869500,21.163528,0.81,G,0.62,5,
IC5319,,351.204000,13.996528,0.73,G,0.64,1,
IC5320,,352.091542,-67.760278,0.60,G,0.55,113,
IC5321,,351.584292,-17.956389,1.31,G,0.75,46,
IC5322,,352.128375,-67.761333,0.77,G,0.48,77,
IC5323,,351.904042,-67.815472,1.64,G,1.04,32,
IC5324,,352.073958,-67.821361,1.26,G,1.12,34,
IC5325,,352.180958,-41.333472,2.88,G,2.62,8,
IC5326,,352.396500,-28.831167,1.02,G,0.49,116,
IC5328,,353.318583,-45.015972,2.99,G,1.75,41,
IC5329,,353.289958,21.237306,1.37,G,0.34,109,
IC5330,,353.359708,-2.883139,,*,,,
IC5331,,353.353417,21.130056,1.24,G,0.43,17,
IC5332,,353.614542,-36.101083,6.07,G,5.77,0,
IC5334,,353.651750,-4.534250,1.91,G,0.57,125,
IC5335,,353.947375,-67.396972,1.11,G,0.48,137,
IC5336,,354.082042,21.098111,0.90,GPair,,,
IC5336 NED01,,354.078000,21.099472,0.49,G,0.29,38,
IC5336 NED02,,354.085167,21.096722,0.59,G,0.44,112,
IC5337,,354.104292,21.150556,0.96,G,0.31,2,
IC5338,,354.126792,21.146000,1.26,G,0.91,26,
IC5339,,354.521958,-68.442056,1.07,G,0.95,106,
IC5340,,354.634792,-4.854611,,Other,,,
IC5341,,354.611750,26.985111,0.24,G,0.24,25,
IC5342,,354.661667,27.011361,0.79,G,0.63,26,
IC5343,,354.843208,-22.497167,0.86,G,0.68,15,
IC5344,,354.816000,-4.966750,,Other,,,
IC5345,,354.884292,-22.413333,0.74,G,0.51,155,
IC5346,,355.276375,24.949806,0.60,G,0.34,98,
IC5347,,355.402958,24.885778,0.72,G,0.56,112,
IC5349,,356.595125,-28.005111,1.10,GPair,,,
IC5349 NED01,,356.594583,-28.006028,1.00,G,0.30,21,
IC5349 NED02,,356.596208,-28.003250,1.03,G,1.03,0,
IC5350,,356.810958,-27.957722,1.03,G,0.84,55,
IC5351,,356.828875,-2.313500,1.70,G,0.81,40,
IC5352,,356.832917,-2.280667,0.45,G,0.31,66,
IC5353,,356.869125,-28.109472,1.79,G,1.00,128,
IC5354,,356.868083,-28.136000,0.92,G,0.58,65,
IC5355,,356.813708,32.782750,1.01,G,0.76,11,
IC5356,,356.849125,-2.351250,0.97,G,0.52,42,
IC5357,,356.845792,-2.300667,1.58,G,0.86,154,
IC5358,,356.937667,-28.140750,1.48,G,1.03,114,
IC5359,,356.907750,-2.316667,1.23,G,0.27,139,
IC5360,,356.973875,-37.058667,,Other,,,
IC5362,,357.903042,-28.365056,1.56,G,1.43,40,
IC5364,,359.104167,-29.023333,1.50,GPair,,,
IC5364 NED01,,359.099625,-29.023694,1.07,G,1.07,95,
IC5364 NED02,,359.105167,-29.023389,1.00,G,0.92,90,
IC5365,,359.394125,-37.024889,,Other,,,
IC5366,,359.418292,52.791639,,Other,,,
IC5367,,359.662125,22.449083,0.56,G,0.42,52,
IC5369,,359.960583,32.702361,0.91,G,0.45,86,
IC5370,,0.038250,32.738389,0.78,G,0.71,115,
IC5371,,0.061583,32.832000,0.52,G,0.45,147,
IC5372,,0.067750,32.792611,0.40,G,0.35,10,
IC5373,,0.120042,32.782361,0.67,G,0.51,154,
IC5374,,0.268833,4.500194,0.67,G,0.57,16,
IC5375,,0.269875,4.540611,0.90,G,0.51,1,
IC5376,,0.332375,34.525722,1.64,G,0.44,4,
IC5377,,0.522500,16.590278,0.91,G,0.54,0,
IC5378,,0.657500,16.648056,1.50,GPair,,,
IC5378 NED01,,0.657917,16.643778,0.55,G,0.55,50,
IC5378 NED02,,0.657083,16.652222,0.60,G,0.53,5,
IC5379,,0.669583,16.600278,0.55,G,0.26,65,
IC5380,,0.706500,-66.186528,0.84,G,0.37,132,
IC5381,,0.796958,15.965722,1.23,G,0.37,52,
IC5382,,0.859167,-65.196667,0.85,G,0.79,29,
IC5383,,0.953333,16.014167,,Other,,,
IC5385,,1.598750,-0.076667,,Other,,,
NGC0001,,1.816000,27.708083,1.57,G,1.07,112,
NGC0002,,1.821292,27.678361,0.95,G,0.47,110,
NGC0003,,1.820000,8.301639,1.02,G,0.59,112,
NGC0004,,1.851708,8.373778,0.53,G,0.24,32,
NGC0005,,1.953625,35.362306,0.98,G,0.59,111,
NGC0006,,2.386250,33.308667,1.73,G,1.34,141,
NGC0007,,2.087333,-29.915000,2.47,G,0.53,23,
NGC0008,,2.188750,23.838889,,**,,,
NGC0009,,2.227917,23.816972,0.70,G,0.31,149,
NGC0010,,2.143917,-33.858333,2.35,G,1.27,30,
NGC0011,,2.177083,37.447917,1.44,G,0.22,111,
NGC0012,,2.186458,4.612528,1.52,G,1.21,127,
NGC0013,,2.198833,33.433333,2.28,G,0.60,54,
NGC0014,,2.193333,15.815556,1.53,G,1.01,23,
NGC0015,,2.260292,21.624528,1.07,G,0.56,30,
NGC0016,,2.267875,27.729417,1.74,G,0.85,17,
NGC0017,,2.777292,-12.107306,1.15,G,0.39,32,
NGC0018,,2.346250,27.732083,,**,,,
NGC0019,,2.670292,32.983083,1.21,G,0.60,41,
NGC0021,,2.695417,33.352833,1.38,G,0.63,150,
NGC0022,,2.450792,27.832306,1.21,G,0.74,155,
NGC0023,,2.472542,25.923778,1.55,G,1.22,175,
NGC0024,,2.485583,-24.963139,6.18,G,2.40,44,
NGC0025,,2.497000,-57.020833,1.43,G,1.10,84,
NGC0026,,2.607792,25.831833,1.12,G,0.76,102,
NGC0027,,2.636542,28.996250,1.22,G,0.46,118,
NGC0028,,2.605167,-56.989139,0.92,G,0.81,45,
NGC0030,,2.711625,21.976972,,**,,,
NGC0031,,2.659958,-56.986500,1.17,G,0.53,2,
NGC0032,,2.723292,18.796000,,*,,,
NGC0033,,2.736000,3.675917,,**,,,
NGC0035,,2.793667,-12.020917,0.76,G,0.62,138,
NGC0036,,2.842917,6.389361,2.14,G,1.32,15,
NGC0037,,2.845542,-56.957333,1.11,G,0.68,30,
NGC0038,,2.945792,-5.586278,1.14,G,1.05,170,
NGC0039,,3.078583,31.061083,1.10,G,0.99,87,
NGC0040,Bow-Tie nebula,3.254292,72.521944,0.80,PN,,,
NGC0041,,3.199875,22.023389,0.94,G,0.53,125,
NGC0042,,3.234792,22.100306,0.86,G,0.50,114,
NGC0043,,3.253125,30.915278,1.39,G,1.21,100,
NGC0044,,3.305833,31.286250,,**,,,
NGC0045,,3.516625,-23.182083,6.18,G,4.44,159,
NGC0046,,3.541083,5.987694,,*,,,
NGC0047,,3.627667,-7.167444,1.35,G,1.09,85,
NGC0048,,3.509125,48.234861,1.34,G,0.61,15,
NGC0049,,3.593458,48.246611,0.93,G,0.59,161,
NGC0050,,3.685708,-7.345083,2.04,G,1.17,154,
NGC0051,,3.645500,48.255694,1.40,G,0.80,32,
NGC0052,,3.667125,18.582028,2.26,G,0.61,126,
NGC0053,,3.678542,-60.328750,1.54,G,0.95,178,
NGC0054,,3.781958,-7.106722,1.35,G,0.49,93,
NGC0055,,3.723333,-39.196639,29.85,G,3.05,101,
NGC0056,,3.836083,12.444528,,Other,,,
NGC0057,,3.878625,17.328528,2.11,G,1.60,47,
NGC0059,,3.854708,-21.444389,2.38,G,1.24,121,
NGC0060,,3.992667,-0.303528,1.03,G,0.66,29,
NGC0061,,4.100833,-6.319444,1.50,GPair,,,
NGC0061A,,4.101417,-6.321917,1.48,G,1.14,179,
NGC0061B,,4.100292,-6.318861,1.34,G,1.04,,
NGC0062,,4.272583,-13.487111,0.99,G,0.73,125,
NGC0063,,4.439667,11.450333,1.72,G,1.04,108,
NGC0064,,4.376542,-6.824611,1.38,G,0.90,35,
NGC0065,,4.744625,-22.880361,1.02,G,0.83,168,
NGC0066,,4.770583,-22.936389,1.24,G,0.50,35,
NGC0067,,4.550792,30.055528,0.49,G,0.33,111,
NGC0068,,4.577042,30.071750,1.29,G,1.20,45,
NGC0069,,4.585458,30.039972,0.60,G,0.43,5,
NGC0070,,4.593917,30.079583,1.69,G,1.39,3,
NGC0071,,4.598250,30.063250,1.95,G,1.46,109,
NGC0072,,4.618208,30.040694,1.16,G,1.06,85,
NGC0072A,,4.642917,30.036389,0.38,G,0.29,155,
NGC0073,,4.662542,-15.322250,1.68,G,1.01,145,
NGC0074,,4.705583,30.061972,0.83,G,0.35,131,
NGC0075,,4.859708,6.449361,1.82,G,1.82,70,
NGC0076,,4.907458,29.933861,1.28,G,1.00,78,
NGC0077,,5.006875,-22.532111,0.48,G,0.44,150,
NGC0078,,5.110833,0.829722,1.90,GPair,,,
NGC0078A,,5.107458,0.826333,1.17,G,0.65,75,
NGC0078B,,5.114625,0.833556,1.00,G,0.82,137,
NGC0079,,5.261875,22.566583,0.79,G,0.72,140,
NGC0080,,5.295208,22.357194,1.82,G,1.61,5,
NGC0081,,5.305292,22.382889,0.41,G,0.30,88,
NGC0082,,5.323125,22.460361,,*,,,
NGC0083,,5.343333,22.433611,1.25,G,1.10,112,
NGC0084,,5.338542,22.619694,,*,,,
NGC0085,,5.356375,22.511778,0.69,G,0.62,156,
NGC0085B,,5.370833,22.505833,1.06,G,0.34,122,
NGC0086,,5.369042,22.556417,0.75,G,0.28,8,
NGC0087,,5.309458,-48.628222,0.86,G,0.71,6,
NGC0088,,5.342167,-48.640167,0.85,G,0.49,146,
NGC0089,,5.351500,-48.665306,1.24,G,0.56,140,
NGC0090,,5.464167,22.400000,0.98,G,0.81,120,
NGC0091,,5.465500,22.368361,,*,,,
NGC0092,,5.382083,-48.624750,1.65,G,0.76,150,
NGC0093,,5.513458,22.408083,1.30,G,0.73,50,
NGC0094,,5.556375,22.483056,0.51,G,0.31,20,
NGC0095,,5.556417,10.491583,1.46,G,1.08,85,
NGC0096,,5.573792,22.546250,0.68,G,0.64,130,
NGC0097,,5.625000,29.745361,1.32,G,1.16,25,
NGC0098,,5.706417,-45.269000,1.62,G,1.37,65,
NGC0099,,5.997458,15.770417,1.05,G,0.88,46,
NGC0100,,6.011833,16.486389,3.55,G,0.49,56,
NGC0101,,5.977542,-32.536167,1.93,G,1.82,80,
NGC0102,,6.152208,-13.956361,0.94,G,0.57,126,
NGC0103,,6.318333,61.323472,2.70,OCl,,,
NGC0104,47 Tuc Cluster,6.022333,-72.081444,31.80,GCl,,,
NGC0105,,6.319917,12.883861,0.81,G,0.65,170,
NGC0106,,6.182292,-5.148750,0.93,G,0.71,84,
NGC0107,,6.425833,-8.282806,0.78,G,0.49,179,
NGC0108,,6.498875,29.212056,1.69,G,1.14,63,
NGC0109,,6.561000,21.807306,1.05,G,0.82,83,
NGC0110,,6.854208,71.391528,3.90,OCl,,,
NGC0111,,6.660042,-2.624972,,Other,,,
NGC0112,,6.703042,31.703306,1.02,G,0.49,107,
NGC0113,,6.727667,-2.500889,1.23,G,1.00,172,
NGC0114,,6.742625,-1.786250,0.98,G,0.75,171,
NGC0115,,6.692833,-33.677083,2.09,G,0.73,122,
NGC0116,,6.771792,-7.668250,1.08,G,0.53,98,
NGC0117,,6.796125,1.333722,1.00,G,0.46,101,
NGC0118,,6.817583,-1.780139,0.80,G,0.58,58,
NGC0119,,6.740042,-56.978056,1.20,G,1.12,30,
NGC0120,,6.875333,-1.513472,1.51,G,0.50,73,
NGC0121,,6.701042,-71.535667,3.80,GCl,3.10,80,
NGC0122,,6.909708,-1.640472,,*,,,
NGC0123,,6.916625,-1.627639,,*,,,
NGC0124,,6.968167,-1.810194,1.26,G,0.72,168,
NGC0125,,7.209125,2.838861,1.40,G,1.22,60,
NGC0126,,7.283750,2.811111,0.71,G,0.58,111,
NGC0127,,7.301542,2.872694,0.93,G,0.42,75,
NGC0128,,7.312750,2.864056,3.16,G,0.87,1,
NGC0129,,7.492458,60.211167,5.40,OCl,,,
NGC0130,,7.327292,2.870444,0.72,G,0.42,44,
NGC0131,,7.410500,-33.259750,1.81,G,0.67,62,
NGC0132,,7.544625,2.093444,1.60,G,1.09,38,
NGC0133,,7.820667,63.352611,2.10,OCl,,,
NGC0134,,7.591542,-33.244028,8.38,G,1.79,50,
NGC0135,,7.941417,-13.337472,0.66,G,0.35,14,
NGC0136,,7.878292,61.509250,3.30,OCl,,,
NGC0137,,7.742083,10.208417,1.38,G,1.38,30,
NGC0138,,7.746833,5.159750,1.25,G,0.64,175,
NGC0139,,7.776667,5.078750,0.77,G,0.44,0,
NGC0140,,7.835292,30.792500,0.87,G,0.75,43,
NGC0141,,7.822667,5.179750,0.86,G,0.55,165,
NGC0142,,7.783667,-22.618667,0.97,G,0.39,104,
NGC0143,,7.815083,-22.559944,1.06,G,0.32,21,
NGC0144,,7.836125,-22.645722,0.82,G,0.78,10,
NGC0145,,7.940583,-5.152639,1.76,G,1.43,116,
NGC0146,,8.266417,63.309000,3.60,OCl,,,
NGC0147,,8.300500,48.508750,9.40,G,5.41,26,
NGC0148,,8.564583,-31.786000,1.98,G,0.71,90,
NGC0149,,8.459417,30.723417,0.91,G,0.49,153,
NGC0150,,8.564500,-27.803583,3.54,G,1.60,117,
NGC0151,,8.511625,-9.705333,3.74,G,2.31,76,
NGC0152,,8.218583,-73.120389,3.00,OCl,3.00,,
NGC0154,,8.581125,-12.656306,1.01,G,0.90,79,
NGC0155,,8.667000,-10.766500,1.49,G,1.29,170,
NGC0156,,8.649250,-8.340056,,**,,,
NGC0157,,8.694833,-8.396444,3.70,G,1.90,28,
NGC0158,,8.773333,-8.345722,,**,,,
NGC0159,,8.648042,-55.789972,1.40,G,0.57,96,
NGC0160,,9.016917,23.957889,1.98,G,0.89,46,
NGC0161,,8.891417,-2.848694,1.36,G,0.72,22,
NGC0162,,9.038583,23.962417,,*,,,
NGC0163,,8.999292,-10.121694,1.43,G,1.32,75,
NGC0164,,9.137125,2.749778,0.53,G,0.49,70,
NGC0165,,9.120500,-10.106167,1.63,G,1.06,72,
NGC0166,,8.953250,-13.610639,0.89,G,0.33,149,
NGC0167,,8.846208,-23.375000,0.97,G,0.54,171,
NGC0168,,9.161083,-22.593500,1.31,G,0.29,27,
NGC0169,,9.215000,23.990917,1.53,G,0.66,93,
NGC0169A,,9.218042,23.984972,0.83,G,0.44,159,
NGC0170,,9.190917,1.886472,0.70,G,0.51,82,
NGC0171,,9.339708,-19.934250,2.06,G,1.29,102,
NGC0172,,9.306708,-22.587028,2.04,G,0.40,14,
NGC0173,,9.301958,1.942250,2.09,G,1.54,94,
NGC0174,,9.245583,-29.477833,1.57,G,0.69,150,
NGC0176,,8.991125,-73.166389,1.20,OCl,1.20,,
NGC0177,,9.393083,-22.549250,2.11,G,0.50,10,
NGC0178,,9.785000,-14.172833,2.11,G,0.58,4,
NGC0179,,9.442833,-17.849472,1.12,G,0.96,111,
NGC0180,,9.490417,8.635194,2.20,G,1.48,163,
NGC0181,,9.596708,29.472583,0.86,G,0.25,152,
NGC0182,,9.551583,2.728556,1.86,G,1.30,78,
NGC0183,,9.622458,29.511222,1.02,G,0.75,129,
NGC0184,,9.649083,29.447611,0.73,G,0.27,8,
NGC0185,,9.741542,48.337389,12.94,G,10.76,38,
NGC0186,,9.605417,3.166444,1.39,G,0.83,25,
NGC0187,,9.876708,-14.656306,1.53,G,0.49,149,
NGC0188,,11.864708,85.269639,17.70,OCl,,,
NGC0189,,9.898750,61.094472,2.70,OCl,,,
NGC0190,,9.727917,7.059722,1.10,GPair,,,
NGC0190 NED01,,9.727833,7.062694,0.93,G,0.76,175,
NGC0190 NED02,,9.728042,7.056722,0.72,G,0.71,,
NGC0191,,9.747667,-9.002611,1.00,G,0.71,100,
NGC0191A,,9.751000,-9.014583,0.87,G,0.30,147,
NGC0192,,9.805958,0.864333,2.06,G,0.82,165,
NGC0193,,9.827458,3.331111,2.07,G,1.45,55,
NGC0194,,9.826750,3.037444,1.73,G,1.50,42,
NGC0195,,9.899125,-9.194528,1.22,G,0.74,68,
NGC0196,,9.824333,0.912750,1.27,G,0.92,10,
NGC0197,,9.828292,0.891917,0.94,G,0.72,35,
NGC0198,,9.845750,2.797917,1.28,G,1.17,35,
NGC0199,,9.888208,3.138528,1.14,G,0.69,160,
NGC0200,,9.895333,2.887444,1.80,G,1.02,163,
NGC0201,,9.895083,0.859889,1.71,G,1.32,146,
NGC0202,,9.916042,3.536278,0.96,G,0.33,153,
NGC0203,,9.914708,3.442889,0.98,G,0.27,85,
NGC0204,,9.934458,3.299583,1.40,G,1.09,22,
NGC0205,,10.092000,41.685306,16.22,G,9.59,170,110
NGC0206,,10.130417,40.739278,,*Ass,,,
NGC0207,,9.919625,-14.237083,0.91,G,0.49,84,
NGC0208,,10.073250,2.756500,0.77,G,0.65,137,
NGC0209,,9.765000,-18.608278,1.14,G,0.99,6,
NGC0210,,10.145917,-13.872806,4.98,G,3.02,163,
NGC0212,,10.055542,-56.153028,1.91,G,1.42,122,
NGC0213,,10.291667,16.469389,1.44,G,1.11,100,
NGC0214,,10.366792,25.499444,1.87,G,1.30,42,
NGC0215,,10.203625,-56.214056,1.15,G,0.92,118,
NGC0216,,10.363125,-21.045444,1.35,G,0.63,27,
NGC0217,,10.391208,-10.021417,3.20,G,0.69,113,
NGC0218,,11.633292,36.325611,1.32,G,0.71,46,
NGC0219,,10.547125,0.904556,0.59,G,0.46,177,
NGC0220,,10.124542,-73.403972,1.20,OCl,1.20,,
NGC0221,,10.674292,40.865278,7.74,G,4.86,170,32
NGC0222,,10.182125,-73.385694,1.20,OCl,1.20,,
NGC0223,,10.566167,0.845500,1.18,G,0.78,63,
NGC0224,Andromeda Galaxy,10.684792,41.269056,177.83,G,69.66,35,31
NGC0225,,10.901583,61.766944,4.20,OCl,,,
NGC0226,,10.725167,32.580972,0.79,G,0.78,130,
NGC0227,,10.653458,-1.528778,1.91,G,1.44,156,
NGC0228,,10.727125,23.503056,0.89,G,0.81,145,
NGC0229,,10.769333,23.509111,1.08,G,0.48,98,
NGC0230,,10.613208,-23.628806,1.30,G,0.28,44,
NGC0231,,10.276792,-73.352417,1.80,OCl,1.80,,
NGC0232,,10.690917,-23.561361,0.98,G,0.70,17,
NGC0233,,10.902333,30.587000,1.25,G,1.11,120,
NGC0234,,10.884958,14.342556,1.57,G,1.22,75,
NGC0235,,10.721667,-23.543333,2.00,GPair,,,
NGC0235A,,10.720042,-23.541028,1.38,G,0.62,120,
NGC0235B,,10.723333,-23.545556,1.29,G,1.29,,
NGC0236,,10.864750,2.958194,1.15,G,1.03,55,
NGC0237,,10.866000,-0.124917,1.30,G,0.80,174,
NGC0238,,10.857292,-50.182833,2.02,G,1.60,100,
NGC0239,,11.156292,-3.759250,0.94,G,0.37,10,
NGC0240,,11.258042,6.113361,1.35,G,1.28,105,
NGC0241,,10.881375,-73.440472,0.95,OCl,0.95,,
NGC0242,,10.890750,-73.446306,0.75,OCl,0.75,,
NGC0243,,11.503625,29.959500,0.92,G,0.51,151,
NGC0244,,11.443458,-15.596889,1.04,G,1.04,25,
NGC0245,,11.522458,-1.723389,1.20,G,1.12,135,
NGC0246,,11.764000,-11.871944,4.08,PN,,,
NGC0247,,11.785625,-20.760389,19.68,G,5.55,167,
NGC0247A,,11.867250,-20.397639,0.52,G,0.25,75,
NGC0247B,,11.896458,-20.428694,1.05,G,0.42,24,
NGC0247C,,11.907125,-20.452806,0.55,GPair,0.20,39,
NGC0247D,,11.904125,-20.486000,0.61,G,0.25,64,
NGC0248,,11.350167,-73.379806,1.40,Cl+N,1.10,110,
NGC0249,,11.386917,-73.080083,1.10,HII,0.70,0,
NGC0250,,11.816708,7.910028,1.28,G,0.68,156,
NGC0251,,11.975125,19.596833,1.73,G,1.02,99,
NGC0252,,12.006250,27.623639,1.62,G,1.16,82,
NGC0253,Sculptor Filament,11.888000,-25.288222,26.79,G,4.58,53,
NGC0254,,11.865042,-31.421750,2.77,G,1.80,133,
NGC0255,,11.947125,-11.468694,2.04,G,1.85,7,
NGC0256,,11.472208,-73.506833,0.90,OCl,0.90,,
NGC0257,,12.006292,8.297083,1.83,G,1.32,99,
NGC0258,,12.053292,27.657194,0.51,G,0.42,115,
NGC0259,,12.013708,-2.775333,2.86,G,1.09,140,
NGC0260,,12.144375,27.692444,0.76,G,0.68,34,
NGC0261,,11.616292,-73.103639,1.30,Neb,1.10,110,
NGC0262,,12.196417,31.956972,1.17,G,0.62,40,
NGC0263,,12.201958,-13.107389,0.80,G,0.40,48,
NGC0264,,12.087250,-38.234361,1.26,G,0.47,111,
NGC0265,,11.792333,-73.477167,1.20,OCl,1.20,,
NGC0266,,12.449167,32.277722,2.92,G,2.83,95,
NGC0267,,12.012083,-73.274028,2.00,OCl,1.70,170,
NGC0268,,12.539833,-5.193722,1.42,G,0.93,93,
NGC0269,,12.091792,-73.531528,1.20,OCl,1.20,,
NGC0270,,12.635500,-8.651639,1.77,G,1.24,29,
NGC0271,,12.674417,-1.910250,2.38,G,1.28,131,
NGC0272,,12.854833,35.821750,,OCl,,,
NGC0273,,12.701875,-6.885694,1.96,G,0.54,105,
NGC0274,,12.757750,-7.056944,1.27,G,1.08,158,
NGC0275,,12.767500,-7.066667,1.75,G,1.39,79,
NGC0276,,13.027375,-22.680139,1.10,G,0.36,88,
NGC0277,,12.821792,-8.596833,1.34,G,1.11,91,
NGC0278,,13.017958,47.550500,2.36,G,2.30,30,
NGC0279,,13.037292,-2.218444,1.41,G,1.06,167,
NGC0280,,13.126083,24.350583,1.00,G,0.66,89,
NGC0281,,13.247292,56.621889,35.00,HII,30.00,,
NGC0282,,13.175625,30.639056,1.25,G,0.97,50,
NGC0283,,13.305042,-13.163889,1.14,G,0.62,0,
NGC0284,,13.351125,-13.158861,0.62,G,0.55,142,
NGC0285,,13.374542,-13.160722,0.76,G,0.65,36,
NGC0286,,13.376583,-13.112778,0.88,G,0.42,179,
NGC0287,,13.367875,32.482306,0.83,G,0.64,16,
NGC0288,,13.197708,-26.589889,9.60,GCl,,,
NGC0289,,13.176500,-31.205833,3.36,G,2.51,129,
NGC0290,,12.809083,-73.161528,1.10,OCl,1.10,,
NGC0291,,13.374667,-8.767806,0.98,G,0.53,55,
NGC0292,Small Magellanic Cloud,13.186583,-72.828611,299.92,G,179.89,45,
NGC0293,,13.566500,-7.235472,1.12,G,0.63,15,
NGC0294,,13.269625,-73.380361,1.70,OCl,1.70,,
NGC0295,,14.884500,31.798056,0.59,G,0.54,65,
NGC0296,,13.781292,31.542278,2.23,G,0.88,164,
NGC0297,,13.745583,-7.349667,0.35,G,0.29,101,
NGC0298,,13.759792,-7.333083,1.47,G,0.49,92,
NGC0299,,13.350292,-72.197111,0.90,OCl,0.90,,
NGC0300,,13.722833,-37.684389,19.41,G,13.06,114,
NGC0301,,14.076458,-10.673889,0.64,G,0.59,80,
NGC0302,,14.105458,-10.663222,,*,,,
NGC0303,,13.727958,-16.654611,0.73,G,0.26,160,
NGC0304,,14.025083,24.126889,1.17,G,0.76,175,
NGC0305,,14.087167,12.065111,,Other,,,
NGC0306,,13.559083,-72.242333,1.10,OCl,1.10,,
NGC0307,,14.135750,-1.771944,1.61,G,0.67,79,
NGC0308,,14.142583,-1.783917,,*,,,
NGC0309,,14.177750,-9.913861,2.23,G,1.95,100,
NGC0310,,14.199917,-1.765778,,*,,,
NGC0311,,14.386375,30.280750,1.36,G,0.69,118,
NGC0312,,14.066375,-52.782694,1.84,G,1.38,65,
NGC0313,,14.440167,30.366083,,Other,,,
NGC0314,,14.218375,-31.962972,1.00,G,0.77,170,
NGC0315,,14.453667,30.352444,2.86,G,2.14,45,
NGC0316,,14.468542,30.354306,,*,,,
NGC0317,,14.415417,43.796389,1.83,GPair,,,
NGC0317A,,14.412708,43.800778,1.21,G,0.96,7,
NGC0317B,,14.418542,43.792250,0.97,G,0.45,94,
NGC0318,,14.521792,30.425528,0.60,G,0.29,5,
NGC0319,,14.240000,-43.838778,1.00,G,0.74,33,
NGC0320,,14.693875,-20.840083,0.89,G,0.49,156,
NGC0321,,14.413458,-5.086194,0.45,G,0.35,103,
NGC0322,,14.291708,-43.727083,1.15,G,0.57,154,
NGC0323,,14.173542,-52.975917,1.82,G,1.52,166,
NGC0324,,14.311583,-40.959111,1.48,G,0.62,95,
NGC0325,,14.449458,-5.112083,1.19,G,0.23,90,
NGC0326,,14.594583,26.865278,1.00,GPair,,,
NGC0326 NED01,,14.594333,26.866250,1.00,G,0.89,17,
NGC0326 NED02,,14.595208,26.864556,0.17,G,0.17,0,
NGC0327,,14.480667,-5.130417,1.39,G,0.63,2,
NGC0328,,14.239875,-52.923917,2.46,G,0.71,103,
NGC0329,,14.506667,-5.071222,1.59,G,0.64,10,
NGC0330,,14.073542,-72.462944,2.80,OCl,2.50,120,
NGC0331,,11.778583,-2.731139,0.96,G,0.60,127,
NGC0332,,14.704708,7.111306,1.37,G,1.31,155,
NGC0333,,14.713333,-16.470278,1.50,GPair,,,
NGC0333A,,14.713792,-16.469194,0.41,G,0.34,131,
NGC0333B,,14.712875,-16.471444,1.50,G,0.80,116,
NGC0334,,14.707542,-35.116028,1.08,G,0.65,178,
NGC0335,,14.832417,-18.234667,1.28,G,0.41,135,
NGC0336,,14.511792,-18.384333,0.75,G,0.30,38,
NGC0337,,14.958708,-7.577972,2.92,G,1.89,158,
NGC0337A,,15.391250,-7.588250,2.63,G,1.73,8,
NGC0338,,15.151708,30.668972,1.75,G,0.66,107,
NGC0339,,14.425250,-74.473389,2.90,GCl,2.90,,
NGC0340,,15.145333,-6.866583,0.94,G,0.39,78,
NGC0341,,15.190958,-9.185694,1.25,G,1.14,145,
NGC0342,,15.207750,-6.772556,0.91,G,0.43,100,
NGC0343,,14.599708,-23.225222,0.72,G,0.27,9,
NGC0344,,14.606000,-23.229222,0.28,G,0.20,42,
NGC0345,,15.342083,-6.884278,0.98,G,0.58,100,
NGC0346,,14.771000,-72.177111,8.50,OCl,8.50,,
NGC0347,,15.396500,-6.733667,0.60,G,0.46,105,
NGC0348,,15.216708,-53.244500,0.84,G,0.72,93,
NGC0349,,15.461458,-6.799806,1.34,G,1.16,60,
NGC0350,,15.486292,-6.795722,0.79,G,0.52,85,
NGC0351,,15.491000,-1.936750,1.53,G,0.75,140,
NGC0352,,15.538375,-4.245472,2.29,G,0.78,170,
NGC0353,,15.602208,-1.958861,1.26,G,0.46,23,
NGC0354,,15.818292,22.342667,0.90,G,0.40,33,
NGC0355,,15.779083,-6.324000,0.73,G,0.33,76,
NGC0356,,15.779583,-6.988361,1.75,G,0.94,65,
NGC0357,,15.841167,-6.339222,2.11,G,1.69,4,
NGC0358,,16.295542,62.020444,,Other,,,
NGC0359,,16.070667,-0.764917,1.28,G,0.85,136,
NGC0360,,15.714375,-65.609972,3.99,G,0.57,146,
NGC0361,,15.542333,-71.604750,2.60,OCl,2.60,,
NGC0362,,15.809292,-70.848222,8.70,GCl,,,
NGC0363,,16.565792,-16.542750,0.82,G,0.60,43,
NGC0364,,16.170125,-0.802750,1.40,G,0.57,33,
NGC0365,,16.078000,-35.121417,1.01,G,0.60,5,
NGC0366,,16.608292,62.228917,5.10,OCl,,,
NGC0367,,16.453708,-12.128472,0.96,G,0.35,17,
NGC0368,,16.091833,-43.276750,0.72,G,0.62,160,
NGC0369,,16.287125,-17.759194,0.95,G,0.77,48,
NGC0370,,16.685792,32.428694,,Other,,,
NGC0371,,15.873042,-72.056833,4.20,OCl,3.80,60,
NGC0373,,16.742542,32.308472,0.52,G,0.45,146,
NGC0374,,16.774083,32.795111,1.30,G,0.58,177,
NGC0375,,16.774667,32.348167,0.48,G,0.38,100,
NGC0376,,15.972708,-72.823667,1.80,OCl,1.80,,
NGC0377,,16.645083,-20.332556,0.98,G,0.27,24,
NGC0378,,16.550875,-30.178139,1.52,G,1.11,75,
NGC0379,,16.815375,32.520361,1.41,G,0.68,2,
NGC0380,,16.823292,32.482917,1.45,G,1.35,80,
NGC0381,,17.075042,61.583278,6.00,OCl,,,
NGC0382,,16.849458,32.403861,0.24,G,0.23,90,
NGC0383,,16.854000,32.412556,2.39,G,2.00,8,
NGC0384,,16.854583,32.292444,1.10,G,0.78,135,
NGC0385,,16.863542,32.319528,1.21,G,0.91,160,
NGC0386,,16.880375,32.362000,0.46,G,0.37,0,
NGC0387,,16.887750,32.391111,0.42,G,0.36,69,
NGC0388,,16.946458,32.309972,0.58,G,0.38,168,
NGC0389,,17.124708,39.695444,1.26,G,0.46,54,
NGC0390,,16.973958,32.433111,,*,,,
NGC0391,,16.844083,0.925944,0.98,G,0.74,38,
NGC0392,,17.097750,33.133611,1.36,G,0.93,52,
NGC0393,,17.153958,39.644306,1.64,G,1.34,22,
NGC0394,,17.108542,33.147972,0.64,G,0.34,130,
NGC0395,,16.284667,-71.990722,1.50,OCl,1.10,,
NGC0396,,17.035000,4.530861,0.62,G,0.30,70,
NGC0397,,17.129583,33.109194,0.65,G,0.50,71,
NGC0398,,17.223625,32.514528,0.83,G,0.49,136,
NGC0399,,17.246667,32.634306,1.12,G,0.76,41,
NGC0400,,17.260375,32.732417,,*,,,
NGC0401,,17.282167,32.759333,,*,,,
NGC0402,,17.305667,32.806250,,*,,,
NGC0403,,17.309000,32.752139,2.40,G,0.79,86,
NGC0404,,17.362583,35.718139,3.40,G,3.37,90,
NGC0405,,17.142125,-46.668500,,Other,,,
NGC0406,,16.854375,-69.879167,2.44,G,1.10,162,
NGC0407,,17.652333,33.126500,2.00,G,0.29,0,
NGC0408,,17.712875,33.151278,,*,,,
NGC0409,,17.388417,-35.805611,1.36,G,1.15,164,
NGC0410,,17.745417,33.151889,2.37,G,1.60,34,
NGC0411,,16.981958,-71.768361,2.10,OCl,1.90,,
NGC0413,,18.130833,-2.793417,1.05,G,0.67,148,
NGC0414,,17.824167,33.112778,0.75,GPair,,,
NGC0414 NED01,,17.822833,33.113889,0.74,G,0.34,23,
NGC0414 NED02,,17.824792,33.112250,0.45,G,0.38,90,
NGC0415,,17.523708,-35.490778,1.57,G,0.74,49,
NGC0416,,16.993750,-72.355056,1.70,GCl,1.70,,
NGC0417,,17.773167,-18.148333,1.08,G,0.81,24,
NGC0418,,17.648417,-30.221278,1.98,G,1.30,23,
NGC0419,,17.071542,-72.883500,2.80,GCl,2.80,,
NGC0420,,18.040208,32.123167,1.38,G,1.05,173,
NGC0421,,18.060250,32.123500,,Other,,,
NGC0422,,17.355792,-71.767222,1.00,OCl,1.00,,
NGC0423,,17.842542,-29.234528,0.90,G,0.60,114,
NGC0424,,17.865125,-38.083472,1.66,G,0.68,61,
NGC0425,,18.260667,38.768361,0.89,G,0.84,65,
NGC0426,,18.202542,-0.290194,1.20,G,0.89,146,
NGC0427,,18.080167,-32.061167,1.10,G,0.66,16,
NGC0428,,18.232125,0.981556,2.82,G,2.08,114,
NGC0429,,18.239250,-0.345000,1.51,G,0.31,19,
NGC0430,,18.249708,-0.252500,1.18,G,0.81,163,
NGC0431,,18.518917,33.704194,1.16,G,0.67,28,
NGC0432,,17.942750,-61.527639,1.32,G,1.07,126,
NGC0433,,18.788583,60.125778,3.60,OCl,,,
NGC0434,,18.058875,-58.247972,2.24,G,1.24,9,
NGC0434A,,18.123417,-58.209500,1.19,G,0.24,57,
NGC0435,,18.499375,2.071444,1.10,G,0.43,17,
NGC0436,,18.990750,58.817111,5.70,OCl,,,
NGC0437,,18.592875,5.926889,1.73,G,1.37,138,
NGC0438,,18.392333,-37.901639,1.35,G,0.77,140,
NGC0439,,18.446917,-31.747139,3.38,G,2.14,156,
NGC0440,,18.202083,-58.282278,1.06,G,0.64,37,
NGC0441,,18.463583,-31.788333,1.51,G,1.36,100,
NGC0442,,18.661042,-1.020639,1.16,G,0.69,158,
NGC0443,,18.781625,33.377333,0.82,G,0.72,17,
NGC0444,,18.956667,31.080250,1.57,G,0.34,160,
NGC0445,,18.718667,1.917444,0.79,G,0.53,140,
NGC0446,,19.015042,4.294111,2.06,G,1.60,110,
NGC0447,,18.906792,33.067722,2.21,G,2.15,15,
NGC0448,,18.818833,-1.626194,1.60,G,0.76,115,
NGC0449,,19.030208,33.089556,0.68,G,0.39,78,
NGC0450,,18.876833,-0.860972,2.94,G,1.95,72,
NGC0451,,19.051667,33.064111,0.69,G,0.53,19,
NGC0452,,19.061792,31.033833,1.99,G,0.50,39,
NGC0453,,19.072583,33.014167,,Other,,,
NGC0454,,18.593875,-55.398694,2.00,GPair,,,
NGC0454 NED01,,18.590875,-55.401417,1.64,G,1.64,0,
NGC0454 NED02,,18.603875,-55.397083,1.93,G,0.81,81,
NGC0455,,18.990167,5.178694,2.58,G,1.49,158,
NGC0456,,18.434917,-73.290528,3.80,OCl,2.90,110,
NGC0457,Owl Cluster,19.886042,58.290694,7.80,OCl,,,
NGC0458,,18.722792,-71.552694,2.60,OCl,2.30,140,
NGC0459,,19.534125,17.562389,0.58,G,0.55,20,
NGC0460,,18.660833,-73.274194,2.60,Cl+N,1.50,20,
NGC0461,,19.336000,-33.840889,1.21,G,1.01,38,
NGC0462,,19.545792,4.226000,0.48,G,0.45,115,
NGC0463,,19.742708,16.325750,1.04,G,0.39,5,
NGC0464,,19.861167,34.955417,,**,,,
NGC0465,,18.922292,-73.334611,5.00,OCl,4.00,,
NGC0466,,19.305250,-58.909944,1.61,G,1.34,108,
NGC0467,,19.792208,3.300833,1.66,G,1.49,125,
NGC0468,,19.952083,32.767778,0.85,G,0.48,175,
NGC0469,,19.887292,14.871944,0.81,G,0.60,173,
NGC0470,,19.936875,3.409944,2.86,G,1.62,156,
NGC0471,,19.998292,14.786222,1.06,G,0.79,79,
NGC0472,,20.119542,32.709028,0.90,G,0.68,125,
NGC0473,,19.979458,16.544694,1.77,G,1.02,153,
NGC0474,,20.027875,3.415389,2.65,G,2.44,45,
NGC0475,,20.008333,14.861056,0.81,G,0.55,121,
NGC0476,,20.082917,16.020139,0.84,G,0.55,95,
NGC0477,,20.334875,40.488194,1.55,G,0.55,135,
NGC0478,,20.038708,-22.377389,0.84,G,0.69,118,
NGC0479,,20.315542,3.862278,0.91,G,0.73,128,
NGC0480,,20.143292,-9.880222,0.58,G,0.29,65,
NGC0481,,20.302125,-9.211222,1.46,G,1.08,72,
NGC0482,,20.085083,-40.966111,2.06,G,0.53,84,
NGC0483,,20.484583,33.520972,0.87,G,0.79,115,
NGC0484,,19.894708,-58.524306,1.80,G,1.26,90,
NGC0485,,20.365000,7.018083,1.64,G,0.61,2,
NGC0486,,20.429333,5.346306,0.36,G,0.28,70,
NGC0487,,20.479542,-16.370361,1.09,G,0.70,113,
NGC0488,,20.445208,5.256722,5.05,G,3.66,13,
NGC0489,,20.474583,9.206556,1.55,G,0.35,120,
NGC0490,,20.511958,5.367194,0.66,G,0.55,1,
NGC0491,,20.335125,-34.063278,1.35,G,0.99,95,
NGC0491A,,20.019458,-33.899500,1.88,G,0.85,97,
NGC0492,,20.556500,5.417056,0.67,G,0.56,97,
NGC0493,,20.537458,0.945361,3.01,G,0.95,60,
NGC0494,,20.730833,33.173889,1.86,G,0.59,100,
NGC0495,,20.733333,33.471667,1.09,G,0.77,169,
NGC0496,,20.798333,33.529167,0.89,G,0.33,36,
NGC0497,,20.599083,-0.875194,2.06,G,0.86,134,
NGC0498,,20.797000,33.489361,0.51,G,0.41,125,
NGC0499,,20.797917,33.460556,1.68,G,1.05,77,
NGC0500,,20.664042,5.387278,0.91,G,0.65,95,
NGC0501,,20.843375,33.432972,0.52,G,0.49,80,
NGC0502,,20.731417,9.049194,1.64,G,1.52,55,
NGC0503,,20.868458,33.331722,0.63,G,0.49,39,
NGC0504,,20.866250,33.204444,1.55,G,0.39,45,
NGC0505,,20.737917,9.468889,1.07,G,0.68,55,
NGC0506,,20.897292,33.244667,,*,,,
NGC0507,,20.916292,33.256056,2.45,G,1.66,71,
NGC0508,,20.919167,33.280278,1.08,G,0.96,25,
NGC0509,,20.850375,9.433556,1.59,G,0.68,81,
NGC0510,,20.981500,33.496889,,**,,,
NGC0511,,20.878042,11.291000,1.18,G,0.98,70,
NGC0512,,20.999167,33.907778,1.46,G,0.34,115,
NGC0513,,21.111875,33.799444,0.62,G,0.31,81,
NGC0514,,21.016250,12.917389,3.50,G,2.50,106,
NGC0515,,21.160833,33.472778,0.92,G,0.64,89,
NGC0516,,21.033625,9.551694,1.62,G,0.46,45,
NGC0517,,21.182500,33.429444,1.46,G,0.60,20,
NGC0518,,21.073500,9.330944,1.56,G,0.55,97,
NGC0519,,21.119333,-1.641250,0.53,G,0.29,135,
NGC0520,,21.146125,3.792417,4.20,GPair,,,
NGC0520 NED01,,21.143667,3.794944,4.09,G,1.61,130,
NGC0520 NED02,,21.144958,3.789778,1.56,G,0.59,120,
NGC0521,,21.140750,1.731389,2.77,G,2.59,145,
NGC0522,,21.191042,9.994639,2.38,G,0.31,33,
NGC0523,,21.336375,34.024944,2.52,G,0.71,104,
NGC0524,,21.198833,9.538833,3.37,G,3.35,55,
NGC0525,,21.220458,9.703333,1.50,G,0.63,7,
NGC0526,,20.993750,-35.122500,2.00,GPair,,,
NGC0526A,,20.976625,-35.065528,1.70,G,0.79,110,
NGC0526B,,20.987833,-35.069278,0.79,G,0.45,158,
NGC0527,,20.992167,-35.115056,1.79,G,0.43,15,
NGC0527B,,20.997250,-35.127361,0.87,G,0.27,29,
NGC0528,,21.390000,33.671667,1.77,G,1.04,57,
NGC0529,,21.418333,34.713333,2.22,G,1.96,162,
NGC0530,,21.173542,-1.587083,1.78,G,0.36,133,
NGC0531,,21.578750,34.753889,1.77,G,0.47,33,
NGC0532,,21.322250,9.264111,2.18,G,0.94,30,
NGC0533,,21.380667,1.759111,3.44,G,2.41,50,
NGC0534,,21.185958,-38.129083,1.19,G,1.07,110,
NGC0535,,21.379792,-1.408139,0.97,G,0.34,57,
NGC0536,,21.590750,34.703028,2.92,G,1.49,67,
NGC0538,,21.358542,-1.550639,1.38,G,0.54,36,
NGC0539,,21.340542,-18.163861,1.32,G,1.10,175,
NGC0540,,21.787083,-20.036639,0.82,G,0.39,5,
NGC0541,,21.434625,-1.379583,2.16,G,1.50,69,
NGC0542,,21.628750,34.675278,1.02,G,0.23,143,
NGC0543,,21.458292,-1.292806,0.81,G,0.37,90,
NGC0544,,21.300125,-38.094528,1.47,G,1.03,173,
NGC0545,,21.496333,-1.340222,3.01,G,1.95,55,
NGC0546,,21.303375,-38.069083,1.35,G,0.60,38,
NGC0547,,21.502625,-1.345167,3.07,G,1.93,103,
NGC0548,,21.510458,-1.225611,0.90,G,0.74,153,
NGC0549,,21.279500,-38.007750,0.59,G,0.55,100,
NGC0550,,21.677292,2.022361,1.82,G,0.69,120,
NGC0551,,21.919417,37.182917,1.49,G,0.59,137,
NGC0552,,21.542292,33.405861,,*,,,
NGC0553,,21.552500,33.405000,0.91,G,0.30,13,
NGC0554,,21.790000,-22.725000,1.42,GPair,,,
NGC0554A,,21.790417,-22.724667,1.42,G,1.04,170,
NGC0554B,,21.789833,-22.725722,0.20,G,0.20,0,
NGC0555,,21.799208,-22.762167,0.74,G,0.69,15,
NGC0556,,21.802542,-22.697750,0.45,G,0.40,144,
NGC0557,,21.604792,-1.638722,1.45,G,0.47,136,
NGC0558,,21.817375,-1.970889,0.62,G,0.26,112,
NGC0559,,22.388208,63.301444,9.00,OCl,,,
NGC0560,,21.855917,-1.912972,2.09,G,0.44,178,
NGC0561,,22.078167,34.308639,1.40,G,1.28,145,
NGC0562,,22.121917,48.387083,0.91,G,0.86,40,
NGC0564,,21.950875,-1.879528,1.72,G,1.20,141,
NGC0565,,22.042417,-1.306028,1.46,G,0.41,35,
NGC0566,,22.262333,32.332250,1.21,G,0.32,179,
NGC0567,,21.760000,-10.265250,1.21,G,0.45,127,
NGC0568,,21.987542,-35.717694,2.04,G,1.24,137,
NGC0569,,22.279833,11.131472,0.99,G,0.48,163,
NGC0570,,22.244333,-0.949000,1.62,G,1.09,166,
NGC0571,,22.483250,32.501333,0.71,G,0.66,150,
NGC0572,,22.151750,-39.307306,0.89,G,0.84,170,
NGC0573,,22.705625,41.257306,0.39,G,0.33,120,
NGC0574,,22.262833,-35.598917,1.15,G,0.83,24,
NGC0575,,22.694333,21.440417,1.45,G,1.35,5,
NGC0576,,22.240292,-51.598667,0.99,G,0.81,110,
NGC0577,,22.669625,-1.994361,1.45,G,1.28,130,
NGC0578,,22.621208,-22.667361,4.82,G,2.92,114,
NGC0579,,22.943708,33.615556,1.08,G,0.85,160,
NGC0581,,23.340875,60.658000,4.50,OCl,,,103
NGC0582,,22.991875,33.476528,2.07,G,0.49,58,
NGC0583,,22.433958,-18.339417,0.72,G,0.66,30,
NGC0584,,22.836458,-6.868056,3.78,G,2.51,104,
NGC0585,,22.925583,-0.933306,2.40,G,0.48,86,
NGC0586,,22.903542,-6.893750,1.61,G,0.78,179,
NGC0587,,23.138875,35.358583,2.23,G,0.66,68,
NGC0588,,23.191417,30.647528,0.60,HII,0.43,,
NGC0589,,23.166417,-12.042694,0.76,G,0.65,87,
NGC0590,,23.420500,44.928694,2.13,G,0.77,147,
NGC0591,,23.380292,35.668250,1.43,G,1.14,0,
NGC0592,,23.298708,30.644944,,*Ass,,,
NGC0593,,23.086500,-12.354444,0.88,G,0.27,12,
NGC0594,,23.237125,-16.536000,1.24,G,0.65,28,
NGC0595,,23.390958,30.691556,1.73,HII,0.90,,
NGC0596,,23.217000,-7.031833,2.14,G,1.58,36,
NGC0597,,23.061875,-33.497083,1.31,G,1.21,45,
NGC0598,Triangulum Galaxy,23.462042,30.660222,62.09,G,36.73,23,33
NGC0599,,23.224083,-12.191250,1.53,G,1.16,128,
NGC0600,,23.272083,-7.311417,2.63,G,2.56,25,
NGC0601,,23.277417,-12.208750,0.40,G,0.38,25,
NGC0602,,22.359833,-73.560500,3.20,OCl,2.90,90,
NGC0603,,23.682917,30.231972,,Other,,,
NGC0604,,23.638292,30.784889,1.93,HII,1.20,,
NGC0605,,23.759792,41.248139,1.32,G,0.56,148,
NGC0606,,23.709000,21.418444,1.01,G,0.77,137,
NGC0607,,23.568208,-7.412806,,Other,,,
NGC0608,,23.867667,33.656722,0.83,G,0.55,33,
NGC0609,,24.098917,64.536583,4.80,OCl,,,
NGC0610,,23.575000,-20.144222,,Other,,,
NGC0611,,23.575042,-20.127556,,Other,,,
NGC0612,,23.490583,-36.493250,1.49,G,1.34,160,
NGC0613,,23.575708,-29.418361,5.48,G,4.51,125,
NGC0614,,23.967750,33.681889,1.52,G,1.44,120,
NGC0615,,23.773667,-7.340306,3.18,G,1.16,164,
NGC0616,,24.017500,33.770222,,**,,,
NGC0617,,23.510583,-9.774139,0.59,G,0.52,4,
NGC0619,,23.715792,-36.489389,1.66,G,1.03,107,
NGC0620,,24.248667,42.323333,0.82,G,0.77,30,
NGC0621,,24.204417,35.512194,1.12,G,1.06,105,
NGC0622,,24.000667,0.663528,1.30,G,0.83,55,
NGC0623,,23.776625,-36.490222,1.94,G,1.46,87,
NGC0624,,23.962875,-10.002972,1.30,G,0.67,91,
NGC0625,,23.769292,-41.436194,6.55,G,2.05,92,
NGC0626,,23.800333,-39.146056,1.44,G,1.30,30,
NGC0628,,24.173958,15.783667,9.89,G,9.33,87,74
NGC0629,,24.743917,72.867083,,Other,,,
NGC0630,,23.902000,-39.357833,1.90,G,1.40,54,
NGC0631,,24.196083,5.835361,0.93,G,0.83,135,
NGC0632,,24.323042,5.877639,0.99,G,0.86,168,
NGC0633,,24.097500,-37.321556,1.10,G,0.95,178,
NGC0634,,24.577750,35.364833,1.77,G,0.61,167,
NGC0635,,24.574417,-22.928917,0.60,G,0.53,129,
NGC0636,,24.777208,-7.512611,2.70,G,2.30,6,
NGC0637,,25.762958,64.036556,4.50,OCl,,,
NGC0638,,24.907708,7.237333,0.94,G,0.62,18,
NGC0639,,24.746042,-29.925333,1.04,G,0.30,32,
NGC0640,,24.853667,-9.401167,0.76,G,0.43,147,
NGC0641,,24.663458,-42.527528,1.82,G,1.68,80,
NGC0642,,24.776375,-29.914889,1.80,G,1.09,18,
NGC0643,,23.755958,-75.556861,2.20,OCl,2.20,,
NGC0643A,,22.660375,-76.054500,,OCl,,,
NGC0643B,,24.803042,-75.011111,1.75,G,0.47,116,
NGC0643C,,25.454708,-75.268111,1.40,G,0.23,153,
NGC0644,,24.720667,-42.585278,1.30,G,0.68,154,
NGC0645,,25.036250,5.726694,2.29,G,0.68,120,
NGC0646,,24.356250,-64.896389,1.51,GPair,1.02,121,
NGC0646 NED01,,24.338000,-64.894861,1.23,G,0.97,127,
NGC0646 NED02,,24.374542,-64.896278,0.60,G,0.45,64,
NGC0647,,24.984125,-9.242389,1.27,G,0.98,19,
NGC0648,,24.665792,-17.831194,1.09,G,0.63,118,
NGC0649,,25.031042,-9.272111,1.07,G,0.39,22,
NGC0650,Barbell Nebula,25.582042,51.575472,1.12,PN,,,76
NGC0652,,25.180333,7.982917,0.94,G,0.51,52,
NGC0653,,25.607250,35.638333,1.49,G,0.23,40,
NGC0654,,25.997625,61.882722,6.30,OCl,,,
NGC0655,,25.479708,-13.081750,1.12,G,0.65,88,
NGC0656,,25.613500,26.143056,1.27,G,1.08,32,
NGC0657,,25.836667,55.836389,3.00,OCl,,,
NGC0658,,25.540250,12.601889,1.48,G,0.89,21,
NGC0659,,26.095792,60.669167,4.20,OCl,,,
NGC0660,,25.760000,13.645056,4.57,G,1.69,13,
NGC0661,,26.060917,28.705917,1.91,G,1.40,56,
NGC0662,,26.147708,37.695778,0.81,G,0.55,13,
NGC0663,,26.566875,61.218194,6.00,OCl,,,
NGC0664,,25.940875,4.222889,1.19,G,0.93,70,
NGC0665,,26.233750,10.423028,1.62,G,0.95,119,
NGC0666,,26.525833,34.374528,0.77,G,0.52,81,
NGC0667,,26.236167,-22.918944,0.71,G,0.57,83,
NGC0668,,26.594458,36.460306,1.20,G,0.82,32,
NGC0669,,26.817292,35.563306,2.34,G,0.57,36,
NGC0670,,26.853542,27.885750,2.18,G,0.74,171,
NGC0671,,26.746542,13.125111,1.08,G,0.43,56,
NGC0672,,26.977167,27.432778,7.01,G,2.71,69,
NGC0673,,27.093500,11.521306,1.77,G,1.30,1,
NGC0674,,27.823208,22.357972,3.81,G,1.26,105,
NGC0675,,27.285875,13.059889,1.04,G,0.44,101,
NGC0676,,27.238792,5.907528,2.75,G,0.69,173,
NGC0677,,27.308583,13.055361,1.81,G,1.81,35,
NGC0678,,27.353583,21.997306,3.08,G,0.77,78,
NGC0679,,27.432417,35.785639,1.32,G,1.00,85,
NGC0680,,27.447042,21.970861,1.69,G,1.56,160,
NGC0681,,27.295125,-10.426417,2.47,G,1.77,66,
NGC0682,,27.269167,-14.974833,0.74,G,0.25,115,
NGC0683,,27.444542,11.701306,0.66,G,0.60,50,
NGC0684,,27.558417,27.645667,2.95,G,0.82,90,
NGC0685,,26.928375,-52.761806,3.01,G,2.30,62,
NGC0686,,27.233917,-23.798139,1.34,G,1.06,5,
NGC0687,,27.638500,36.370806,1.27,G,1.16,90,
NGC0688,,27.684083,35.284528,0.89,G,0.38,153,
NGC0689,,27.465708,-27.466611,1.07,G,0.66,70,
NGC0690,,26.950333,-16.722000,1.10,G,0.70,158,
NGC0691,,27.673833,21.759917,2.68,G,1.85,92,
NGC0692,,27.174958,-48.648500,1.95,G,1.41,84,
NGC0693,,27.628542,6.145222,2.11,G,1.09,106,
NGC0694,,27.743708,21.997500,0.57,G,0.34,163,
NGC0695,,27.809333,22.582361,0.48,G,0.42,51,
NGC0696,,27.380250,-34.905167,1.80,G,0.72,25,
NGC0698,,27.432083,-34.831083,0.93,G,0.79,170,
NGC0699,,27.682000,-12.035667,1.40,G,0.37,132,
NGC0700,,28.070167,36.036722,0.48,G,0.40,41,
NGC0701,,27.766000,-9.702611,2.24,G,1.11,49,
NGC0702,,27.828333,-4.051944,1.60,GPair,,,
NGC0702 NED01,,27.826625,-4.049167,0.38,G,0.17,95,
NGC0702 NED02,,27.829958,-4.055944,1.03,G,0.72,136,
NGC0703,,28.165000,36.171417,0.99,G,0.69,48,
NGC0704,,28.160833,36.124167,1.50,GPair,,,
NGC0704A,,28.166583,36.120944,0.55,G,0.39,105,
NGC0704B,,28.157083,36.126806,1.10,G,0.69,139,
NGC0705,,28.173000,36.144000,1.44,G,0.69,112,
NGC0706,,27.960542,6.296889,1.29,G,1.06,153,
NGC0707,,27.862917,-8.505361,1.31,G,0.73,82,
NGC0708,,28.193667,36.151833,2.56,G,1.23,38,
NGC0709,,28.210917,36.223444,0.72,G,0.36,128,
NGC0710,,28.224750,36.052889,1.04,G,0.67,29,
NGC0711,,28.115667,17.512667,1.10,G,0.48,17,
NGC0712,,28.285167,36.819861,1.08,G,0.71,83,
NGC0713,,28.839708,-9.083750,1.15,G,0.28,95,
NGC0714,,28.373542,36.221306,1.46,G,0.35,111,
NGC0715,,28.302167,-12.872833,0.88,G,0.36,177,
NGC0716,,28.248667,12.708472,1.31,G,0.52,59,
NGC0717,,28.479625,36.229417,1.31,G,0.23,115,
NGC0718,,28.305417,4.195833,2.75,G,2.46,36,
NGC0719,,28.411833,19.840417,1.01,G,0.71,157,
NGC0720,,28.252083,-13.738667,4.49,G,2.37,142,
NGC0721,,28.689417,39.383528,1.40,G,0.83,124,
NGC0722,,28.695625,20.698222,1.13,G,0.47,137,
NGC0723,,28.440333,-23.757750,1.34,G,1.04,135,
NGC0725,,28.147875,-16.517806,0.89,G,0.55,77,
NGC0726,,28.882792,-10.799806,1.08,G,0.44,104,
NGC0727,,28.455750,-35.856167,1.18,G,0.62,74,
NGC0728,,28.756000,4.222583,,Other,,,
NGC0730,,28.825000,5.636389,,*,,,
NGC0731,,28.734208,-9.010806,1.70,G,1.50,156,
NGC0732,,29.115458,36.802222,0.98,G,0.57,12,
NGC0733,,29.141208,33.055306,,*,,,
NGC0734,,28.369750,-16.995694,0.75,G,0.40,60,
NGC0735,,29.158250,34.176778,1.60,G,0.41,136,
NGC0736,,29.170292,33.043500,1.83,G,1.64,130,
NGC0737,,29.170000,33.048917,,Other,,,
NGC0738,,29.190375,33.058333,0.35,G,0.31,,
NGC0739,,29.227875,33.266694,0.81,G,0.52,133,
NGC0740,,29.228625,33.015167,1.57,G,0.34,138,
NGC0741,,29.087625,5.628944,2.83,G,2.33,93,
NGC0742,,29.100708,5.626694,0.19,G,0.19,,
NGC0743,,29.630375,60.166306,5.40,OCl,,,
NGC0744,,29.624667,55.474611,11.70,OCl,,,
NGC0745,,28.536083,-56.690750,1.80,GGroup,,,
NGC0745 NED01,,28.532167,-56.693667,1.75,G,1.11,36,
NGC0745 NED02,,28.531708,-56.687361,0.11,G,0.11,0,
NGC0745 NED03,,28.547208,-56.685472,1.13,G,0.41,104,
NGC0746,,29.462542,44.918583,1.82,G,1.29,86,
NGC0747,,29.376875,-9.462361,1.15,G,0.59,177,
NGC0748,,29.090833,-4.467639,2.56,G,1.02,146,
NGC0749,,28.921333,-29.922333,2.07,G,1.27,109,
NGC0750,,29.386375,33.209278,1.48,G,1.41,170,
NGC0751,,29.387458,33.203083,1.64,G,1.30,139,
NGC0752,,29.395083,37.833389,39.00,OCl,,,
NGC0753,,29.425833,35.916111,1.38,G,0.87,131,
NGC0754,,28.586833,-56.761056,0.61,G,0.57,80,
NGC0755,,29.094500,-9.061417,2.87,G,0.90,53,
NGC0756,,28.621042,-16.707167,0.67,GPair,0.48,25,
NGC0758,,28.925583,-3.066472,0.77,G,0.61,95,
NGC0759,,29.459708,36.343111,1.12,G,1.06,10,
NGC0760,,29.447500,33.355389,,**,,,
NGC0761,,29.456625,33.377139,1.48,G,0.51,145,
NGC0762,,29.240792,-5.402861,1.24,G,1.09,35,
NGC0764,,29.263625,-16.062500,,**,,,
NGC0765,,29.700000,24.892472,2.62,G,2.62,25,
NGC0766,,29.674792,8.346639,1.81,G,1.11,27,
NGC0767,,29.711667,-9.587139,1.27,G,0.35,164,
NGC0768,,29.670542,0.529222,1.56,G,0.59,29,
NGC0769,,29.899583,30.909917,0.85,G,0.49,70,
NGC0770,,29.806833,18.954667,0.91,G,0.62,15,
NGC0771,,30.860792,72.420889,,*,,,
NGC0772,,29.831583,19.007528,4.57,G,2.52,131,
NGC0773,,29.716667,-11.514639,1.38,G,0.72,178,
NGC0774,,29.894708,14.008194,1.28,G,1.06,164,
NGC0775,,29.636125,-26.293722,1.69,G,1.28,162,
NGC0776,,29.977042,23.644389,1.35,G,1.29,135,
NGC0777,,30.062083,31.429583,2.75,G,2.06,148,
NGC0778,,30.081000,31.313028,1.05,G,0.46,150,
NGC0779,,29.926167,-5.963194,1.35,G,0.58,160,
NGC0780,,30.146583,28.225139,1.65,G,0.81,171,
NGC0781,,30.037333,12.656111,1.47,G,0.41,12,
NGC0782,,29.418250,-57.790167,2.45,G,2.03,41,
NGC0783,,30.277542,31.882472,1.38,G,0.75,63,
NGC0784,,30.320542,28.837250,4.17,G,1.07,1,
NGC0785,,30.416667,31.826500,1.60,G,0.90,77,
NGC0786,,30.353000,15.646528,0.79,G,0.64,150,
NGC0787,,30.202583,-9.002583,1.87,G,1.30,91,
NGC0788,,30.276875,-6.815528,1.74,G,1.42,108,
NGC0789,,30.608375,32.072250,0.69,G,0.48,4,
NGC0790,,30.340000,-5.370972,1.38,G,1.21,142,
NGC0791,,30.434250,8.499944,1.49,G,1.49,5,
NGC0792,,30.563875,15.712194,1.27,G,0.67,130,
NGC0793,,30.727250,31.980722,,**,,,
NGC0794,,30.622208,18.373000,1.22,G,0.96,53,
NGC0795,,29.955667,-55.824167,1.28,G,0.77,138,
NGC0796,,29.182292,-74.220000,1.20,OCl,1.10,110,
NGC0797,,30.859583,38.114444,1.80,GPair,,,
NGC0797 NED01,,30.852292,38.112222,0.48,G,0.33,135,
NGC0797 NED02,,30.866417,38.116944,1.21,G,1.06,75,
NGC0798,,30.831667,32.077528,1.19,G,0.44,136,
NGC0799,,30.551417,-0.100639,1.71,G,1.44,35,
NGC0800,,30.549375,-0.130444,1.08,G,0.79,11,
NGC0801,,30.936792,38.258722,2.76,G,0.59,151,
NGC0802,,29.775000,-67.870139,0.90,G,0.59,153,
NGC0803,,30.936250,16.030972,2.67,G,0.92,10,
NGC0804,,31.008792,30.832861,1.27,G,0.33,8,
NGC0805,,31.123208,28.812333,1.05,G,0.68,110,
NGC0806,,30.879792,-9.933361,1.35,G,0.38,59,
NGC0807,,31.231917,28.987444,1.71,G,1.08,142,
NGC0808,,30.985833,-23.311611,1.31,G,0.62,12,
NGC0809,,31.079042,-8.735306,1.11,G,0.86,173,
NGC0810,,31.370417,13.251389,1.40,GPair,,,
NGC0810 NED01,,31.368792,13.251222,1.40,G,0.88,31,
NGC0810 NED02,,31.372042,13.250972,0.98,G,0.65,3,
NGC0811,,31.145167,-10.108472,0.99,G,0.46,48,
NGC0812,,31.714583,44.572917,2.74,G,0.97,161,
NGC0813,,30.400292,-68.439194,1.42,G,0.95,98,
NGC0814,,32.656792,-15.773583,1.32,G,0.59,7,
NGC0815,,32.664167,-15.812778,0.40,GPair,,,
NGC0815 NED01,,32.663333,-15.812417,0.15,G,0.13,121,
NGC0815 NED02,,32.664625,-15.813389,0.45,G,0.35,70,
NGC0816,,32.036875,29.255833,0.66,G,0.52,85,
NGC0817,,31.890458,17.202639,0.89,G,0.40,29,
NGC0818,,32.185500,38.777194,2.20,G,0.76,112,
NGC0819,,32.143208,29.234028,0.60,G,0.45,5,
NGC0820,,32.104083,14.349556,1.34,G,0.79,67,
NGC0821,,32.088083,10.994917,2.45,G,2.10,26,
NGC0822,,31.663083,-41.156750,1.40,G,0.87,77,
NGC0823,,31.833542,-25.441889,1.54,G,1.10,107,
NGC0824,,31.721917,-36.453167,1.49,G,0.38,28,
NGC0825,,32.134833,6.323722,2.06,G,0.66,52,
NGC0826,,32.354375,30.739694,1.00,G,0.78,16,
NGC0827,,32.234417,7.971472,2.20,G,1.14,84,
NGC0828,,32.539875,39.190361,2.85,G,2.13,115,
NGC0829,,32.176583,-7.790528,1.18,G,0.77,104,
NGC0830,,32.244500,-7.766806,1.40,G,0.82,76,
NGC0831,,32.394167,6.096333,0.44,G,0.34,110,
NGC0832,,32.753458,35.541250,,**,,,
NGC0833,,32.336833,-10.133083,1.63,G,0.67,85,
NGC0834,,32.755375,37.666278,1.05,G,0.50,22,
NGC0835,,32.352500,-10.135917,0.87,G,0.73,5,
NGC0836,,32.603667,-22.054861,1.11,G,0.84,106,
NGC0837,,32.567708,-22.431500,0.99,G,0.39,13,
NGC0838,,32.410542,-10.146694,1.34,G,0.97,77,
NGC0839,,32.428875,-10.184083,1.49,G,0.64,86,
NGC0840,,32.567542,7.845306,1.74,G,0.78,77,
NGC0841,,32.822333,37.497167,1.74,G,0.87,134,
NGC0842,,32.461625,-7.762472,1.74,G,0.85,157,
NGC0843,,32.783792,32.097417,,Other,,,
NGC0844,,32.559375,6.049806,0.49,G,0.38,45,
NGC0845,,33.082458,37.477333,1.63,G,0.33,148,
NGC0846,,33.051333,44.568389,1.92,G,1.68,129,
NGC0848,,32.573500,-10.321444,1.36,G,1.05,147,
NGC0849,,32.546625,-22.323000,0.59,G,0.44,104,
NGC0850,,32.806708,-1.485583,1.22,G,1.00,92,
NGC0851,,32.800375,3.779694,1.14,G,0.66,135,
NGC0852,,32.231083,-56.737056,1.36,G,1.00,90,
NGC0853,,32.921625,-9.306000,1.80,G,1.17,50,
NGC0854,,32.878125,-35.835111,2.00,G,0.72,2,
NGC0855,,33.514542,27.877333,2.94,G,1.08,67,
NGC0856,,33.409833,-0.717278,1.19,G,0.94,17,
NGC0857,,33.154042,-31.944611,1.58,G,1.34,89,
NGC0858,,33.125708,-22.471528,1.26,G,1.01,140,
NGC0860,,33.750625,30.778806,0.63,G,0.52,109,
NGC0861,,33.963083,35.913583,1.48,G,0.42,36,
NGC0862,,33.262500,-42.033528,1.04,G,0.97,70,
NGC0863,,33.639833,-0.766694,1.27,G,1.15,35,
NGC0864,,33.865167,6.002611,3.72,G,2.57,21,
NGC0865,,34.062958,28.599722,1.62,G,0.27,159,
NGC0867,,34.269917,1.244194,1.24,G,1.11,85,
NGC0868,,33.993667,-0.713639,0.79,G,0.54,111,
NGC0869,h Persei Cluster,34.744000,57.117250,14.40,OCl,,,
NGC0870,,34.288417,14.523111,0.37,G,0.34,105,
NGC0871,,34.294708,14.547833,1.01,G,0.33,4,
NGC0872,,33.855125,-17.781056,1.77,G,0.55,175,
NGC0873,,34.134833,-11.348556,1.48,G,1.07,146,
NGC0874,,34.004792,-23.301722,1.01,G,0.48,175,
NGC0876,,34.472125,14.521278,1.32,G,0.38,26,
NGC0877,,34.498500,14.544056,1.92,G,1.47,138,
NGC0878,,34.476083,-23.384056,0.87,G,0.53,110,
NGC0879,,34.213333,-8.964028,0.77,G,0.64,16,
NGC0880,,34.613250,-4.205750,0.58,G,0.38,26,
NGC0881,,34.688625,-6.639083,2.28,G,1.26,133,
NGC0882,,34.916292,15.814250,1.13,G,0.48,83,
NGC0883,,34.771583,-6.790917,1.57,G,1.40,77,
NGC0884,chi Persei Cluster,35.633750,57.144111,10.50,OCl,,,
NGC0886,,35.799042,63.778750,4.80,OCl,,,
NGC0887,,34.885875,-16.069722,1.66,G,1.34,21,
NGC0888,,34.362917,-59.861056,1.16,G,0.90,85,
NGC0889,,34.778875,-41.749333,1.24,G,0.89,98,
NGC0890,,35.504208,33.266056,1.10,G,0.67,45,
NGC0891,,35.639208,42.349139,13.03,G,3.03,22,
NGC0892,,35.216750,-23.113639,0.72,G,0.40,5,
NGC0893,,34.994083,-41.403139,1.34,G,0.83,123,
NGC0894,,35.394042,-5.510222,,Other,,,
NGC0895,,35.401958,-5.521389,3.32,G,2.22,109,
NGC0896,,36.365917,62.019361,10.00,Neb,10.00,,
NGC0897,,35.276542,-33.720667,2.01,G,1.43,25,
NGC0898,,35.834875,41.951417,1.75,G,0.47,170,
NGC0899,,35.471417,-20.823250,1.63,G,1.21,121,
NGC0900,,35.884083,26.511528,0.92,G,0.62,36,
NGC0901,,35.892042,26.557056,0.78,G,0.55,36,
NGC0902,,35.590667,-16.679056,0.74,G,0.55,26,
NGC0903,,36.003667,27.356278,0.74,G,0.40,168,
NGC0904,,36.023208,27.342389,1.45,G,0.85,129,
NGC0905,,35.681542,-8.719028,0.61,G,0.30,114,
NGC0906,,36.317750,42.089889,1.46,G,1.01,16,
NGC0907,,35.757958,-20.712056,2.21,G,0.75,87,
NGC0908,,35.769042,-21.233861,6.14,G,2.82,77,
NGC0909,,36.344958,42.035667,1.02,G,1.02,40,
NGC0910,,36.361583,41.824278,1.79,G,1.51,17,
NGC0911,,36.426667,41.956278,1.69,G,0.84,115,
NGC0912,,36.428042,41.777444,0.79,G,0.60,147,
NGC0913,,36.436000,41.799417,0.61,G,0.33,20,
NGC0914,,36.521583,42.144083,1.56,G,1.04,116,
NGC0915,,36.439917,27.221000,0.76,G,0.76,160,
NGC0916,,36.448500,27.242528,1.18,G,0.53,9,
NGC0917,,36.532042,31.912333,1.77,G,0.99,57,
NGC0918,,36.461833,18.496250,3.09,G,1.73,157,
NGC0919,,36.569458,27.212111,1.31,G,0.32,138,
NGC0920,,36.965750,45.947056,1.17,G,0.85,3,
NGC0921,,36.639250,-15.847528,1.25,G,0.53,82,
NGC0922,,36.268417,-24.788167,2.10,G,1.77,14,
NGC0923,,36.894333,41.977611,0.78,G,0.55,120,
NGC0924,,36.695125,20.497500,2.03,G,1.18,52,
NGC0925,,36.820333,33.579167,10.72,G,5.75,107,
NGC0926,,36.527958,-0.331944,1.75,G,0.78,39,
NGC0927,,36.655458,12.155333,1.18,G,1.02,0,
NGC0928,,36.920917,27.221194,0.90,G,0.54,45,
NGC0929,,36.825917,-12.086917,0.88,G,0.40,171,
NGC0930,,36.964333,20.341778,,Other,,,
NGC0931,,37.060333,31.311667,2.45,G,0.69,75,
NGC0932,,36.977875,20.332472,2.00,G,1.85,145,
NGC0933,,37.322875,45.911306,1.84,G,0.96,37,
NGC0934,,36.887208,-0.244556,1.14,G,0.80,127,
NGC0935,,37.046458,19.599111,1.58,G,0.98,155,
NGC0936,,36.906083,-1.156278,4.44,G,3.18,133,
NGC0937,,37.367000,42.249972,0.89,G,0.35,115,
NGC0938,,37.139625,20.283694,1.55,G,1.14,97,
NGC0939,,36.588833,-44.446167,1.66,G,1.16,100,
NGC0940,,37.364583,31.640917,1.64,G,1.15,20,
NGC0941,,37.116042,-1.151528,1.87,G,1.33,171,
NGC0942,,37.292708,-10.836139,1.78,G,0.87,2,
NGC0943,,37.290333,-10.828056,1.55,G,0.95,26,
NGC0944,,36.673042,-14.515639,1.01,G,0.37,18,
NGC0945,,37.155333,-10.538972,2.06,G,1.82,170,
NGC0946,,37.660125,42.232611,1.42,G,0.84,66,
NGC0947,,37.138000,-19.042111,2.14,G,1.15,59,
NGC0948,,37.189458,-10.513889,1.17,G,0.96,30,
NGC0949,,37.702708,37.136778,3.10,G,1.35,144,
NGC0950,,37.299042,-11.024694,1.18,G,0.63,47,
NGC0951,,37.237000,-22.349444,1.08,G,0.54,22,
NGC0953,,37.790750,29.588750,1.47,G,1.19,14,
NGC0954,,37.215125,-41.402667,1.79,G,0.94,16,
NGC0955,,37.638125,-1.108417,2.72,G,0.88,20,
NGC0956,,38.128750,44.593472,4.50,OCl,,,
NGC0957,,38.329292,57.569694,10.20,OCl,,,
NGC0958,,37.678458,-2.939000,2.51,G,0.72,2,
NGC0959,,38.099750,35.494639,1.87,G,1.11,67,
NGC0960,,37.922333,-9.300444,1.23,G,0.32,125,
NGC0961,,40.260375,-6.935917,1.81,G,1.04,96,
NGC0962,,38.165958,28.069944,1.46,G,1.03,178,
NGC0963,,37.630333,-4.215417,0.80,G,0.79,110,
NGC0964,,37.774125,-36.034667,2.18,G,0.50,33,
NGC0965,,38.104583,-18.639722,0.94,G,0.77,173,
NGC0966,,37.946500,-19.881694,1.13,G,0.95,107,
NGC0967,,38.052958,-17.216861,1.48,G,1.06,41,
NGC0968,,38.525875,34.479889,1.20,G,0.45,49,
NGC0969,,38.534167,32.946944,1.69,G,1.16,8,
NGC0970,,38.547083,32.976111,1.00,GPair,,,
NGC0970 NED01,,38.544750,32.974861,0.28,G,0.20,72,
NGC0970 NED02,,38.548750,32.977278,0.72,G,0.26,53,
NGC0971,,38.566875,32.987111,,*,,,
NGC0972,,38.555750,29.311278,3.31,G,1.61,151,
NGC0973,,38.583792,32.505611,3.28,G,0.43,49,
NGC0974,,38.607500,32.954500,3.20,G,2.60,15,
NGC0975,,38.344792,9.601694,0.84,G,0.63,1,
NGC0976,,38.500083,20.976778,1.54,G,1.44,160,
NGC0977,,38.264292,-10.759972,1.82,G,1.17,38,
NGC0978,,38.698333,32.843611,1.87,GPair,,,
NGC0978A,,38.695708,32.846194,1.83,G,1.53,85,
NGC0978B,,38.700417,32.841389,0.64,G,0.28,7,
NGC0979,,37.911625,-44.524306,1.38,G,1.12,108,
NGC0980,,38.827333,40.926500,1.64,G,0.81,110,
NGC0981,,38.249542,-10.973944,1.08,G,0.51,6,
NGC0982,,38.853625,40.869722,1.60,G,0.63,132,
NGC0983,,39.731833,34.622278,1.16,G,0.69,136,
NGC0984,,38.679583,23.413000,1.66,G,1.10,114,
NGC0985,,38.657375,-8.787611,0.86,G,0.66,80,
NGC0986,,38.393125,-39.045056,3.77,G,3.03,52,
NGC0986A,,38.172708,-39.296222,1.85,G,0.29,78,
NGC0987,,39.206708,33.327250,1.52,G,1.07,36,
NGC0988,,38.865625,-9.356194,4.33,G,1.73,119,
NGC0989,,38.441875,-16.511167,0.92,G,0.84,85,
NGC0990,,39.075875,11.642083,1.48,G,1.12,41,
NGC0991,,38.886167,-7.154444,1.48,G,1.31,75,
NGC0992,,39.356208,21.100833,0.79,G,0.59,8,
NGC0993,,39.191917,2.050417,0.86,G,0.68,105,
NGC0995,,39.633500,41.529250,1.30,G,0.76,36,
NGC0996,,39.666125,41.647528,1.30,G,1.12,75,
NGC0997,,39.310417,7.307778,1.00,GPair,,,
NGC0997 NED01,,39.310083,7.309778,0.33,G,0.22,62,
NGC0997 NED02,,39.310417,7.305639,1.12,G,1.02,5,
NGC0998,,39.318750,7.335806,0.63,G,0.52,175,
NGC0999,,39.697750,41.670500,0.78,G,0.69,61,
NGC1000,,39.707250,41.459694,0.64,G,0.39,90,
NGC1001,,39.802708,41.671722,0.72,G,0.27,114,
NGC1003,,39.820375,40.872306,3.47,G,0.83,96,
NGC1004,,39.424083,1.975306,1.17,G,1.05,96,
NGC1005,,39.871667,41.488972,0.66,G,0.65,45,
NGC1006,,39.395250,-11.025000,0.86,G,0.24,1,
NGC1007,,39.467750,2.156028,0.61,G,0.21,50,
NGC1008,,39.480375,2.079639,0.86,G,0.54,83,
NGC1009,,39.579458,2.310028,1.39,G,0.23,124,
NGC1011,,39.412042,-11.005556,0.68,G,0.62,160,
NGC1012,,39.812125,30.151389,2.10,G,1.05,24,
NGC1013,,39.460292,-11.507250,1.08,G,0.68,66,
NGC1014,,39.503542,-9.573389,,**,,,
NGC1015,,39.548167,-1.318694,1.98,G,1.68,100,
NGC1016,,39.581500,2.119250,2.26,G,1.36,42,
NGC1017,,39.457667,-11.010278,0.68,G,0.55,64,
NGC1018,,39.543167,-9.543917,1.07,G,0.59,178,
NGC1019,,39.614208,1.907722,1.08,G,0.75,35,
NGC1020,,39.684750,2.231278,0.92,G,0.28,20,
NGC1021,,39.700083,2.217417,0.79,G,0.55,161,
NGC1022,,39.636292,-6.677417,2.60,G,1.50,74,
NGC1023,,40.100042,39.063278,7.40,G,3.06,87,
NGC1023A,,40.157083,39.057500,1.30,G,0.65,50,
NGC1024,,39.799833,10.846833,2.86,G,1.06,151,
NGC1025,,39.083042,-54.864167,0.94,G,0.55,15,
NGC1026,,39.830083,6.544000,1.84,G,1.68,85,
NGC1027,,40.646083,61.594361,7.80,OCl,,,
NGC1028,,39.904792,10.843667,0.87,G,0.46,15,
NGC1029,,39.902250,10.793333,1.56,G,0.46,70,
NGC1030,,39.960833,18.024278,1.50,G,0.64,8,
NGC1031,,39.161500,-54.859778,2.27,G,1.08,24,
NGC1032,,39.848500,1.093778,3.58,G,0.86,67,
NGC1033,,40.067167,-8.776944,1.14,G,0.91,178,
NGC1034,,39.558417,-15.809083,0.80,G,0.73,140,
NGC1035,,39.871208,-8.132944,2.08,G,0.68,153,
NGC1036,,40.120792,19.297111,1.40,G,1.03,3,
NGC1037,,39.993250,-1.734056,,Other,,,
NGC1038,,40.026333,1.508778,1.39,G,0.50,61,
NGC1039,,40.530833,42.746139,22.50,OCl,,,34
NGC1040,,40.801833,41.500611,1.67,G,0.72,40,
NGC1041,,40.105083,-5.440444,1.36,G,1.08,47,
NGC1042,,40.099875,-8.433556,3.87,G,2.13,1,
NGC1043,,40.194042,1.343139,0.85,G,0.18,111,
NGC1044,,40.277500,8.737222,1.20,GPair,,,
NGC1044 NED01,,40.275667,8.738028,0.76,G,0.76,110,
NGC1044 NED02,,40.280208,8.736167,0.58,G,0.51,,
NGC1045,,40.121333,-11.277556,1.69,G,1.27,59,
NGC1046,,40.303542,8.719389,0.75,G,0.70,130,
NGC1047,,40.136833,-8.147667,1.36,G,0.75,91,
NGC1048,,40.158125,-8.533361,1.18,G,0.47,105,
NGC1048A,,40.148750,-8.547222,0.81,G,0.42,178,
NGC1049,Fornax Dwarf Cluster 3,39.950583,-34.258250,1.20,GCl,1.20,,
NGC1050,,40.648292,34.763500,1.10,G,0.81,98,
NGC1052,,40.270000,-8.255778,2.94,G,2.07,109,
NGC1054,,40.565583,18.217194,0.80,G,0.44,30,
NGC1055,,40.438458,0.443167,6.92,G,3.53,104,
NGC1056,,40.701250,28.574194,1.88,G,1.36,162,
NGC1057,,40.762083,32.491194,1.16,G,0.72,118,
NGC1058,,40.875000,37.341333,2.47,G,1.36,90,
NGC1059,,40.648333,17.996750,,**,,,
NGC1060,,40.812708,32.424972,2.36,G,1.75,77,
NGC1061,,40.815667,32.466722,0.87,G,0.59,27,
NGC1062,,40.850083,32.462139,,*,,,
NGC1063,,40.541917,-5.568556,1.45,G,0.51,97,
NGC1064,,40.598042,-9.362278,1.01,G,0.75,37,
NGC1065,,40.526125,-15.091556,0.82,G,0.75,0,
NGC1066,,40.958083,32.475000,1.82,G,1.28,60,
NGC1067,,40.960500,32.511889,0.97,G,0.92,145,
NGC1068,,40.669625,-0.013278,6.11,G,5.61,12,77
NGC1069,,40.749250,-8.289500,1.35,G,0.84,146,
NGC1070,,40.842792,4.968417,2.34,G,2.00,178,
NGC1071,,40.782708,-8.773889,1.22,G,0.41,172,
NGC1072,,40.880458,0.306806,1.21,G,0.49,13,
NGC1073,,40.918833,1.376111,3.54,G,2.23,32,
NGC1074,,40.900500,-16.297083,0.91,G,0.50,165,
NGC1075,,40.889792,-16.201111,0.81,G,0.53,146,
NGC1076,,40.871875,-14.754306,1.81,G,1.25,99,
NGC1077,,41.507083,40.091667,1.33,GPair,,,
NGC1077A,,41.512083,40.093333,0.53,G,0.33,27,
NGC1077B,,41.502500,40.090278,1.06,G,0.77,165,
NGC1078,,41.033500,-9.452389,0.85,G,0.62,45,
NGC1079,,40.934750,-29.003361,2.65,G,1.49,99,
NGC1080,,41.291417,-4.710778,1.09,G,0.82,166,
NGC1081,,41.273000,-15.587806,1.78,G,0.59,23,
NGC1082,,41.421875,-8.180528,0.96,G,0.71,102,
NGC1083,,41.419167,-15.357778,1.55,G,0.33,17,
NGC1084,,41.499625,-7.578472,3.40,G,2.25,36,
NGC1085,,41.605417,3.607278,2.04,G,1.50,13,
NGC1086,,41.984875,41.246472,1.32,G,0.79,43,
NGC1087,,41.604833,-0.498639,2.97,G,1.80,10,
NGC1088,,41.768333,16.201111,1.00,GPair,,,
NGC1088 NED01,,41.766708,16.199917,0.88,G,0.52,95,
NGC1088 NED02,,41.770375,16.202417,0.48,G,0.22,116,
NGC1089,,41.542083,-15.073194,1.38,G,0.99,16,
NGC1090,,41.641417,-0.247167,3.31,G,1.46,101,
NGC1091,,41.343458,-17.533167,0.81,G,0.67,86,
NGC1092,,41.373208,-17.542278,1.00,G,0.89,130,
NGC1093,,42.067292,34.419778,1.16,G,0.75,99,
NGC1094,,41.865958,-0.285111,1.32,G,0.84,89,
NGC1095,,41.907750,4.637639,1.26,G,0.81,46,
NGC1096,,40.955375,-59.913417,1.76,G,1.61,45,
NGC1097,,41.579375,-30.274889,10.57,G,6.44,138,
NGC1097A,,41.541250,-30.228056,1.00,G,0.57,100,
NGC1098,,41.223625,-17.659139,1.58,G,1.27,103,
NGC1099,,41.325083,-17.708361,2.10,G,0.63,16,
NGC1100,,41.400292,-17.688944,1.64,G,0.76,60,
NGC1101,,42.061792,4.578028,1.33,G,1.05,100,
NGC1102,,41.803750,-22.208833,0.89,G,0.58,90,
NGC1103,,42.025000,-13.959222,2.22,G,0.63,47,
NGC1104,,42.161208,-0.271528,1.04,G,0.62,150,
NGC1105,,40.924917,-15.705583,0.97,G,0.83,66,
NGC1106,,42.668792,41.671500,1.82,G,1.82,35,
NGC1107,,42.331708,8.092639,1.88,G,1.56,140,
NGC1108,,42.160583,-7.951111,1.04,G,0.77,85,
NGC1109,,41.931583,13.255333,0.81,G,0.67,116,
NGC1110,,42.289875,-7.837556,2.37,G,0.46,11,
NGC1111,,42.163958,13.259528,0.66,G,0.32,10,
NGC1112,,42.251542,13.223750,0.99,G,0.71,11,
NGC1113,,42.521042,13.327417,,*,,,
NGC1114,,42.280000,-16.993361,2.15,G,0.81,7,
NGC1115,,42.605750,13.266222,0.91,G,0.26,7,
NGC1116,,42.648708,13.335056,1.20,G,0.40,26,
NGC1117,,42.804625,13.185306,0.70,G,0.52,4,
NGC1118,,42.494458,-12.163722,1.97,G,0.63,92,
NGC1119,,42.071167,-17.987611,0.48,G,0.37,172,
NGC1120,,42.267042,-14.470694,1.79,G,0.97,43,
NGC1121,,42.663292,-1.734056,0.95,G,0.34,10,
NGC1122,,43.213333,42.205028,1.35,G,0.64,32,
NGC1124,,42.899667,-25.701833,1.10,G,0.74,2,
NGC1125,,42.917792,-16.651028,1.51,G,0.66,54,
NGC1126,,43.077625,-1.296000,0.95,G,0.23,139,
NGC1127,,43.216000,13.256417,0.69,G,0.49,36,
NGC1128,,44.423208,6.024667,0.80,GPair,,,
NGC1128 NED01,,44.423542,6.022750,0.55,G,0.55,,
NGC1128 NED02,,44.423167,6.026917,0.76,G,0.76,,
NGC1129,,43.614083,41.579583,2.82,G,1.07,77,
NGC1130,,43.601583,41.605611,0.69,G,0.41,36,
NGC1131,,43.641583,41.559028,0.54,G,0.46,105,
NGC1132,,43.216292,-1.274694,1.91,G,0.71,142,
NGC1133,,43.175792,-8.804389,0.97,G,0.71,71,
NGC1134,,43.422250,13.014139,2.21,G,0.76,147,
NGC1135,,42.696750,-54.929583,0.71,G,0.42,59,
NGC1136,,42.723750,-54.975917,1.44,G,1.19,77,
NGC1137,,43.511375,2.962083,1.10,G,0.61,16,
NGC1138,,44.151833,43.047361,1.73,G,1.49,95,
NGC1139,,43.195042,-14.529333,1.02,G,0.35,43,
NGC1140,,43.639917,-10.027750,2.04,G,1.00,8,
NGC1143,,43.790458,-0.177861,1.22,G,0.68,111,
NGC1144,,43.800833,-0.183556,1.08,G,0.74,118,
NGC1145,,43.639625,-18.635083,3.36,G,0.76,61,
NGC1146,,44.405583,46.426944,,Other,,,
NGC1147,,43.788708,-9.119639,,Other,,,
NGC1148,,44.268208,-7.685639,1.31,G,0.68,75,
NGC1149,,44.349458,-0.309417,0.71,G,0.51,122,
NGC1150,,44.255792,-15.048417,1.06,G,0.70,64,
NGC1151,,44.269292,-15.013028,0.55,G,0.45,54,
NGC1152,,44.390125,-7.758833,1.30,G,0.76,5,
NGC1153,,44.542833,3.361917,1.23,G,0.85,53,
NGC1154,,44.531958,-10.363306,1.02,G,0.59,90,
NGC1155,,44.554542,-10.350583,1.10,G,0.87,75,
NGC1156,,44.926250,25.237833,2.96,G,2.34,28,
NGC1157,,44.527833,-15.118528,0.72,G,0.32,171,
NGC1158,,44.297750,-14.395528,0.95,G,0.61,147,
NGC1159,,45.193833,43.162556,0.48,G,0.40,115,
NGC1160,,45.305208,44.955417,2.38,G,1.10,51,
NGC1161,,45.308875,44.897333,2.69,G,1.84,23,
NGC1162,,44.733333,-12.398583,1.59,G,1.47,50,
NGC1163,,45.092042,-17.152528,2.26,G,0.36,144,
NGC1164,,45.499375,42.584944,1.18,G,0.93,132,
NGC1165,,44.698708,-32.099194,2.31,G,0.50,114,
NGC1166,,45.145833,11.842778,0.98,G,0.80,75,
NGC1167,,45.426542,35.205750,1.82,G,1.38,70,
NGC1168,,45.195917,11.772306,0.98,G,0.38,24,
NGC1169,,45.894792,46.386361,3.31,G,1.95,39,
NGC1170,,45.612042,27.072667,,Other,,,
NGC1171,,45.995792,43.398306,1.77,G,0.81,147,
NGC1172,,45.400208,-14.836583,2.28,G,1.64,30,
NGC1173,,45.990458,42.383722,,Other,,,
NGC1174,,46.378583,42.835500,3.58,G,1.43,121,
NGC1175,,46.134792,42.339306,1.76,G,0.55,154,
NGC1176,,46.145333,42.393444,,*,,,
NGC1177,,46.154708,42.362833,0.60,G,0.60,105,
NGC1178,,46.161750,42.313472,,*,,,
NGC1179,,45.660333,-18.897778,3.67,G,2.51,38,
NGC1180,,45.462667,-15.029833,0.66,G,0.40,8,
NGC1181,,45.428167,-15.052333,0.86,G,0.20,101,
NGC1182,,45.868500,-9.670333,0.82,G,0.39,116,
NGC1183,,46.192333,42.368944,,*,,,
NGC1184,,49.187625,80.793333,3.54,G,0.87,169,
NGC1185,,45.747833,-9.132139,1.36,G,0.40,30,
NGC1187,,45.656625,-22.867167,4.14,G,3.02,129,
NGC1188,,45.930708,-15.484583,1.21,G,0.56,171,
NGC1189,,45.851958,-15.623472,1.42,G,0.47,179,
NGC1190,,45.858875,-15.661889,0.76,G,0.29,98,
NGC1191,,45.878708,-15.685306,0.76,G,0.56,61,
NGC1192,,45.894292,-15.678833,0.80,G,0.40,105,
NGC1193,,46.481958,44.383111,2.40,OCl,,,
NGC1194,,45.954625,-1.103750,1.55,G,0.77,139,
NGC1195,,45.886708,-12.039778,0.64,G,0.53,84,
NGC1196,,45.896667,-12.076306,1.54,G,1.41,100,
NGC1197,,46.559208,44.061194,,Other,,,
NGC1198,,46.555167,41.848944,2.05,G,1.00,117,
NGC1199,,45.910042,-15.613194,2.83,G,2.32,48,
NGC1200,,45.977000,-11.991806,2.91,G,1.88,84,
NGC1201,,46.033250,-26.069639,3.41,G,1.96,8,
NGC1202,,46.260542,-6.491611,0.65,G,0.53,113,
NGC1203,,46.309167,-14.378889,1.13,GPair,,,
NGC1203A,,46.308750,-14.381111,0.83,G,0.42,15,
NGC1203B,,46.309583,-14.377778,0.58,G,0.58,6,
NGC1204,,46.166333,-12.341389,1.52,G,0.54,62,
NGC1206,,46.540583,-8.833167,0.75,G,0.65,42,
NGC1207,,47.064542,38.382167,1.68,G,1.18,131,
NGC1208,,46.549625,-9.541417,2.19,G,1.24,73,
NGC1209,,46.512583,-15.611250,2.25,G,0.94,83,
NGC1210,,46.689000,-25.716444,1.16,G,0.68,118,
NGC1211,,46.718417,-0.794472,1.49,G,0.95,163,
NGC1212,,47.425958,40.893083,0.89,G,0.47,21,
NGC1213,,47.322125,38.649444,0.94,G,0.76,14,
NGC1214,,46.733417,-9.544167,1.58,G,0.42,42,
NGC1215,,46.789417,-9.592667,1.67,G,1.21,50,
NGC1216,,46.827250,-9.612806,0.90,G,0.22,67,
NGC1217,,46.525083,-39.036389,1.88,G,1.30,32,
NGC1218,,47.109250,4.110917,1.35,G,1.06,155,
NGC1219,,47.116542,2.108583,1.18,G,1.04,42,
NGC1220,,47.919458,53.348167,2.40,OCl,,,
NGC1221,,47.064708,-4.259472,1.46,G,0.53,168,
NGC1222,,47.236417,-2.955139,1.57,G,0.95,153,
NGC1223,,47.083042,-4.138389,1.34,G,1.29,175,
NGC1224,,47.806458,41.363694,1.36,G,1.03,180,
NGC1225,,47.196750,-4.101556,1.24,G,0.60,153,
NGC1226,,47.772292,35.386833,1.23,G,0.94,103,
NGC1227,,47.782208,35.324861,0.66,G,0.44,77,
NGC1228,,47.048917,-22.922861,1.52,G,0.71,77,
NGC1229,,47.044958,-22.960806,1.02,G,0.60,75,
NGC1230,,47.068333,-22.984000,0.69,G,0.22,110,
NGC1231,,46.622083,-15.569083,0.98,G,0.84,90,
NGC1232,,47.439625,-20.579306,6.79,G,5.77,101,
NGC1232A,,47.507917,-20.600556,0.85,G,0.79,2,
NGC1233,,48.137958,39.318917,1.51,G,0.46,29,
NGC1234,,47.412875,-7.846194,1.58,G,0.82,119,
NGC1236,,47.866625,10.808278,0.66,G,0.48,30,
NGC1237,,47.537375,-8.692333,,**,,,
NGC1238,,47.719625,-10.748056,1.53,G,1.20,109,
NGC1239,,47.723833,-2.553139,1.23,G,0.81,59,
NGC1240,,48.361167,30.507167,,**,,,
NGC1241,,47.811000,-8.922139,2.70,G,1.50,149,
NGC1242,,47.830500,-8.902417,1.06,G,0.54,134,
NGC1243,,47.856083,-8.945278,,**,,,
NGC1244,,46.629542,-66.775611,1.44,G,0.36,2,
NGC1245,,48.672750,47.238694,11.40,OCl,,,
NGC1246,,46.758708,-66.938639,1.42,G,0.76,36,
NGC1247,,48.059667,-10.481111,3.55,G,0.52,70,
NGC1248,,48.202333,-5.224694,1.21,G,1.06,96,
NGC1249,,47.505125,-53.335750,3.64,G,1.44,83,
NGC1250,,48.837917,41.355417,2.33,G,0.80,158,
NGC1251,,48.537958,1.456528,,**,,,
NGC1252,,47.684583,-57.758611,7.20,OCl,,,
NGC1253,,48.537708,-2.822944,4.57,G,1.86,85,
NGC1253A,,48.597083,-2.800833,1.01,G,0.66,90,
NGC1254,,48.600208,2.677361,0.98,G,0.77,12,
NGC1255,,48.383500,-25.725167,4.05,G,2.24,118,
NGC1256,,48.492792,-21.986417,1.13,G,0.41,107,
NGC1257,,49.248125,41.529056,,**,,,
NGC1258,,48.522792,-21.774278,1.41,G,1.04,20,
NGC1259,,49.322000,41.385500,0.95,G,0.68,81,
NGC1260,,49.363500,41.405222,1.29,G,0.50,86,
NGC1261,,48.063917,-55.216806,5.10,GCl,,,
NGC1262,,48.889917,-15.879306,0.95,G,0.80,153,
NGC1263,,48.914833,-15.098306,0.86,G,0.76,70,
NGC1264,,49.498208,41.520278,1.00,G,0.89,59,
NGC1265,,49.565250,41.857750,1.90,G,1.63,165,
NGC1266,,49.003125,-2.427361,1.48,G,0.99,103,
NGC1267,,49.687167,41.467722,1.12,G,0.86,57,
NGC1268,,49.688167,41.488694,0.96,G,0.49,118,
NGC1269,,49.327458,-41.108056,11.17,G,9.93,156,
NGC1270,,49.742292,41.470000,1.05,G,0.97,0,
NGC1271,,49.797000,41.353250,0.81,G,0.51,123,
NGC1272,,49.838708,41.490639,2.55,G,1.25,76,
NGC1273,,49.861417,41.540528,0.89,G,0.70,135,
NGC1274,,49.918958,41.548639,0.78,G,0.49,44,
NGC1275,Perseus A,49.950667,41.511694,2.16,G,1.45,110,
NGC1276,,49.963375,41.641972,,**,,,
NGC1277,,49.964542,41.573528,0.97,G,0.67,96,
NGC1278,,49.975625,41.563389,1.43,G,1.30,90,
NGC1279,,49.996125,41.479528,0.58,G,0.39,15,
NGC1280,,49.487792,-0.169083,0.92,G,0.69,62,
NGC1281,,50.025458,41.630028,0.78,G,0.42,68,
NGC1282,,50.050500,41.367000,1.39,G,1.07,27,
NGC1283,,50.064667,41.398667,0.93,G,0.79,68,
NGC1284,,49.439625,-10.289083,1.87,G,1.22,15,
NGC1285,,49.472625,-7.297806,1.59,G,0.88,8,
NGC1286,,49.452208,-7.616861,0.98,G,0.79,154,
NGC1287,,49.639458,-2.730833,0.76,G,0.68,40,
NGC1288,,49.304958,-32.575889,2.32,G,1.71,178,
NGC1289,,49.707542,-1.973333,1.75,G,1.00,97,
NGC1290,,49.854875,-13.989611,0.71,G,0.52,83,
NGC1292,,49.562042,-27.610333,2.93,G,1.20,9,
NGC1293,,50.401917,41.392833,0.86,G,0.86,0,
NGC1294,,50.416500,41.360556,1.38,G,1.09,167,
NGC1295,,50.013750,-13.998250,0.99,G,0.53,175,
NGC1296,,49.707125,-13.062444,0.90,G,0.45,2,
NGC1297,,49.809250,-19.100000,2.40,G,2.01,6,
NGC1298,,50.054500,-2.114111,1.04,G,0.92,68,
NGC1299,,50.040333,-6.262000,1.21,G,0.67,49,
NGC1300,,49.921167,-19.411361,5.96,G,3.06,101,
NGC1301,,50.147208,-18.715333,2.38,G,0.51,141,
NGC1302,,49.963250,-26.060444,4.27,G,3.90,170,
NGC1303,,50.169958,-7.394417,1.12,G,0.80,20,
NGC1304,,50.303250,-4.584083,1.33,G,0.70,59,
NGC1305,,50.345708,-2.316833,1.33,G,0.94,117,
NGC1306,,50.262458,-25.512556,1.10,G,0.64,159,
NGC1308,,50.618917,-2.757139,1.15,G,0.86,88,
NGC1309,,50.527333,-15.400056,2.39,G,2.24,175,
NGC1310,,50.264292,-37.101694,2.11,G,1.58,98,
NGC1311,,50.029000,-52.185528,3.20,G,0.78,37,
NGC1312,,50.923875,1.184667,,**,,,
NGC1313,,49.566875,-66.498250,11.07,G,9.14,27,
NGC1313A,,50.023750,-66.701111,1.25,G,0.33,30,
NGC1314,,50.671500,-4.186556,1.47,G,1.30,51,
NGC1315,,50.777458,-21.375167,1.62,G,1.35,161,
NGC1316,Fornax A,50.673833,-37.208222,13.46,G,7.71,50,
NGC1316A,,50.907917,-36.903889,1.04,G,0.58,63,
NGC1316B,,50.915000,-36.908333,0.66,G,0.33,8,
NGC1316C,,51.243333,-37.009444,1.47,G,0.64,84,
NGC1317,Fornax B,50.684542,-37.103694,3.10,G,2.58,69,
NGC1319,,50.985250,-21.527722,1.46,G,0.71,29,
NGC1320,,51.202917,-3.042278,1.86,G,0.68,137,
NGC1321,,51.202375,-3.015583,0.97,G,0.71,88,
NGC1322,,51.227958,-2.919222,1.12,G,0.80,98,
NGC1323,,51.233667,-2.822083,0.71,G,0.29,91,
NGC1324,,51.257000,-5.745806,2.37,G,0.69,141,
NGC1325,,51.106542,-21.544028,4.32,G,1.50,53,
NGC1325A,,51.202083,-21.336111,1.90,G,1.78,90,
NGC1326,,50.985000,-36.464667,4.28,G,2.93,67,
NGC1326A,,51.285417,-36.363889,2.10,G,1.34,62,
NGC1326B,,51.334583,-36.385000,3.87,G,1.88,130,
NGC1327,,51.346292,-25.680278,1.14,G,0.40,175,
NGC1328,,51.412917,-4.124944,0.98,G,0.69,108,
NGC1329,,51.510792,-17.591500,1.58,G,1.27,33,
NGC1330,,52.268625,41.675250,,Other,,,
NGC1331,,51.617875,-21.355306,0.92,G,0.79,11,
NGC1332,,51.571875,-21.335222,5.31,G,3.84,121,
NGC1333,,52.230000,31.370000,19.50,Cl+N,,,
NGC1334,,52.507667,41.832028,1.24,G,0.51,118,
NGC1335,,52.581208,41.572750,0.90,G,0.50,168,
NGC1336,,51.634125,-35.713556,1.97,G,1.41,15,
NGC1337,,52.024833,-8.388611,4.94,G,1.31,153,
NGC1338,,52.227292,-12.153361,1.31,G,1.24,165,
NGC1339,,52.027417,-32.286111,2.01,G,1.47,172,
NGC1340,,52.081958,-31.068167,5.12,G,3.12,167,
NGC1341,,51.993417,-37.150000,1.42,G,1.07,121,
NGC1342,,52.917167,37.379389,6.30,OCl,,,
NGC1343,,54.457083,72.571333,2.38,G,1.06,79,
NGC1345,,52.382042,-17.778389,1.34,G,1.10,30,
NGC1346,,52.555292,-5.543306,1.44,G,0.54,84,
NGC1347,,52.422917,-22.285000,1.80,GPair,,,
NGC1347 NED01,,52.424167,-22.279139,0.98,G,0.93,81,
NGC1347 NED02,,52.421625,-22.291000,0.56,G,0.38,42,
NGC1348,,53.535375,51.420528,3.60,OCl,,,
NGC1349,,52.864583,4.380833,0.91,G,0.91,40,
NGC1350,,52.783833,-33.628639,5.18,G,2.60,11,
NGC1351,,52.645750,-34.853944,3.40,G,2.20,139,
NGC1351A,,52.202917,-35.178056,2.49,G,0.65,129,
NGC1352,,52.887417,-19.278444,1.15,G,0.75,128,
NGC1353,,53.012583,-20.819167,3.64,G,1.47,138,
NGC1354,,53.122375,-15.221139,2.62,G,0.97,148,
NGC1355,,53.347917,-4.998694,1.73,G,0.31,77,
NGC1356,,52.669958,-50.309611,1.17,G,1.02,167,
NGC1357,,53.321167,-13.664139,3.37,G,2.55,76,
NGC1358,,53.415292,-5.089389,2.13,G,1.17,125,
NGC1359,,53.448792,-19.492056,1.46,G,1.21,109,
NGC1360,,53.311042,-25.871722,6.42,PN,,,
NGC1361,,53.573917,-6.265000,1.24,G,0.84,44,
NGC1362,,53.471167,-20.282639,1.30,G,1.17,20,
NGC1363,,53.706542,-9.842472,0.90,G,0.76,90,
NGC1364,,53.745750,-9.838639,0.57,G,0.51,127,
NGC1365,,53.401542,-36.140389,12.02,G,6.14,20,
NGC1366,,53.473667,-31.194111,2.05,G,0.94,4,
NGC1367,,53.755583,-24.933222,4.88,G,3.26,134,
NGC1368,,53.745417,-15.655917,1.15,G,0.49,119,
NGC1369,,54.188542,-36.256222,2.22,G,1.73,9,
NGC1370,,53.810708,-20.373667,1.49,G,0.85,50,
NGC1372,,54.248917,-15.881472,0.70,G,0.65,50,
NGC1373,,53.746708,-35.171111,1.20,G,1.14,110,
NGC1374,,53.819125,-35.226250,2.86,G,2.65,120,
NGC1375,,53.820083,-35.265667,2.28,G,1.00,90,
NGC1376,,54.274667,-5.042750,1.86,G,1.79,30,
NGC1377,,54.162833,-20.902250,2.07,G,0.95,92,
NGC1378,,53.992500,-35.211167,,**,,,
NGC1379,,54.016458,-35.441194,2.66,G,2.55,65,
NGC1380,,54.114958,-34.976222,4.58,G,2.22,6,
NGC1380A,,54.197917,-34.739722,2.76,G,0.78,176,
NGC1381,,54.132000,-35.295194,2.54,G,0.96,139,
NGC1382,,54.287333,-35.195028,1.99,G,1.36,23,
NGC1383,,54.413500,-18.339472,2.00,G,0.82,85,
NGC1384,,54.806625,15.819556,0.76,G,0.46,151,
NGC1385,,54.370208,-24.500306,3.40,G,2.13,3,
NGC1386,,54.192417,-35.999417,3.59,G,1.35,25,
NGC1387,,54.237750,-35.506639,3.01,G,2.89,110,
NGC1388,,54.550042,-15.899417,0.85,G,0.80,150,
NGC1389,,54.299083,-35.745583,2.58,G,1.43,28,
NGC1390,,54.467375,-19.008361,1.45,G,0.51,21,
NGC1391,,54.720667,-18.354111,1.21,G,0.61,65,
NGC1392,,54.445875,-36.147417,0.30,G,0.21,35,
NGC1393,,54.660750,-18.427972,1.88,G,1.22,161,
NGC1394,,54.778833,-18.292278,1.51,G,0.59,5,
NGC1395,,54.623958,-23.027528,4.71,G,3.97,105,
NGC1396,,54.527250,-35.440111,0.92,G,0.54,90,
NGC1397,,54.946458,-4.670111,0.96,G,0.68,172,
NGC1398,,54.717208,-26.337833,6.95,G,4.91,100,
NGC1399,,54.620958,-35.450667,8.51,G,7.69,150,
NGC1400,,54.878500,-18.688083,2.81,G,2.52,43,
NGC1401,,54.841042,-22.724694,2.45,G,0.90,132,
NGC1402,,54.877375,-18.526944,0.87,G,0.83,90,
NGC1403,,54.795167,-22.388750,1.52,G,1.34,165,
NGC1404,,54.716333,-35.594389,5.01,G,4.38,163,
NGC1405,,55.078875,-15.530194,1.60,G,0.45,152,
NGC1406,,54.847083,-31.321417,4.50,G,0.90,17,
NGC1407,,55.049417,-18.580111,5.73,G,5.27,60,
NGC1408,,54.822000,-35.500833,,**,,,
NGC1409,,55.293458,-1.302556,0.82,G,0.64,130,
NGC1410,,55.294792,-1.298778,1.17,G,0.62,99,
NGC1411,,54.686958,-44.100611,2.45,G,1.76,12,
NGC1412,,55.122375,-26.862250,1.06,G,0.45,133,
NGC1413,,55.048125,-15.610778,0.90,G,0.77,52,
NGC1414,,55.237667,-21.713139,1.71,G,0.36,170,
NGC1415,,55.236917,-22.564472,3.74,G,1.51,141,
NGC1416,,55.262042,-22.719111,1.50,G,1.01,172,
NGC1417,,55.489250,-4.704861,2.52,G,1.35,2,
NGC1418,,55.567333,-4.730750,1.14,G,0.65,7,
NGC1419,,55.175458,-37.510833,1.48,G,1.32,45,
NGC1420,,55.666000,-5.852556,,Other,,,
NGC1421,,55.622000,-13.488028,3.55,G,0.75,180,
NGC1422,,55.379458,-21.681528,2.51,G,0.61,63,
NGC1423,,55.667083,-6.381833,1.00,G,0.66,16,
NGC1424,,55.808500,-4.730083,1.39,G,0.49,7,
NGC1425,,55.547792,-29.893333,4.91,G,2.15,130,
NGC1426,,55.704625,-22.108361,2.86,G,1.92,112,
NGC1427,,55.580917,-35.392556,4.33,G,2.87,78,
NGC1427A,,55.038750,-35.624444,2.26,G,1.42,84,
NGC1428,,55.594708,-35.154000,1.48,G,0.73,123,
NGC1429,,56.017167,-4.718111,,Other,,,
NGC1430,,55.855083,-18.225083,,*,,,
NGC1431,,56.170000,2.834944,0.91,G,0.67,160,
NGC1432,Maia Nebula,56.456625,24.367861,60.00,HII,40.00,,
NGC1433,,55.506458,-47.222083,6.19,G,2.96,95,
NGC1434,,56.553625,-9.682611,0.79,G,0.48,163,
NGC1435,Merope Nebula,56.542042,23.764972,30.00,Neb,30.00,,
NGC1436,,55.904500,-35.853028,2.97,G,2.08,152,
NGC1437B,,56.478333,-36.356944,2.87,G,0.86,2,
NGC1438,,56.321792,-23.002472,2.04,G,0.93,67,
NGC1439,,56.208125,-21.920556,2.96,G,2.83,10,
NGC1440,,56.262125,-18.266028,2.62,G,1.99,23,
NGC1441,,56.429667,-4.091583,1.85,G,0.65,89,
NGC1443,,56.471000,-4.052722,,*,,,
NGC1444,,57.370333,52.655333,3.60,OCl,,,
NGC1445,,56.234250,-9.855861,0.77,G,0.62,106,
NGC1446,,56.489417,-4.112167,,*,,,
NGC1447,,56.446458,-9.018694,0.86,G,0.58,115,
NGC1448,,56.133000,-44.644833,8.02,G,1.53,41,
NGC1449,,56.512792,-4.138111,0.90,G,0.52,5,
NGC1450,,56.402667,-9.234861,0.91,G,0.73,28,
NGC1451,,56.529833,-4.069194,0.81,G,0.65,45,
NGC1452,,56.342958,-18.633639,2.39,G,1.76,30,
NGC1453,,56.613542,-3.968778,2.46,G,1.87,19,
NGC1454,,56.497250,-20.652306,,*,,,
NGC1456,,57.034375,22.558611,,**,,,
NGC1458,,56.742958,-18.241139,,Other,,,
NGC1459,,56.741417,-25.521750,1.82,G,1.19,161,
NGC1460,,56.557250,-36.696333,1.92,G,1.62,85,
NGC1461,,57.113083,-16.392889,2.90,G,0.85,157,
NGC1462,,57.597625,6.973056,0.86,G,0.49,40,
NGC1463,,56.564250,-59.810139,1.26,G,1.09,25,
NGC1464,,57.852167,-15.402250,0.81,G,0.59,44,
NGC1465,,58.382958,32.492806,2.01,G,0.44,165,
NGC1466,,56.138958,-71.671583,3.50,GCl,3.50,,
NGC1467,,57.970000,-8.838194,1.23,G,0.67,63,
NGC1468,,58.052417,-6.348944,1.22,G,0.85,140,
NGC1469,,60.115708,68.577722,2.17,G,1.22,150,
NGC1470,,58.041000,-8.999361,1.61,G,0.39,166,
NGC1472,,58.447292,-8.568472,0.68,G,0.62,110,
NGC1473,,56.859583,-68.220583,1.53,G,0.82,45,
NGC1474,,58.626458,10.707000,1.04,G,0.70,5,
NGC1475,,58.457625,-8.137500,0.65,G,0.59,105,
NGC1476,,58.036625,-44.532472,1.50,G,0.54,85,
NGC1477,,58.512000,-8.574972,0.77,G,0.68,52,
NGC1478,,58.530583,-8.555417,0.64,G,0.44,43,
NGC1479,,58.585167,-10.208611,,Other,,,
NGC1480,,58.634917,-10.258833,,Other,,,
NGC1481,,58.620667,-20.427167,1.04,G,0.78,132,
NGC1482,,58.662333,-20.502667,2.46,G,1.43,107,
NGC1483,,58.198500,-47.477528,1.87,G,1.51,153,
NGC1484,,58.583875,-36.968889,2.73,G,0.68,79,
NGC1485,,61.266417,70.996528,2.23,G,0.69,21,
NGC1486,,59.077917,-21.821139,0.91,G,0.62,6,
NGC1487,,58.942083,-42.368056,4.40,GPair,,,
NGC1487 NED01,,58.939042,-42.367694,2.34,G,2.04,96,
NGC1487 NED02,,58.946542,-42.368583,3.72,G,1.70,91,
NGC1488,,60.018042,18.567306,,**,,,
NGC1489,,59.408750,-19.216639,1.69,G,0.60,19,
NGC1490,,58.392583,-66.018056,1.39,G,1.19,131,
NGC1491,,60.806500,51.316083,9.00,HII,6.00,,
NGC1492,,59.554708,-35.446361,0.77,G,0.61,14,
NGC1493,,59.364292,-46.210694,3.44,G,3.18,80,
NGC1494,,59.428750,-48.908083,3.51,G,1.86,180,
NGC1495,,59.590917,-44.466250,2.22,G,0.48,104,
NGC1496,,61.132875,52.661389,2.10,OCl,,,
NGC1497,,60.528417,23.132917,1.23,G,0.65,63,
NGC1498,,60.080417,-12.019722,,OCl,,,
NGC1499,California Nebula,60.810083,36.367472,160.00,Neb,40.00,,
NGC1500,,59.558208,-52.328167,1.49,G,1.13,88,
NGC1501,,61.747375,60.920694,0.87,PN,,,
NGC1502,,61.955417,62.331528,10.20,OCl,,,
NGC1503,,59.138500,-66.040667,0.96,G,0.74,141,
NGC1504,,60.623750,-9.335389,0.79,G,0.70,40,
NGC1505,,60.651667,-9.322417,1.20,G,0.86,69,
NGC1506,,60.089875,-52.573722,1.59,G,0.98,82,
NGC1507,,61.113375,-2.188583,3.78,G,0.79,12,
NGC1508,,61.448500,25.408472,0.60,G,0.44,25,
NGC1509,,60.980000,-11.179028,0.79,G,0.63,55,
NGC1510,,60.886000,-43.400111,1.32,G,1.13,103,
NGC1511,,59.904083,-67.634250,3.66,G,1.47,123,
NGC1511A,,60.077500,-67.806944,1.85,G,0.41,108,
NGC1511B,,60.227917,-67.611944,1.39,G,0.25,97,
NGC1512,,60.976167,-43.348861,8.43,G,4.02,63,
NGC1513,,62.477917,49.517278,5.10,OCl,,,
NGC1514,,62.320625,30.775917,2.20,PN,,,
NGC1515,,61.011333,-54.100056,5.50,G,1.26,20,
NGC1515A,,60.957500,-54.113056,0.93,G,0.49,55,
NGC1516,,62.032083,-8.831389,1.66,GPair,,,
NGC1516A,,62.030833,-8.829167,0.90,G,0.55,130,
NGC1516B,,62.034625,-8.835722,1.26,G,1.26,90,
NGC1517,,62.299708,8.648806,0.97,G,0.81,160,
NGC1518,,61.707167,-21.172639,3.47,G,1.30,30,
NGC1519,,62.031667,-17.192889,2.47,G,0.90,107,
NGC1520,,59.379042,-76.833944,5.40,OCl,,,
NGC1521,,62.078875,-21.051972,3.25,G,2.02,9,
NGC1522,,61.533000,-52.668417,1.22,G,0.87,39,
NGC1523,,61.545917,-54.088306,,Other,,,
NGC1526,,61.301250,-65.839806,0.86,G,0.56,36,
NGC1527,,62.100583,-47.897028,4.58,G,1.79,78,
NGC1528,,63.828625,51.211472,9.60,OCl,,,
NGC1529,,61.832833,-62.899306,0.71,G,0.33,164,
NGC1530,,65.862917,75.295583,1.82,G,1.04,130,
NGC1530A,,71.118750,75.639750,1.48,G,1.35,100,
NGC1531,,62.997167,-32.850806,1.50,G,0.90,123,
NGC1532,,63.018042,-32.874222,11.27,G,3.09,33,
NGC1533,,62.466000,-56.118444,3.27,G,2.04,149,
NGC1534,,62.191958,-62.797583,1.66,G,1.04,76,
NGC1535,,63.565708,-12.739389,0.85,PN,,,
NGC1536,,62.749417,-56.480444,1.67,G,1.21,157,
NGC1537,,63.419625,-31.645417,4.35,G,2.76,102,
NGC1538,,63.733667,-13.191722,0.66,G,0.45,108,
NGC1539,,64.758167,26.827500,0.97,G,0.74,45,
NGC1540,,63.794417,-28.488472,0.77,G,0.49,150,
NGC1540A,,63.791708,-28.482083,0.56,G,0.38,50,
NGC1541,,64.250958,0.835194,1.38,G,0.49,77,
NGC1542,,64.309083,4.781639,1.22,G,0.40,128,
NGC1543,,63.180208,-57.737972,3.66,G,0.86,94,
NGC1544,,75.650625,86.222333,1.13,G,0.87,121,
NGC1545,,65.234417,50.255333,4.20,OCl,,,
NGC1546,,63.652250,-56.060806,3.72,G,2.50,143,
NGC1547,,64.301708,-17.857472,1.40,G,0.58,131,
NGC1548,,65.329583,36.916333,3.60,OCl,,,
NGC1549,,63.938042,-55.592250,5.09,G,4.35,138,
NGC1550,,64.908042,2.409472,1.73,G,1.54,28,
NGC1552,,65.073667,-0.692722,1.79,G,1.29,104,
NGC1553,,64.043625,-55.780139,6.25,G,4.29,150,
NGC1554,,65.431458,19.520583,,*,,,
NGC1555,Hind's Nebula,65.497625,19.535167,1.82,RfN,1.35,74,
NGC1556,,64.436792,-50.164444,1.53,G,0.58,167,
NGC1557,,63.296542,-70.424944,7.20,OCl,,,
NGC1558,,65.067417,-45.031472,3.05,G,0.95,72,
NGC1559,,64.399042,-62.783667,4.19,G,2.18,63,
NGC1560,,68.204542,71.883111,8.30,G,1.68,21,
NGC1561,,65.754500,-15.845667,1.37,G,0.78,167,
NGC1562,,65.448417,-15.755444,0.92,G,0.69,80,
NGC1563,,65.724792,-15.732639,0.49,G,0.44,74,
NGC1564,,65.753958,-15.738861,0.73,G,0.56,33,
NGC1565,,65.847708,-15.744333,1.02,G,0.89,86,
NGC1566,,65.001750,-54.937806,7.23,G,5.00,45,
NGC1567,,65.286458,-48.254778,1.53,G,1.31,159,
NGC1568,,66.105583,-0.746222,1.46,G,0.99,139,
NGC1569,,67.704417,64.847944,3.91,G,2.16,119,
NGC1570,,65.537250,-43.629556,2.15,G,1.36,180,
NGC1572,,65.678375,-40.600917,1.37,G,0.93,160,
NGC1573,,68.766625,73.262417,1.95,G,1.32,35,
NGC1574,,65.495083,-56.974750,4.13,G,2.32,2,
NGC1575,,66.585625,-10.098444,1.52,G,1.16,115,
NGC1576,,66.578417,-3.621083,1.49,G,0.88,102,
NGC1578,,65.944375,-51.599444,1.21,G,0.89,165,
NGC1579,,67.557500,35.269444,10.20,Cl+N,,,
NGC1580,,67.077000,-5.178778,1.03,G,0.66,121,
NGC1581,,66.187333,-54.942000,2.08,G,0.81,82,
NGC1582,,67.944958,43.784833,7.80,OCl,,,
NGC1583,,67.086375,-17.595444,1.04,G,0.90,95,
NGC1584,,67.042750,-17.523361,0.95,G,0.76,122,
NGC1585,,66.887542,-42.165222,0.85,G,0.63,168,
NGC1586,,67.659292,-0.304167,1.68,G,0.85,154,
NGC1587,,67.666417,0.661583,2.08,G,1.48,73,
NGC1588,,67.682375,0.664722,1.26,G,0.70,167,
NGC1589,,67.689333,0.863667,3.06,G,0.98,160,
NGC1590,,67.792583,7.630889,0.90,G,0.80,110,
NGC1591,,67.377292,-26.713111,1.39,G,0.83,29,
NGC1592,,67.417208,-27.408528,1.02,G,0.61,97,
NGC1593,,68.025500,0.567361,1.36,G,0.57,129,
NGC1594,,67.714958,-5.798278,1.67,G,1.18,89,
NGC1595,,67.090667,-47.815889,1.50,G,1.09,12,
NGC1596,,66.908792,-55.027806,3.87,G,1.02,19,
NGC1597,,67.806083,-11.290417,1.02,G,0.79,93,
NGC1598,,67.140292,-47.782556,1.40,G,0.73,133,
NGC1599,,67.911417,-4.588333,0.82,G,0.77,40,
NGC1600,,67.916417,-5.086250,3.33,G,2.02,5,
NGC1601,,67.923875,-5.060361,0.94,G,0.73,89,
NGC1602,,66.979042,-55.057722,1.87,G,0.99,88,
NGC1603,,67.958125,-5.094417,0.88,G,0.57,57,
NGC1604,,67.994042,-5.369944,1.35,G,0.78,69,
NGC1605,,68.717833,45.271389,3.30,OCl,,,
NGC1606,,68.013917,-5.032444,0.57,G,0.49,94,
NGC1607,,68.012875,-4.459944,1.33,G,0.51,66,
NGC1609,,68.187833,-4.372417,1.24,G,0.78,103,
NGC1610,,68.557792,-4.699750,1.10,G,0.70,156,
NGC1611,,68.274833,-4.297444,1.80,G,0.48,99,
NGC1612,,68.304708,-4.172417,1.36,G,0.94,138,
NGC1613,,68.355542,-4.265417,1.14,G,0.69,28,
NGC1614,,68.499375,-8.578889,1.26,G,0.95,20,
NGC1615,,69.004333,19.950333,1.36,G,0.71,107,
NGC1616,,68.173875,-43.715889,1.91,G,1.03,33,
NGC1617,,67.914708,-54.602278,5.24,G,2.50,112,
NGC1618,,69.027500,-3.148750,2.14,G,0.71,22,
NGC1620,,69.155625,-0.143611,3.48,G,0.91,23,
NGC1621,,69.104417,-4.987306,1.34,G,0.91,98,
NGC1622,,69.152667,-3.188833,2.86,G,0.52,29,
NGC1623,,68.885042,-13.556444,0.78,G,0.42,16,
NGC1624,,70.152083,50.461667,3.00,Cl+N,,,
NGC1625,,69.276083,-3.303500,2.56,G,0.57,130,
NGC1627,,69.408333,-4.887472,1.65,G,1.37,150,
NGC1628,,69.401083,-4.714833,1.91,G,0.43,6,
NGC1629,,67.403792,-71.838278,1.70,GCl,1.70,,
NGC1630,,69.314500,-18.901528,0.78,G,0.59,138,
NGC1631,,69.600708,-20.649861,1.33,G,0.89,54,
NGC1632,,69.994083,-9.456222,0.73,G,0.36,43,
NGC1633,,70.037958,7.349444,1.09,G,0.90,5,
NGC1634,,70.040750,7.338778,0.67,G,0.46,167,
NGC1635,,70.032833,-0.547528,1.53,G,1.37,175,
NGC1636,,70.167500,-8.607750,1.24,G,0.97,175,
NGC1637,,70.367417,-2.857972,3.18,G,2.74,16,
NGC1638,,70.402125,-1.809028,2.08,G,1.26,67,
NGC1639,,70.217542,-16.990861,,Other,,,
NGC1640,,70.560500,-20.434778,2.72,G,2.60,50,
NGC1641,,68.895500,-65.762889,9.60,OCl,,,
NGC1642,,70.728792,0.618583,1.66,G,1.43,151,
NGC1643,,70.933125,-5.319444,1.24,G,0.81,7,
NGC1644,,69.417042,-66.199083,1.80,GCl,1.50,150,
NGC1645,,71.026583,-5.465611,2.18,G,0.83,89,
NGC1646,,71.098333,-8.532778,1.49,G,0.81,155,
NGC1647,,71.481542,19.095111,27.00,OCl,,,
NGC1648,,71.145000,-8.478861,0.84,G,0.53,179,
NGC1649,,69.595208,-68.672917,1.50,GCl,1.50,0,
NGC1650,,71.297958,-15.870028,2.40,G,1.13,168,
NGC1651,,69.384458,-70.585861,2.70,GCl,2.70,,
NGC1653,,71.447292,-2.392833,1.79,G,1.68,175,
NGC1654,,71.451875,-2.083889,0.85,G,0.79,5,
NGC1655,,71.799583,20.923667,,Other,,,
NGC1656,,71.472458,-5.136722,1.74,G,0.96,109,
NGC1657,,71.530250,-2.077278,1.15,G,0.85,154,
NGC1658,,71.005667,-41.463417,1.02,G,0.60,125,
NGC1659,,71.624792,-4.788778,1.50,G,0.94,51,
NGC1660,,71.047542,-41.497583,1.14,G,0.62,31,
NGC1661,,71.781833,-2.054583,1.15,G,0.82,36,
NGC1662,,72.120625,10.930389,13.80,OCl,,,
NGC1663,,72.348083,13.151056,7.20,OCl,,,
NGC1664,,72.772625,43.676167,11.40,OCl,,,
NGC1665,,72.071125,-5.427611,1.79,G,1.07,56,
NGC1666,,72.136833,-6.569972,1.35,G,1.26,160,
NGC1667,,72.154750,-6.319972,1.89,G,1.47,3,
NGC1668,,71.524708,-44.733361,1.58,G,1.04,97,
NGC1669,,70.749583,-65.814333,0.73,G,0.40,101,
NGC1670,,72.427583,-2.760500,1.61,G,0.78,68,
NGC1671,,72.391792,0.252861,1.34,G,0.98,127,
NGC1672,,71.427083,-59.247194,6.14,G,5.46,95,
NGC1673,,70.665167,-69.821250,1.00,OCl,0.95,40,
NGC1674,,73.104042,23.907667,,Other,,,
NGC1675,,73.104042,23.907667,,Other,,,
NGC1676,,70.975708,-68.827583,1.10,OCl,1.00,40,
NGC1677,,72.716958,-4.892722,1.21,G,0.37,140,
NGC1678,,72.897667,-2.623139,1.28,G,0.78,76,
NGC1679,,72.477667,-31.964667,3.07,G,2.23,151,
NGC1680,,72.141708,-47.816444,1.33,G,0.54,102,
NGC1681,,72.958583,-5.803222,1.19,G,0.95,80,
NGC1682,,73.082458,-3.105861,0.98,G,0.80,120,
NGC1683,,73.073333,-3.024639,0.86,G,0.34,163,
NGC1684,,73.129792,-3.106056,2.55,G,1.66,95,
NGC1685,,73.142625,-2.949333,1.23,G,0.63,131,
NGC1686,,73.227750,-15.346472,1.85,G,0.35,27,
NGC1687,,72.839042,-33.939028,1.35,G,0.53,43,
NGC1688,,72.099125,-59.800333,2.47,G,1.67,166,
NGC1690,,73.580250,1.640361,1.07,G,0.90,85,
NGC1691,,73.659750,3.267972,1.54,G,1.47,30,
NGC1692,,73.848875,-20.571167,1.38,G,1.21,173,
NGC1693,,71.911542,-69.343639,1.10,GCl,1.00,10,
NGC1694,,73.820083,-4.652667,1.18,G,0.73,31,
NGC1695,,71.935333,-69.373750,1.40,GCl,1.30,100,
NGC1696,,72.124875,-68.242861,1.10,OCl,1.10,,
NGC1697,,72.149208,-68.558444,2.30,GCl,2.30,,
NGC1698,,72.271042,-69.115083,1.50,GCl,1.40,70,
NGC1699,,74.248458,-4.756861,1.03,G,0.74,166,
NGC1700,,74.234625,-4.865778,3.11,G,1.98,87,
NGC1701,,73.963042,-29.883444,1.24,G,0.94,136,
NGC1702,,72.365333,-69.850778,1.20,OCl,1.20,,
NGC1703,,73.217292,-59.742250,2.68,G,2.51,25,
NGC1704,,72.481083,-69.756306,1.70,OCl,1.60,70,
NGC1705,,73.556250,-53.361056,1.87,G,1.44,53,
NGC1706,,73.129250,-62.985778,1.43,G,0.97,129,
NGC1707,,74.585875,8.238361,,Other,,,
NGC1708,,75.841167,52.832083,6.00,OCl,,,
NGC1709,,74.683458,-0.478250,0.93,G,0.69,46,
NGC1710,,74.321125,-15.289000,1.61,G,1.26,19,
NGC1711,,72.650542,-69.985444,3.50,GCl,3.30,40,
NGC1712,,72.743458,-69.407500,4.00,*Ass,3.00,20,
NGC1713,,74.727542,-0.488917,1.33,G,1.10,40,
NGC1714,,73.036875,-66.923389,1.10,Cl+N,1.10,,
NGC1715,,73.043667,-66.908694,1.10,EmN,1.00,130,
NGC1716,,74.555500,-20.363583,1.32,G,1.12,20,
NGC1717,,74.631083,-0.574667,0.95,G,0.54,162,
NGC1718,,73.105792,-67.050667,1.80,OCl,1.80,,
NGC1719,,74.894292,-0.260417,1.09,G,0.38,101,
NGC1720,,74.835958,-7.858972,1.96,G,1.22,85,
NGC1721,,74.822500,-11.118722,1.58,G,0.83,130,
NGC1722,,73.002500,-69.375000,2.50,Cl+N,2.10,170,
NGC1723,,74.857875,-10.980694,3.03,G,1.88,68,
NGC1724,,75.884667,49.491778,3.00,OCl,,,
NGC1725,,74.845375,-11.132306,1.39,G,1.30,15,
NGC1726,,74.924583,-7.755250,2.90,G,1.82,1,
NGC1727,,73.053208,-69.338917,2.80,Cl+N,2.00,90,
NGC1728,,74.865542,-11.122944,1.24,G,0.80,179,
NGC1729,,75.065375,-3.352500,1.81,G,1.46,9,
NGC1730,,74.882625,-15.823639,2.28,G,0.96,100,
NGC1731,,73.383708,-66.925278,4.80,*Ass,4.50,90,
NGC1732,,73.294125,-68.650000,1.10,OCl,1.00,50,
NGC1733,,73.519792,-66.682583,1.50,OCl,1.40,20,
NGC1734,,73.389542,-68.768778,1.20,OCl,1.10,50,
NGC1735,,73.581917,-67.099556,1.80,OCl,1.50,140,
NGC1736,,73.256458,-68.053111,1.90,EmN,1.40,170,
NGC1737,,73.498792,-69.174556,1.10,HII,0.95,110,
NGC1738,,75.444583,-18.157056,1.35,G,0.81,36,
NGC1739,,75.447250,-18.166806,1.50,G,0.72,104,
NGC1740,,75.478333,-3.296333,1.79,G,1.10,68,
NGC1741,,75.409583,-4.257000,1.21,G,0.62,65,
NGC1741B,,75.400833,-4.261944,0.93,G,0.46,42,
NGC1742,,75.497208,-3.294972,,*,,,
NGC1743,,73.511125,-69.198611,0.95,Neb,0.85,130,
NGC1744,,74.990833,-26.022222,5.28,G,1.99,169,
NGC1745,,73.585917,-69.158889,1.20,Neb,1.10,90,
NGC1746,,75.959125,23.767639,18.00,OCl,,,
NGC1747,,73.795750,-67.168889,4.40,OCl,4.40,,
NGC1748,,73.608208,-69.184111,0.90,Neb,0.80,100,
NGC1749,,73.733583,-68.188667,1.50,OCl,1.30,50,
NGC1750,,76.000125,23.645778,,OCl,,,
NGC1751,,73.552417,-69.805833,1.60,GCl,1.50,60,
NGC1752,,75.539542,-8.240861,2.95,G,0.83,79,
NGC1753,,75.634750,-3.344333,1.32,G,0.42,180,
NGC1754,,73.578958,-70.442472,1.60,GCl,1.60,,
NGC1755,,73.811958,-68.204056,2.20,GCl,1.90,130,
NGC1756,,73.707625,-69.237639,1.40,GCl,1.30,130,
NGC1757,,75.664000,-4.722944,,Other,,,
NGC1758,,76.176000,23.781639,,OCl,,,
NGC1759,,75.204333,-38.673889,1.95,G,1.48,148,
NGC1760,,74.184875,-66.527333,5.10,HII,2.10,80,
NGC1761,,74.157208,-66.478861,4.20,*Ass,3.00,110,
NGC1762,,75.904292,1.573333,1.75,G,1.12,177,
NGC1763,,74.204958,-66.409083,5.20,Cl+N,3.60,70,
NGC1764,,74.115500,-67.693750,1.10,OCl,1.10,,
NGC1765,,74.600667,-62.028389,1.18,G,0.96,129,
NGC1766,,73.990000,-70.225056,1.00,OCl,0.90,30,
NGC1767,,74.113750,-69.400556,1.30,OCl,1.20,30,
NGC1768,,74.250667,-68.249444,0.65,OCl,0.55,50,
NGC1769,,74.447375,-66.469083,4.10,EmN,2.60,60,
NGC1770,,74.315458,-68.418083,4.10,Cl+N,4.10,,
NGC1771,,74.732167,-63.298222,1.95,G,0.59,134,
NGC1772,,74.219958,-69.556056,1.50,OCl,1.40,30,
NGC1773,,74.550125,-66.360111,2.70,Neb,2.10,30,
NGC1774,,74.528667,-67.242333,1.70,OCl,1.50,60,
NGC1775,,74.228250,-70.432000,1.00,OCl,0.90,80,
NGC1776,,74.665500,-66.429583,1.30,OCl,1.20,40,
NGC1777,,73.948583,-74.285361,2.40,GCl,2.40,,
NGC1778,,77.023750,37.022833,4.50,OCl,,,
NGC1779,,76.325292,-9.147139,2.67,G,1.19,112,
NGC1780,,76.586292,-19.466667,0.92,G,0.53,86,
NGC1781,,76.979292,-18.189917,1.27,G,1.10,76,
NGC1782,,74.462875,-69.392194,1.20,OCl,1.10,110,
NGC1783,,74.786708,-65.987278,5.30,GCl,4.70,60,
NGC1784,,76.362917,-11.871528,4.00,G,1.79,96,
NGC1785,,74.687333,-68.824861,2.00,*Ass,1.20,130,
NGC1786,,74.782583,-67.745222,2.00,GCl,2.00,,
NGC1787,,75.435042,-65.823306,24.00,OCl,14.00,140,
NGC1788,,76.721750,-3.340972,2.00,RfN,2.00,,
NGC1789,,74.465333,-71.901972,1.80,GCl,1.80,,
NGC1790,,77.734250,52.059806,,OCl,,,
NGC1791,,74.777000,-70.168750,1.20,OCl,1.00,30,
NGC1792,,76.310208,-37.980750,5.52,G,2.76,136,
NGC1793,,74.909208,-69.557639,1.30,OCl,1.10,130,
NGC1795,,74.945417,-69.801167,1.40,OCl,1.30,170,
NGC1796,,75.677292,-61.140056,1.93,G,0.96,101,
NGC1796A,,76.262500,-61.484444,1.28,G,0.50,151,
NGC1796B,,76.978750,-61.191111,1.12,G,0.25,25,
NGC1797,,76.937000,-8.019083,1.19,G,0.77,60,
NGC1798,,77.913833,47.695500,5.40,OCl,,,
NGC1799,,76.935917,-7.969278,1.25,G,0.57,105,
NGC1800,,76.607167,-31.954222,1.55,G,1.16,112,
NGC1801,,75.143792,-69.613750,2.20,GCl,1.90,160,
NGC1802,,77.553625,24.125139,4.80,OCl,,,
NGC1803,,76.360750,-49.567944,0.93,G,0.58,61,
NGC1804,,75.263583,-69.082583,0.95,OCl,0.85,170,
NGC1805,,75.588833,-66.112250,1.80,GCl,1.60,80,
NGC1806,,75.551542,-67.985750,2.50,GCl,2.50,,
NGC1807,,77.687625,16.512750,5.40,OCl,,,
NGC1808,,76.926417,-37.513056,5.42,G,1.83,135,
NGC1809,,75.520875,-69.568278,3.74,G,1.44,143,
NGC1810,,75.846958,-66.381806,1.20,OCl,1.10,30,
NGC1811,,77.178083,-29.275972,1.73,G,0.42,60,
NGC1812,,77.220458,-29.251250,1.27,G,0.86,7,
NGC1813,,75.667833,-70.317944,0.95,OCl,0.90,140,
NGC1814,,75.943583,-67.300667,1.20,Cl+N,1.10,10,
NGC1815,,75.613542,-70.621056,1.20,OCl,1.00,60,
NGC1816,,75.961458,-67.260750,0.90,OCl,0.75,0,
NGC1817,,78.109458,16.684083,9.30,OCl,,,
NGC1818,,76.061500,-66.434500,3.10,GCl,2.70,130,
NGC1819,,77.942250,5.200611,1.53,G,1.05,117,
NGC1820,,76.007000,-67.265944,7.00,OCl,5.40,20,
NGC1821,,77.942083,-15.134639,1.26,G,0.86,95,
NGC1822,,76.288333,-66.210556,1.20,OCl,1.00,100,
NGC1823,,75.854000,-70.335500,1.00,OCl,0.90,10,
NGC1824,,76.734167,-59.723972,2.14,G,0.83,164,
NGC1825,,76.079333,-68.926417,1.00,OCl,0.90,40,
NGC1826,,76.388708,-66.229750,1.20,OCl,1.10,60,
NGC1827,,77.519167,-36.960250,3.24,G,0.65,120,
NGC1828,,76.087000,-69.388167,1.20,OCl,1.10,170,
NGC1829,,76.250000,-68.059250,1.80,Cl+N,1.60,20,
NGC1830,,76.159458,-69.340167,1.30,OCl,1.20,60,
NGC1831,,76.569667,-64.917500,3.80,GCl,3.20,170,
NGC1832,,78.013875,-15.687806,2.46,G,0.94,13,
NGC1833,,76.102125,-70.728056,1.60,Cl+N,1.10,60,
NGC1834,,76.297417,-69.207472,0.95,OCl,0.85,100,
NGC1835,,76.277417,-69.403861,2.30,GCl,2.00,80,
NGC1836,,76.393417,-68.627889,1.50,OCl,1.40,50,
NGC1837,,76.232500,-70.714000,1.90,OCl,1.50,10,
NGC1838,,76.532833,-68.445194,1.30,OCl,1.20,20,
NGC1839,,76.509792,-68.626778,1.60,OCl,1.60,,
NGC1840,,76.329833,-71.762889,0.80,OCl,0.70,80,
NGC1841,,71.347292,-83.999056,4.00,GCl,4.00,,
NGC1842,,76.825417,-67.273167,1.50,OCl,1.50,,
NGC1843,,78.525083,-10.627028,1.80,G,1.42,123,
NGC1844,,76.877833,-67.323417,1.60,OCl,1.60,,
NGC1845,,76.437542,-70.581611,8.90,*Ass,5.60,30,
NGC1846,,76.891417,-67.461472,3.80,GCl,3.80,,
NGC1847,,76.784000,-68.971444,1.80,OCl,1.60,0,
NGC1848,,76.863167,-71.195361,2.20,OCl,2.00,140,
NGC1849,,77.395042,-66.315806,1.50,OCl,1.50,,
NGC1850,,77.186375,-68.761667,3.00,GCl,3.00,,
NGC1851,,78.528042,-40.046611,9.00,GCl,,,
NGC1852,,77.349125,-67.776250,1.90,GCl,1.90,,
NGC1853,,78.068833,-57.399028,1.53,G,0.52,39,
NGC1854,,77.332875,-68.847361,2.30,GCl,2.30,,
NGC1855,,77.320458,-68.845639,,*Ass,,,
NGC1856,,77.372375,-69.127583,2.70,GCl,2.40,90,
NGC1857,,80.023167,39.343611,4.50,OCl,,,
NGC1858,,77.466417,-68.891250,4.40,Cl+N,2.60,170,
NGC1859,,77.882458,-65.249722,1.50,OCl,1.50,,
NGC1860,,77.664625,-68.752250,1.10,OCl,1.10,,
NGC1861,,77.592250,-70.777111,1.50,OCl,1.50,,
NGC1862,,78.143917,-66.154361,0.90,OCl,0.75,10,
NGC1863,,77.914917,-68.726778,1.40,OCl,1.20,50,
NGC1864,,78.169167,-67.621250,1.10,OCl,0.95,110,
NGC1865,,78.104500,-68.771028,1.40,OCl,1.40,,
NGC1866,,78.412917,-65.465583,5.50,GCl,5.50,,
NGC1867,,78.426083,-66.291944,1.50,OCl,1.40,120,
NGC1868,,78.651250,-63.954500,2.70,GCl,2.70,90,
NGC1869,,78.484667,-67.379389,2.00,Cl+N,1.40,100,
NGC1870,,78.291250,-69.116944,1.10,GCl,1.00,10,
NGC1871,,78.465667,-67.452639,2.30,Cl+N,1.60,60,
NGC1872,,78.294875,-69.311583,1.70,GCl,1.70,,
NGC1873,,78.481958,-67.334361,2.80,Cl+N,2.20,120,
NGC1874,,78.298583,-69.376222,1.40,Cl+N,1.10,100,
NGC1875,,80.440667,6.688861,0.79,G,0.69,47,
NGC1876,,78.327625,-69.362139,1.50,Cl+N,1.50,,
NGC1877,,78.411833,-69.383778,1.10,Neb,0.60,130,
NGC1878,,78.212125,-70.471694,1.10,OCl,1.00,50,
NGC1879,,79.950958,-32.142750,2.42,G,1.67,60,
NGC1880,,78.354917,-69.379444,1.20,HII,1.00,140,
NGC1881,,78.404875,-69.299167,1.20,OCl,0.85,160,
NGC1882,,78.888875,-66.129556,1.60,OCl,1.40,20,
NGC1883,,81.475833,46.490139,5.70,OCl,,,
NGC1884,,78.991833,-66.163389,,Other,,,
NGC1885,,78.774417,-68.977556,1.40,OCl,1.20,130,
NGC1886,,80.450625,-23.810139,3.22,G,0.35,61,
NGC1887,,79.024708,-66.318556,1.50,OCl,1.50,,
NGC1888,,80.643542,-11.499528,3.32,G,1.31,148,
NGC1889,,80.647083,-11.496944,0.63,G,0.37,165,
NGC1890,,78.440958,-72.077972,1.10,OCl,1.00,70,
NGC1891,,80.434250,-35.789306,,OCl,,,
NGC1892,,79.287708,-64.959750,3.37,G,1.02,75,
NGC1893,,80.683917,33.412028,6.00,OCl,,,
NGC1894,,78.963625,-69.468528,1.40,OCl,1.20,60,
NGC1895,,79.214958,-67.329583,1.40,Neb,1.30,40,
NGC1896,,81.394500,29.260222,3.90,OCl,,,
NGC1897,,79.380333,-67.451000,1.10,OCl,1.00,170,
NGC1898,,79.176583,-69.656222,1.60,OCl,1.60,,
NGC1899,,79.452792,-67.900722,1.10,HII,1.00,20,
NGC1900,,79.789083,-63.023694,1.80,OCl,1.60,100,
NGC1901,,79.563167,-68.436306,11.10,OCl,,,
NGC1902,,79.579750,-66.627417,1.70,OCl,1.70,,
NGC1903,,79.342917,-69.335306,1.90,GCl,1.90,,
NGC1904,,81.044125,-24.524222,7.20,GCl,,,79
NGC1905,,79.598792,-67.278167,0.95,OCl,0.95,,
NGC1906,,81.196250,-15.943306,1.03,G,0.74,154,
NGC1907,,82.018958,35.325667,5.40,OCl,,,
NGC1908,,81.474167,-2.528889,,Other,,,
NGC1909,the Witch Head Nebula,76.231000,-7.265639,180.00,RfN,60.00,,
NGC1910,,79.679458,-69.231917,3.60,Cl+N,2.80,120,
NGC1911,,79.862000,-66.684250,0.60,OCl,0.60,,
NGC1912,,82.177042,35.854917,9.60,OCl,,,38
NGC1913,,79.580375,-69.536472,1.30,OCl,1.10,150,
NGC1914,,79.415667,-71.255861,1.50,Cl+N,1.20,150,
NGC1915,,79.926000,-66.821528,0.60,*Ass,0.55,140,
NGC1916,,79.651958,-69.406806,2.10,GCl,2.10,,
NGC1917,,79.758208,-68.998972,1.70,GCl,1.70,,
NGC1918,,79.779125,-69.662444,3.90,SNR,1.70,120,
NGC1919,,80.079375,-66.891139,1.40,Neb,1.20,50,
NGC1920,,80.139583,-66.778722,1.20,HII,1.10,100,
NGC1921,,79.844792,-69.787750,1.00,OCl,0.90,20,
NGC1922,,79.953833,-69.448250,1.00,OCl,0.90,30,
NGC1923,,80.391917,-65.486722,0.95,Cl+N,0.85,80,
NGC1924,,82.008042,-5.310750,1.60,G,1.15,133,
NGC1925,,80.433167,-65.793611,6.00,*Ass,6.00,,
NGC1926,,80.147625,-69.525278,1.40,GCl,1.20,120,
NGC1927,,82.179083,-8.377333,,Other,,,
NGC1928,,80.235417,-69.477944,1.30,OCl,1.30,,
NGC1929,,80.400125,-67.912056,1.20,OCl,1.10,90,
NGC1930,,81.486667,-46.728472,1.97,G,1.18,36,
NGC1931,,82.855625,34.246556,4.80,Cl+N,,,
NGC1932,,80.571833,-66.154333,,*,,,
NGC1933,,80.613833,-66.152167,1.30,OCl,1.30,,
NGC1934,,80.449542,-67.937167,1.90,Cl+N,1.30,150,
NGC1935,,80.494625,-67.957389,1.20,HII,1.20,,
NGC1936,,80.558167,-67.978306,1.00,EmN,1.00,,
NGC1937,,80.621500,-67.894667,3.20,*Ass,2.00,70,
NGC1938,,80.352958,-69.939389,0.90,GCl,0.80,90,
NGC1939,,80.360875,-69.949750,1.40,GCl,1.30,80,
NGC1940,,80.682250,-67.186556,1.20,GCl,1.20,,
NGC1941,,80.782083,-66.378639,0.90,Cl+N,0.80,100,
NGC1942,,81.185583,-63.942111,1.90,OCl,1.90,,
NGC1943,,80.619750,-70.154861,1.10,GCl,1.00,140,
NGC1944,,80.489292,-72.494083,2.70,GCl,2.70,,
NGC1945,,81.229000,-66.457472,10.00,EmN,6.00,60,
NGC1946,,81.318250,-66.394556,1.00,OCl,0.90,130,
NGC1947,,81.698375,-63.760028,3.48,G,3.18,89,
NGC1948,,81.442667,-66.266806,7.00,Cl+N,5.70,30,
NGC1949,,81.270125,-68.472528,0.95,Neb,0.90,100,
NGC1950,,81.137458,-69.902306,1.70,OCl,1.70,,
NGC1951,,81.528417,-66.597250,1.70,OCl,1.50,20,
NGC1952,Crab Nebula,83.633208,22.014472,8.00,SNR,4.00,,1
NGC1953,,81.365875,-68.838306,1.20,GCl,1.20,,
NGC1954,,83.201375,-14.062778,3.62,G,1.86,149,
NGC1955,,81.541500,-67.497389,4.00,HII,3.60,20,
NGC1956,,79.897167,-77.728667,1.75,G,0.95,64,
NGC1957,,83.230000,-14.133139,0.87,G,0.82,65,
NGC1958,,81.377167,-69.836778,1.50,GCl,1.50,,
NGC1959,,81.402625,-69.926917,1.60,OCl,1.60,,
NGC1960,,84.073917,34.140750,7.20,OCl,,,36
NGC1961,,85.519375,69.378444,4.42,G,3.10,85,
NGC1962,,81.573875,-68.837639,1.40,OCl,1.40,,
NGC1963,,83.070125,-36.398639,6.30,OCl,,,
NGC1964,,83.340667,-21.945778,5.16,G,2.33,31,
NGC1965,,81.630250,-68.805472,1.20,OCl,1.10,,
NGC1966,,81.691000,-68.819861,1.10,OCl,1.00,30,
NGC1967,,81.680458,-69.101528,0.95,OCl,0.90,100,
NGC1968,,81.842125,-67.463833,5.00,*Ass,2.70,70,
NGC1969,,81.634833,-69.841361,1.20,OCl,1.20,,
NGC1970,,81.719458,-68.836667,1.50,OCl,1.50,,
NGC1971,,81.688500,-69.851611,1.10,OCl,0.95,0,
NGC1972,,81.697333,-69.838333,0.90,OCl,0.80,100,
NGC1973,,83.769917,-4.731778,5.00,Neb,5.00,,
NGC1974,,81.995917,-67.424139,1.60,OCl,1.60,,
NGC1975,,83.824500,-4.685222,10.00,Neb,5.00,,
NGC1976,Great Orion Nebula,83.818667,-5.389667,90.00,Cl+N,60.00,,42
NGC1977,the Running Man Nebula,83.815833,-4.844333,10.20,Cl+N,,,
NGC1978,,82.188042,-66.235917,4.00,GCl,2.70,160,
NGC1979,,83.504625,-23.310083,1.88,G,1.81,145,
NGC1980,Lower Sword,83.858292,-5.909889,9.30,Cl+N,,,
NGC1981,Upper Sword,83.789958,-4.425056,9.00,Cl+N,,,
NGC1982,Mairan's Nebula,83.880750,-5.267472,20.00,HII,15.00,,43
NGC1983,,81.934375,-68.986056,4.00,OCl,3.00,150,
NGC1984,,81.920458,-69.134333,1.50,OCl,1.20,60,
NGC1985,,84.449208,31.988833,0.68,RfN,0.68,,
NGC1986,,81.908667,-69.973639,2.80,GCl,2.40,140,
NGC1987,,81.821458,-70.737361,1.70,GCl,1.70,90,
NGC1988,,84.360375,21.218250,,*,,,
NGC1989,,83.597583,-30.801056,1.72,G,1.18,93,
NGC1990,Alnilam,84.053417,-1.201917,,*,,,
NGC1992,,83.632375,-30.897000,1.22,G,0.69,51,
NGC1993,,83.856542,-17.815306,1.58,G,0.87,77,
NGC1994,,82.090708,-69.141833,1.60,OCl,1.50,170,
NGC1995,,83.263917,-48.675139,,**,,,
NGC1996,,84.578667,25.823167,6.00,OCl,,,
NGC1997,,82.644583,-63.199528,1.80,OCl,1.80,,
NGC1998,,83.315667,-48.695611,0.95,G,0.47,16,
NGC1999,,84.105625,-6.715861,2.00,RfN,2.00,,
NGC2000,,81.871833,-71.879389,1.60,OCl,1.50,150,
NGC2001,,82.258583,-68.769278,7.30,*Ass,3.60,40,
NGC2002,,82.586250,-66.885000,1.90,GCl,1.70,20,
NGC2003,,82.730000,-66.466556,1.70,GCl,1.40,70,
NGC2004,,82.678125,-67.286444,3.00,GCl,2.80,90,
NGC2005,,82.545208,-69.752417,1.60,GCl,1.60,,
NGC2006,,82.837500,-66.965278,1.60,*Ass,1.40,140,
NGC2007,,83.746542,-50.921694,1.53,G,0.51,81,
NGC2008,,83.765875,-50.966778,1.23,G,0.62,95,
NGC2009,,82.746500,-69.181667,1.40,OCl,1.20,10,
NGC2010,,82.645542,-70.819667,1.90,OCl,1.70,170,
NGC2011,,83.084208,-67.523139,1.00,OCl,1.00,,
NGC2012,,80.647292,-79.851806,1.29,G,0.76,113,
NGC2013,,86.006958,55.793583,,OCl,,,
NGC2014,,83.082792,-67.689833,5.10,Neb,3.50,60,
NGC2015,,83.027042,-69.243028,4.70,*Ass,4.00,110,
NGC2016,,82.911750,-69.945861,1.80,OCl,1.80,,
NGC2017,,84.817958,-17.848500,5.00,OCl,,,
NGC2018,,82.853708,-71.069056,2.80,HII,1.70,170,
NGC2019,,82.986083,-70.159583,1.50,GCl,1.50,,
NGC2020,,83.302458,-67.715889,3.20,EmN,2.90,50,
NGC2021,,83.377792,-67.452889,0.90,OCl,0.90,,
NGC2022,,85.525875,9.086528,0.32,PN,,,
NGC2023,,85.409958,-2.259028,10.00,RfN,8.00,,
NGC2024,,85.427375,-1.856278,30.00,Neb,30.00,,
NGC2025,,83.140167,-71.715500,1.90,OCl,1.90,,
NGC2026,,85.792292,20.138889,4.20,OCl,,,
NGC2027,,83.748792,-66.916306,4.60,OCl,2.80,100,
NGC2028,,83.452375,-69.951806,1.10,OCl,1.00,60,
NGC2029,,83.919417,-66.035000,1.10,OCl,0.85,60,
NGC2030,,83.748917,-67.556361,1.70,HII,1.70,,
NGC2031,,83.424250,-70.986778,3.30,GCl,2.80,150,
NGC2032,,83.835917,-67.568444,2.80,HII,1.40,30,
NGC2033,,83.627917,-69.780139,5.90,*Ass,4.60,10,
NGC2034,,83.886542,-66.903639,4.50,*Ass,3.20,,
NGC2035,,83.880000,-67.584167,1.80,Neb,1.30,20,
NGC2036,,83.630792,-70.064361,1.60,OCl,1.60,,
NGC2037,,83.752625,-69.731583,2.90,OCl,1.30,170,
NGC2038,,83.676125,-70.562944,1.60,OCl,1.50,120,
NGC2039,,86.003792,8.691056,,Other,,,
NGC2040,,84.024708,-67.568556,2.10,Neb,1.70,160,
NGC2041,,84.116875,-66.989778,2.60,GCl,2.60,,
NGC2042,,84.039917,-68.923444,4.50,OCl,4.50,,
NGC2043,,83.988250,-70.074417,0.65,OCl,0.55,120,
NGC2044,,84.025750,-69.198667,5.50,*Ass,4.50,100,
NGC2045,,86.255417,12.888361,,*,,,
NGC2046,,83.906375,-70.240694,1.10,OCl,1.00,110,
NGC2047,,83.970792,-70.192667,0.95,OCl,0.90,90,
NGC2048,,83.981625,-69.648528,1.40,EmN,1.00,100,
NGC2049,,85.813792,-30.078389,2.14,G,0.97,167,
NGC2050,,84.161750,-69.383528,3.00,*Ass,2.40,70,
NGC2051,,84.030583,-71.011389,1.50,OCl,1.50,,
NGC2052,,84.296042,-69.774194,18.00,Neb,12.00,,
NGC2053,,84.415417,-67.412917,1.50,OCl,1.30,10,
NGC2054,,86.314083,-10.083139,,Other,,,
NGC2055,,84.186375,-69.498639,1.90,*Ass,1.30,120,
NGC2056,,84.141542,-70.671889,1.50,OCl,1.50,,
NGC2057,,84.229750,-70.268944,1.30,OCl,1.20,20,
NGC2058,,84.225917,-70.162250,2.10,OCl,2.10,,
NGC2059,,84.252292,-70.129028,1.10,OCl,1.00,170,
NGC2060,,84.445417,-69.171667,2.20,SNR,2.00,160,
NGC2061,,85.674042,-34.009528,,OCl,,,
NGC2062,,85.011250,-66.875750,1.20,OCl,1.10,20,
NGC2063,,86.679292,8.781111,,Other,,,
NGC2064,,86.576625,0.005944,10.00,RfN,10.00,,
NGC2065,,84.410083,-70.236472,2.30,OCl,2.30,,
NGC2066,,84.429667,-70.166556,1.00,OCl,0.90,140,
NGC2067,,86.632833,0.131250,8.00,RfN,3.00,,
NGC2068,,86.690917,0.079306,4.50,RfN,,,78
NGC2069,,84.693500,-68.974389,5.00,Neb,2.20,30,
NGC2070,30 Dor Cluster,84.676500,-69.100889,16.00,HII,16.00,,
NGC2071,,86.780250,0.294250,7.00,Cl+N,5.00,,
NGC2072,,84.601625,-70.234056,1.00,OCl,0.90,110,
NGC2073,,86.474625,-21.999139,1.44,G,1.38,110,
NGC2074,,84.764917,-69.498111,4.00,Cl+N,3.40,50,
NGC2075,,84.588958,-70.685028,2.20,Cl+N,1.80,30,
NGC2076,,86.697750,-16.782611,2.52,G,1.50,44,
NGC2077,,84.900083,-69.657111,1.30,Neb,1.30,,
NGC2078,,84.914375,-69.743167,1.20,EmN,1.10,0,
NGC2079,,84.906667,-69.757194,1.10,HII,0.95,160,
NGC2080,,84.940917,-69.644111,1.70,HII,1.50,130,
NGC2081,,84.997458,-69.405889,8.50,Cl+N,6.00,70,
NGC2082,,85.463000,-64.301139,2.06,G,1.86,50,
NGC2083,,84.996750,-69.737583,2.00,Neb,1.80,70,
NGC2084,,85.029167,-69.759417,1.70,Neb,1.20,40,
NGC2085,,85.040958,-69.672806,0.95,Neb,0.95,,
NGC2086,,85.053667,-69.667861,0.85,Neb,0.80,70,
NGC2087,,86.066792,-55.532444,0.81,G,0.59,133,
NGC2088,,85.249208,-68.465361,1.50,OCl,1.40,10,
NGC2089,,86.964292,-17.602389,2.20,G,1.08,42,
NGC2090,,86.757875,-34.250611,4.47,G,1.67,17,
NGC2091,,85.241833,-69.437083,1.30,OCl,1.20,80,
NGC2092,,85.341667,-69.224222,1.00,OCl,0.90,90,
NGC2093,,85.457250,-68.921417,1.50,*Ass,1.30,170,
NGC2094,,85.536875,-68.363778,0.85,OCl,0.75,10,
NGC2095,,85.650667,-67.318889,1.50,OCl,1.40,140,
NGC2096,,85.574167,-68.458611,1.10,OCl,0.90,160,
NGC2097,,86.066750,-62.785611,1.90,GCl,1.90,,
NGC2098,,85.629292,-68.273167,2.20,OCl,2.00,140,
NGC2099,,88.076458,32.553000,11.40,OCl,,,37
NGC2100,,85.537792,-69.211833,2.50,GCl,2.50,,
NGC2101,,86.600708,-52.088528,1.24,G,0.65,94,
NGC2102,,85.585375,-69.487083,0.85,OCl,0.85,,
NGC2103,,85.418125,-71.333139,4.00,HII,3.50,40,
NGC2104,,86.769708,-51.552917,2.12,G,0.91,162,
NGC2105,,86.079917,-66.917611,1.70,GCl,1.50,160,
NGC2106,,87.694292,-21.567250,2.43,G,1.22,106,
NGC2107,,85.803667,-70.639944,1.70,OCl,1.70,,
NGC2108,,85.986958,-69.182111,1.80,GCl,1.80,,
NGC2109,,86.095500,-68.547806,1.60,OCl,1.60,,
NGC2110,,88.047417,-7.456222,1.83,G,1.45,175,
NGC2111,,86.137458,-70.993250,1.50,OCl,1.40,60,
NGC2112,,88.438375,0.410806,21.00,OCl,,,
NGC2113,,86.352375,-69.774167,1.10,Cl+N,1.10,,
NGC2114,,86.550458,-68.048306,1.40,OCl,1.20,30,
NGC2115,,87.836250,-50.587500,1.33,GPair,,,
NGC2115A,,87.832583,-50.582861,1.21,G,1.06,59,
NGC2115B,,87.838375,-50.592500,0.57,G,0.47,43,
NGC2116,,86.813167,-68.507944,1.20,OCl,1.10,160,
NGC2117,,86.941333,-67.450167,2.00,OCl,1.80,90,
NGC2118,,86.914875,-69.131833,1.60,OCl,1.60,,
NGC2119,,89.362292,11.949194,1.26,G,0.99,145,
NGC2120,,87.644208,-63.677611,2.20,GCl,2.20,,
NGC2121,,87.053500,-71.479778,2.70,GCl,2.20,30,
NGC2122,,87.218792,-70.070083,6.00,Cl+N,5.00,50,
NGC2123,,87.930500,-65.321472,1.50,GCl,1.50,,
NGC2124,,89.467625,-20.084639,2.84,G,0.81,4,
NGC2125,,87.725958,-69.479139,1.10,OCl,1.10,,
NGC2126,,90.637417,49.865917,5.40,OCl,,,
NGC2127,,87.838667,-69.359056,1.50,OCl,1.50,,
NGC2128,,91.142625,57.627750,1.44,G,1.01,63,
NGC2129,,90.277250,23.322167,3.90,OCl,,,
NGC2130,,88.098833,-67.334111,1.40,GCl,1.30,160,
NGC2131,,89.698000,-26.653000,1.16,G,0.49,119,
NGC2132,,88.934667,-59.927722,7.80,OCl,,,
NGC2133,,87.869667,-71.175028,1.60,OCl,1.60,,
NGC2134,,87.990417,-71.097583,2.80,GCl,2.80,,
NGC2135,,88.397625,-67.429528,1.50,GCl,1.50,,
NGC2136,,88.240625,-69.492750,2.80,GCl,2.50,140,
NGC2137,,88.304792,-69.481972,1.10,OCl,1.00,30,
NGC2138,,88.709083,-65.837111,1.20,GCl,1.20,,
NGC2139,,90.282542,-23.672639,2.94,G,2.16,124,
NGC2140,,88.567417,-68.599833,1.50,OCl,1.50,,
NGC2141,,90.729417,10.446472,5.40,OCl,,,
NGC2142,,90.460125,-10.597944,,*,,,
NGC2143,,90.756500,5.831278,6.90,OCl,,,
NGC2144,,85.238292,-82.119389,1.46,G,1.15,86,
NGC2145,,88.596083,-70.901028,1.50,OCl,1.50,,
NGC2146,,94.657125,78.357028,5.31,G,4.32,123,
NGC2146A,,95.980000,78.530111,2.72,G,1.10,32,
NGC2147,,88.940000,-68.201583,0.95,OCl,0.95,,
NGC2148,,89.691042,-59.125944,1.17,G,0.82,157,
NGC2149,,90.878292,-9.730583,3.00,RfN,2.00,,
NGC2150,,88.943083,-69.560806,1.15,G,0.61,130,
NGC2151,,89.085167,-69.017361,1.30,OCl,1.30,,
NGC2152,,90.230375,-50.740917,1.12,G,0.77,71,
NGC2153,,89.465500,-66.400667,1.50,GCl,1.50,,
NGC2154,,89.406208,-67.263778,2.40,GCl,2.40,,
NGC2155,,89.638375,-65.476472,2.40,GCl,2.40,,
NGC2156,,89.457000,-68.460806,2.10,GCl,2.10,,
NGC2157,,89.394917,-69.197222,2.80,GCl,2.80,,
NGC2158,,91.856708,24.096167,8.40,OCl,,,
NGC2159,,89.516167,-68.622917,1.90,GCl,1.90,,
NGC2160,,89.553500,-68.289583,1.40,OCl,1.40,,
NGC2161,,88.929417,-74.353944,2.30,GCl,2.30,,
NGC2162,,90.125708,-63.721444,3.00,GCl,3.00,,
NGC2163,,91.956417,18.657444,3.00,RfN,2.00,,
NGC2164,,89.734417,-68.515889,2.80,GCl,2.80,,
NGC2165,,92.767542,51.677306,,OCl,,,
NGC2166,,89.892250,-67.942333,1.40,OCl,1.40,,
NGC2167,,91.744000,-6.202639,,*,,,
NGC2168,,92.271083,24.338639,24.00,OCl,,,35
NGC2169,,92.101458,13.964861,7.20,OCl,,,
NGC2170,,91.882583,-6.399306,2.00,RfN,2.00,,
NGC2171,,89.748500,-70.719111,,Other,,,
NGC2172,,90.024333,-68.636917,1.70,OCl,1.70,,
NGC2173,,89.495333,-72.974528,2.60,GCl,2.60,,
NGC2174,Monkey Head Nebula,92.348417,20.659583,40.00,Neb,30.00,,
NGC2175,,92.414792,20.487583,5.40,Cl+N,,,
NGC2176,,90.330750,-66.853250,1.10,OCl,1.00,20,
NGC2177,,90.318708,-67.733250,1.50,OCl,1.40,160,
NGC2178,,90.698250,-63.763694,1.27,G,1.00,73,
NGC2179,,92.009250,-21.746694,1.99,G,1.44,165,
NGC2180,,92.401042,4.711611,4.20,OCl,,,
NGC2181,,90.681917,-65.264861,1.50,GCl,1.50,,
NGC2182,,92.378958,-6.326444,3.00,RfN,2.00,,
NGC2183,,92.695542,-6.211833,12.00,HII,,,
NGC2184,,92.748625,-3.495167,6.60,OCl,,,
NGC2185,,92.751958,-6.226861,2.00,Neb,2.00,,
NGC2186,,93.029708,5.458583,4.20,OCl,,,
NGC2187,,90.952083,-69.583333,3.33,GPair,,,
NGC2187A,,90.934375,-69.588306,3.52,G,1.66,75,
NGC2187B,,90.968417,-69.577444,2.67,G,2.18,87,
NGC2188,,92.539708,-34.106194,5.42,G,1.33,177,
NGC2189,,93.041625,1.065972,,Other,,,
NGC2190,,90.257458,-74.725417,2.20,GCl,2.20,,
NGC2191,,92.099458,-52.512306,1.77,G,0.86,122,
NGC2192,,93.822625,39.855222,5.40,OCl,,,
NGC2193,,91.573000,-65.098778,1.70,GCl,1.70,,
NGC2194,,93.441292,12.806667,8.70,OCl,,,
NGC2195,,93.640875,17.639389,,**,,,
NGC2196,,93.040208,-21.805944,2.77,G,2.16,45,
NGC2197,,91.530458,-67.097222,1.80,GCl,1.60,80,
NGC2198,,93.478792,0.994667,,Other,,,
NGC2199,,91.187292,-73.399833,2.21,G,0.88,38,
NGC2200,,93.323250,-43.663167,1.21,G,0.94,168,
NGC2201,,93.381708,-43.704722,1.03,G,0.72,111,
NGC2202,,94.211458,5.996167,4.80,OCl,,,
NGC2203,,91.177292,-75.438417,3.20,GCl,3.20,,
NGC2204,,93.884250,-18.665861,6.30,OCl,,,
NGC2205,,92.636375,-62.538417,1.30,G,0.99,77,
NGC2206,,93.999333,-26.765472,2.45,G,1.07,136,
NGC2207,,94.091792,-21.372667,4.86,G,2.71,116,
NGC2208,,95.644500,51.909472,1.73,G,1.00,107,
NGC2209,,92.149625,-73.838417,2.90,GCl,2.90,,
NGC2210,,92.880667,-69.121389,3.30,GCl,3.30,,
NGC2211,,94.626500,-18.537278,1.39,G,0.73,24,
NGC2212,,94.649000,-18.519472,1.28,G,0.69,147,
NGC2213,,92.674750,-71.528444,2.10,OCl,2.10,,
NGC2214,,93.237208,-68.260722,3.10,OCl,3.10,,
NGC2215,,95.205208,-7.283778,8.40,OCl,,,
NGC2216,,95.378083,-22.087444,1.43,G,1.11,20,
NGC2217,,95.415750,-27.233750,4.63,G,4.12,113,
NGC2218,,96.172875,19.341306,,Other,,,
NGC2219,,95.934667,-4.677278,4.20,OCl,,,
NGC2220,,95.294833,-44.759778,4.20,Other,,,
NGC2221,,95.065500,-57.578417,2.41,G,0.51,179,
NGC2222,,95.071083,-57.534472,1.35,G,0.38,148,
NGC2223,,96.149625,-22.838250,2.82,G,2.25,9,
NGC2224,,96.869125,12.593389,,Other,,,
NGC2225,,96.643708,-9.630750,3.60,OCl,,,
NGC2226,,96.656583,-9.642778,,OCl,,,
NGC2227,,96.491583,-22.004833,2.27,G,1.21,21,
NGC2228,,95.314750,-64.458833,0.99,G,0.84,42,
NGC2229,,95.348667,-64.956667,1.24,G,0.52,132,
NGC2230,,95.364833,-64.992778,1.32,G,0.65,93,
NGC2231,,95.179042,-67.518500,2.10,GCl,2.10,,
NGC2232,,97.004708,-4.847444,9.90,OCl,,,
NGC2233,,95.416917,-65.033361,0.98,G,0.37,43,
NGC2234,,97.340333,16.722861,4.20,OCl,,,
NGC2235,,95.591292,-64.934417,1.41,G,1.15,57,
NGC2236,,97.415417,6.830694,5.40,OCl,,,
NGC2237,Rosette A,97.727542,5.049167,80.00,Neb,50.00,,
NGC2238,Rosette Nebula,97.668208,5.013056,80.00,HII,60.00,,
NGC2239,,97.981500,4.942944,9.30,Cl+N,,,
NGC2240,,98.293958,35.250194,3.60,OCl,,,
NGC2241,,95.714000,-68.925389,1.60,OCl,1.60,,
NGC2242,,98.530167,44.777028,0.45,PN,,,
NGC2243,,97.393667,-31.281333,5.10,OCl,,,
NGC2245,,98.171875,10.156639,2.00,RfN,2.00,,
NGC2246,Rosette B,98.140833,5.128278,10.00,Neb,10.00,90,
NGC2247,,98.271667,10.322250,2.00,RfN,2.00,,
NGC2248,,98.648958,26.304444,,Other,,,
NGC2249,,96.456542,-68.919778,2.30,GCl,2.30,,
NGC2250,,98.457833,-5.084444,5.10,OCl,,,
NGC2251,,98.660333,8.366389,5.70,OCl,,,
NGC2252,,98.679042,5.366250,6.60,OCl,,,
NGC2253,,100.924333,65.206278,1.43,G,1.05,130,
NGC2254,,98.956917,7.673278,4.20,OCl,,,
NGC2255,,98.494292,-34.812583,1.47,G,0.78,159,
NGC2256,,101.808208,74.236528,2.17,G,1.97,65,
NGC2257,,97.557750,-64.325611,4.00,GCl,4.00,,
NGC2258,,101.940833,74.481667,3.02,G,1.91,150,
NGC2259,,99.589333,10.883611,6.00,OCl,,,
NGC2260,,99.512792,-1.472833,,OCl,,,
NGC2261,Hubble's Nebula,99.789625,8.744333,2.00,RfN,1.00,,
NGC2262,,99.908667,1.143639,3.90,OCl,,,
NGC2263,,99.620167,-24.848694,2.86,G,1.77,144,
NGC2264,Christmas Tree Cluster,100.242708,9.895472,11.40,Cl+N,,,
NGC2265,,100.423500,11.904639,4.50,OCl,,,
NGC2266,,100.830042,26.969556,4.20,OCl,,,
NGC2267,,100.215417,-32.482278,1.71,G,1.44,110,
NGC2268,,108.572667,84.382278,2.14,G,0.93,73,
NGC2269,,100.821167,4.624306,4.80,OCl,,,
NGC2270,,100.990667,3.478500,5.40,OCl,,,
NGC2271,,100.720792,-23.476000,1.77,G,1.29,78,
NGC2272,,100.672083,-27.459500,2.19,G,1.54,118,
NGC2273,,102.536083,60.845806,2.29,G,1.39,63,
NGC2273A,,100.029542,60.080667,2.00,G,1.19,119,
NGC2273B,,101.631583,60.340389,1.48,G,0.61,47,
NGC2274,,101.822375,33.567194,1.78,G,1.77,170,
NGC2275,,101.824708,33.599222,2.51,G,0.78,3,
NGC2276,,111.809833,85.754556,2.23,G,1.73,19,
NGC2277,,101.945958,33.451278,,Other,,,
NGC2278,,102.068417,33.394306,,**,,,
NGC2279,,102.103542,33.415250,,Other,,,
NGC2280,,101.204625,-27.638611,6.53,G,2.84,164,
NGC2281,,102.074333,41.078861,10.80,OCl,,,
NGC2282,,101.714875,1.316000,3.00,HII,3.00,,
NGC2283,,101.469542,-18.210333,2.76,G,2.01,178,
NGC2284,,102.289833,33.193806,,Other,,,
NGC2285,,102.400083,33.364667,,**,,,
NGC2286,,101.917375,-3.147667,5.40,OCl,,,
NGC2287,,101.499750,-20.754222,12.00,OCl,,,41
NGC2288,,102.716500,33.462444,0.17,G,0.17,105,
NGC2289,,102.723375,33.478667,1.21,G,0.81,110,
NGC2290,,102.737167,33.437583,0.81,G,0.52,57,
NGC2291,,102.744333,33.525083,0.93,G,0.89,165,
NGC2292,,101.915208,-26.746250,4.34,G,3.78,154,
NGC2293,,101.928792,-26.754361,4.41,G,3.44,130,
NGC2294,,102.797083,33.527111,0.91,G,0.33,5,
NGC2295,,101.847583,-26.736250,2.31,G,0.64,49,
NGC2296,,102.162958,-16.901611,1.20,G,0.96,20,
NGC2297,,101.102458,-63.717333,1.48,G,0.90,4,
NGC2298,,102.246667,-36.005306,4.80,GCl,,,
NGC2299,,102.973667,-7.082722,4.80,OCl,,,
NGC2300,,113.083208,85.709500,3.05,G,2.34,74,
NGC2301,Great Bird Cluster,102.938750,0.459194,10.20,OCl,,,
NGC2303,,104.072917,45.492750,1.53,G,1.36,71,
NGC2304,,103.798375,17.992778,4.80,OCl,,,
NGC2305,,102.155708,-64.273194,1.94,G,1.04,137,
NGC2306,,103.623167,-7.204139,6.60,OCl,,,
NGC2307,,102.211625,-64.335528,1.85,G,1.72,145,
NGC2308,,104.656625,45.210556,1.47,G,0.98,171,
NGC2309,,104.015042,-7.174306,5.40,OCl,,,
NGC2310,,103.474833,-40.862611,4.52,G,0.95,46,
NGC2311,,104.448125,-4.611333,6.00,OCl,,,
NGC2312,,104.694750,10.294472,3.00,OCl,,,
NGC2313,,104.511667,-7.945028,,*,,,
NGC2314,,107.635625,75.326667,1.32,G,1.03,17,
NGC2315,,105.637750,50.590583,1.57,G,0.30,116,
NGC2316,,104.920208,-7.777750,4.00,Neb,3.00,,
NGC2317,,104.923292,-7.774500,,Neb,,,
NGC2318,,104.862583,-13.698389,4.50,OCl,,,
NGC2319,,105.134208,3.042194,6.00,OCl,,,
NGC2320,,106.425125,50.581056,1.48,G,0.83,138,
NGC2321,,106.495833,50.756028,1.28,G,1.04,128,
NGC2322,,106.501250,50.510306,1.11,G,0.41,134,
NGC2323,,105.668625,-8.364028,14.10,OCl,,,50
NGC2324,,106.033167,1.044611,8.70,OCl,,,
NGC2325,,105.668333,-28.697222,3.97,G,2.31,4,
NGC2326,,107.045917,50.681944,2.05,G,1.69,105,
NGC2326A,,107.142542,50.631389,0.81,G,0.64,6,
NGC2327,,106.030083,-11.314111,1.00,RfN,1.00,,
NGC2328,,105.650833,-42.068556,1.59,G,1.44,120,
NGC2329,,107.283375,48.615417,1.41,G,1.17,175,
NGC2330,,107.368333,50.152528,0.65,G,0.52,55,
NGC2331,,106.749292,27.261583,4.80,OCl,,,
NGC2332,,107.392333,50.182278,1.72,G,1.17,65,
NGC2333,,107.088917,35.170028,1.00,G,0.70,38,
NGC2334,,107.890208,50.248250,1.20,G,0.87,70,
NGC2335,,106.706042,-10.028639,8.70,OCl,,,
NGC2336,,111.766875,80.178083,5.01,G,2.81,175,
NGC2337,,107.556583,44.457306,2.18,G,1.61,114,
NGC2338,,106.947375,-5.719722,3.30,OCl,,,
NGC2339,,107.085583,18.780250,2.42,G,1.53,180,
NGC2340,,107.795125,50.174750,3.16,G,1.64,71,
NGC2341,,107.300167,20.602917,0.82,G,0.79,60,
NGC2342,,107.325333,20.635972,1.17,G,0.84,66,
NGC2343,,107.028333,-10.616806,7.50,OCl,,,
NGC2344,,108.119417,47.166694,2.07,G,1.87,145,
NGC2345,,107.078292,-13.193750,6.90,OCl,,,
NGC2346,,107.345875,-0.809139,0.87,PN,,,
NGC2347,,109.015375,64.708917,1.64,G,1.19,5,
NGC2348,,105.760500,-67.393944,5.70,OCl,,,
NGC2349,,107.700625,-8.593250,5.10,OCl,,,
NGC2350,,108.300792,12.266083,1.38,G,0.70,110,
NGC2351,,108.383458,-10.491417,3.00,OCl,,,
NGC2352,,108.272667,-24.046083,4.80,OCl,,,
NGC2353,,108.626292,-10.265861,6.60,OCl,,,
NGC2354,,108.521958,-25.688917,4.80,OCl,,,
NGC2355,,109.246917,13.749861,6.00,OCl,,,
NGC2357,,109.420792,23.356750,3.22,G,0.48,120,
NGC2358,,109.234708,-17.117083,9.60,OCl,,,
NGC2359,,109.629083,-13.227194,10.00,HII,5.00,,
NGC2360,Caroline's Cluster,109.429667,-15.641306,9.00,OCl,,,
NGC2361,,109.599167,-13.209556,,Neb,,,
NGC2362,,109.672792,-24.954194,7.20,OCl,,,
NGC2363,,112.123292,69.192861,1.13,G,0.64,17,
NGC2364,,110.193625,-7.549722,,OCl,,,
NGC2365,,110.593958,22.083278,2.75,G,1.47,170,
NGC2366,,112.227750,69.215778,4.37,G,1.44,31,
NGC2367,,110.018917,-21.884083,5.40,OCl,,,
NGC2368,,110.276250,-10.371778,4.50,OCl,,,
NGC2369,,109.157208,-62.343722,3.03,G,0.68,175,
NGC2369A,,109.681417,-62.936278,2.01,G,1.21,37,
NGC2369B,,110.123458,-62.053972,1.48,G,1.24,3,
NGC2370,,111.256917,23.783222,1.20,G,0.70,44,
NGC2371,,111.394417,29.490639,2.20,PN,0.96,125,
NGC2373,,111.653958,33.823694,0.59,G,0.42,176,
NGC2374,,110.983625,-13.263361,9.00,OCl,,,
NGC2375,,111.789500,33.831806,1.00,G,0.80,65,
NGC2376,,111.649625,23.072944,0.65,G,0.57,31,
NGC2377,,111.236750,-9.659306,1.60,G,1.11,3,
NGC2378,,111.850833,33.831583,,**,,,
NGC2379,,111.859417,33.811250,0.98,G,0.70,121,
NGC2380,,110.978125,-27.529056,2.52,G,2.40,150,
NGC2381,,109.988792,-63.067028,1.53,G,1.24,107,
NGC2383,,111.166250,-20.947639,4.20,OCl,,,
NGC2384,,111.290958,-21.019861,4.80,OCl,,,
NGC2385,,112.116958,33.837806,0.94,G,0.68,53,
NGC2386,,112.158000,33.773806,,Other,,,
NGC2387,,112.241375,36.879806,0.48,G,0.44,145,
NGC2388,,112.222667,33.819083,0.87,G,0.56,66,
NGC2389,,112.269375,33.860972,1.56,G,0.89,79,
NGC2390,,112.267792,33.836806,,*,,,
NGC2391,,112.281208,33.825944,,*,,,
NGC2392,Eskimo Nebula,112.294833,20.911833,0.86,PN,,,
NGC2393,,112.519292,34.027778,1.07,G,0.67,103,
NGC2394,,112.152125,7.086556,,OCl,,,
NGC2395,,111.803542,13.608194,4.62,OCl,,,
NGC2396,,112.012167,-11.719667,6.60,OCl,,,
NGC2397,,110.333250,-69.001472,2.51,G,0.76,116,
NGC2397A,,110.282958,-69.115333,1.10,G,0.84,169,
NGC2397B,,110.481542,-68.845806,1.20,G,0.57,99,
NGC2398,,112.567333,24.487889,1.20,G,0.74,126,
NGC2399,,112.459042,-0.214361,,Other,,,
NGC2400,,112.478583,-0.214722,,Other,,,
NGC2401,,112.351667,-13.966222,2.70,OCl,,,
NGC2402,,112.696667,9.650556,1.50,GPair,,,
NGC2402 NED01,,112.694083,9.646889,1.23,G,0.72,55,
NGC2402 NED02,,112.699167,9.653611,0.91,G,0.68,16,
NGC2403,,114.214167,65.602556,19.95,G,10.07,126,
NGC2404,,114.278042,65.610806,,HII,,,
NGC2405,,113.058250,25.906389,0.94,G,0.55,100,
NGC2406,,112.948917,18.287917,0.69,G,0.61,53,
NGC2407,,112.986125,18.333083,1.37,G,0.95,66,
NGC2408,,115.133000,71.668194,,OCl,,,
NGC2409,,112.903000,-17.190417,0.11,OCl,,,
NGC2410,,113.759417,32.822111,2.17,G,0.65,33,
NGC2411,,113.651375,18.281556,1.00,G,0.65,48,
NGC2412,,113.589500,8.547778,,*,,,
NGC2413,,113.318750,-13.095556,4.80,OCl,,,
NGC2414,,113.303333,-15.453861,5.40,OCl,,,
NGC2415,,114.236208,35.241972,0.83,G,0.83,5,
NGC2416,,113.923000,11.612028,0.87,G,0.18,95,
NGC2417,,112.550375,-62.252639,2.48,G,1.78,83,
NGC2418,,114.156292,17.883917,1.59,G,1.53,65,
NGC2419,,114.533125,38.879972,4.50,GCl,,,
NGC2420,,114.599583,21.574083,7.50,OCl,,,
NGC2421,,114.049208,-20.612250,5.10,OCl,,,
NGC2422,,114.145917,-14.482611,19.80,OCl,,,47
NGC2423,,114.278042,-13.871500,11.70,OCl,,,
NGC2424,,115.163708,39.233306,3.37,G,0.52,82,
NGC2425,,114.573458,-14.877833,5.40,OCl,,,
NGC2426,,115.826917,52.318500,1.10,G,1.10,30,
NGC2427,,114.117417,-47.635556,5.74,G,2.46,122,
NGC2428,,114.840708,-16.529028,4.50,OCl,,,
NGC2429,,115.957083,52.353056,2.30,GPair,,,
NGC2429A,,115.948250,52.357417,1.68,G,0.31,147,
NGC2429B,,115.965958,52.348472,0.41,G,0.22,55,
NGC2430,,114.921042,-16.296056,4.20,OCl,,,
NGC2431,,116.305792,53.075111,0.86,G,0.78,115,
NGC2432,,115.224458,-19.069083,5.40,OCl,,,
NGC2433,,115.681792,9.259250,,Other,,,
NGC2434,,113.713167,-69.284139,2.69,G,2.20,140,
NGC2435,,116.056583,31.651111,2.17,G,0.42,36,
NGC2437,,115.445083,-14.810000,21.00,OCl,,,46
NGC2438,,115.459958,-14.735778,1.07,PN,,,
NGC2439,,115.189208,-31.692417,8.70,OCl,,,
NGC2440,,115.480667,-18.208472,0.27,PN,,,
NGC2441,,117.978083,73.015694,1.98,G,1.81,155,
NGC2442,,114.099333,-69.530833,4.68,G,3.09,23,
NGC2444,,116.721000,39.031861,1.07,G,0.66,35,
NGC2445,,116.729583,39.015167,1.86,G,1.12,167,
NGC2446,,117.163500,54.611917,1.75,G,0.91,128,
NGC2447,,116.121792,-23.853083,15.00,OCl,,,93
NGC2448,,116.138292,-24.673167,6.00,OCl,,,
NGC2449,,116.834500,26.930167,1.44,G,0.57,135,
NGC2450,,116.884500,27.019139,0.97,G,0.30,156,
NGC2451,,116.312542,-37.967444,37.50,OCl,,,
NGC2452,,116.859875,-27.334000,0.32,PN,,,
NGC2453,,116.892208,-27.194806,3.00,OCl,,,
NGC2454,,117.645917,16.368583,1.18,G,0.51,101,
NGC2455,,117.244167,-21.297944,4.50,OCl,,,
NGC2456,,118.544417,55.495306,1.15,G,0.79,30,
NGC2457,,118.690542,55.546556,0.50,G,0.26,131,
NGC2458,,118.964042,56.710611,0.46,G,0.33,145,
NGC2459,,118.007375,9.557417,2.70,OCl,,,
NGC2460,,119.217875,60.349389,1.83,G,1.37,43,
NGC2461,,119.109417,56.673306,,*,,,
NGC2462,,119.133583,56.687111,0.60,G,0.35,155,
NGC2463,,119.302000,56.676528,0.60,G,0.60,145,
NGC2464,,119.386208,56.690556,,Other,,,
NGC2465,,119.358750,56.822472,,*,,,
NGC2466,,116.316875,-71.410417,1.51,G,1.46,45,
NGC2467,,118.097625,-26.443333,4.20,Cl+N,,,
NGC2468,,119.510250,56.359583,1.51,G,0.52,50,
NGC2469,,119.514250,56.680472,0.90,G,0.64,163,
NGC2470,,118.586542,4.459694,1.95,G,0.60,127,
NGC2471,,119.637333,56.776167,,**,,,
NGC2472,,119.674583,56.701306,0.65,G,0.56,14,
NGC2473,,118.895125,56.735806,0.52,G,0.38,80,
NGC2474,,119.495625,52.857278,1.14,G,1.02,130,
NGC2475,,119.501833,52.861694,1.07,G,0.96,68,
NGC2476,,119.188250,39.927889,1.26,G,0.68,143,
NGC2477,,118.040750,-38.533250,18.60,OCl,,,
NGC2479,,118.775292,-17.707806,6.30,OCl,,,
NGC2480,,119.293500,23.779806,1.32,G,0.51,163,
NGC2481,,119.307292,23.767778,1.40,G,0.58,19,
NGC2482,,118.793208,-24.254639,6.60,OCl,,,
NGC2483,,118.911625,-27.886833,3.30,OCl,,,
NGC2484,,119.617125,37.786611,1.69,G,1.04,141,
NGC2485,,119.202750,7.477944,1.57,G,1.46,5,
NGC2486,,119.485375,25.160861,1.49,G,0.85,89,
NGC2487,,119.585250,25.149222,1.73,G,1.39,55,
NGC2488,,120.441583,56.553861,1.45,G,0.83,100,
NGC2489,,119.062250,-30.060833,4.20,OCl,,,
NGC2490,,119.824458,27.077861,0.63,G,0.47,23,
NGC2491,,119.614083,7.983806,0.69,G,0.53,78,
NGC2492,,119.873792,27.026444,1.11,G,0.88,100,
NGC2493,,120.098458,39.830417,1.87,G,1.85,30,
NGC2494,,119.779750,-0.637917,0.97,G,0.80,89,
NGC2495,,120.138125,39.840028,0.55,G,0.32,23,
NGC2496,,119.655625,8.029806,1.86,G,1.48,173,
NGC2497,,120.546375,56.942333,1.58,G,1.36,25,
NGC2498,,119.911875,24.982333,1.04,G,0.67,127,
NGC2499,,119.715458,7.493306,0.86,G,0.60,175,
NGC2500,,120.471708,50.737111,2.47,G,2.34,15,
NGC2501,,119.625167,-14.354278,1.73,G,1.16,120,
NGC2502,,118.964667,-52.306778,2.21,G,1.12,118,
NGC2503,,120.152833,22.400056,0.95,G,0.79,4,
NGC2504,,119.967917,5.608111,0.62,G,0.37,126,
NGC2505,,121.028500,53.549222,1.19,G,0.57,1,
NGC2506,,120.007417,-10.769639,10.80,OCl,,,
NGC2507,,120.405042,15.709750,1.52,G,1.43,60,
NGC2508,,120.488417,8.551889,1.95,G,1.55,126,
NGC2509,,120.199250,-19.050528,4.80,OCl,,,
NGC2510,,120.544500,9.485972,0.97,G,0.67,114,
NGC2511,,120.562542,9.394417,1.04,G,0.57,118,
NGC2512,,120.782708,23.391833,1.35,G,0.78,116,
NGC2513,,120.602792,9.413556,1.91,G,1.43,153,
NGC2514,,120.706833,15.808278,1.20,G,1.13,30,
NGC2515,,120.838708,20.188000,,**,,,
NGC2516,,119.529417,-60.753472,24.30,OCl,,,
NGC2517,,120.696125,-12.317833,1.74,G,1.49,44,
NGC2518,,121.834375,51.131611,1.28,G,1.04,35,
NGC2519,,121.995125,51.128222,,*,,,
NGC2520,,121.242417,-28.146667,9.30,OCl,,,
NGC2521,,122.205708,57.769611,0.96,G,0.54,35,
NGC2522,,121.556000,17.706583,1.15,G,0.33,33,
NGC2523,,123.750375,73.578972,2.79,G,1.78,66,
NGC2523A,,121.035250,74.047778,1.11,G,0.95,80,
NGC2523B,,123.237875,73.563250,1.87,G,0.25,91,
NGC2523C,,124.434542,73.317611,1.49,G,0.87,92,
NGC2524,,122.039958,39.157444,1.47,G,1.03,124,
NGC2525,,121.408500,-11.427028,3.08,G,2.17,71,
NGC2526,,121.744292,8.003944,0.91,G,0.46,137,
NGC2528,,121.853458,39.194472,1.39,G,1.24,86,
NGC2529,,121.954625,17.820833,,Other,,,
NGC2530,,121.981708,17.818500,1.40,G,0.95,171,
NGC2531,,122.004583,17.820611,,Other,,,
NGC2532,,122.563250,33.956639,1.66,G,1.36,26,
NGC2533,,121.767083,-29.883861,4.98,OCl,,,
NGC2534,,123.225625,55.672056,1.40,G,1.30,50,
NGC2535,,122.806208,25.206806,1.93,G,0.94,62,
NGC2536,,122.816333,25.179361,0.73,G,0.45,53,
NGC2537,Bear Claw Nebula,123.311000,45.989806,2.07,G,1.96,165,
NGC2537A,,123.420958,45.993750,0.55,G,0.50,115,
NGC2538,,122.846125,3.633194,1.58,G,1.12,30,
NGC2539,,122.654083,-12.820667,12.30,OCl,,,
NGC2540,,123.193500,26.361778,1.24,G,0.65,123,
NGC2541,,123.667167,49.061722,3.02,G,1.60,170,
NGC2542,,122.818292,-12.927083,,**,,,
NGC2543,,123.241333,36.254639,2.43,G,1.13,52,
NGC2544,,125.418083,73.988361,1.53,G,1.06,67,
NGC2545,,123.559000,21.355472,1.95,G,1.06,169,
NGC2546,,123.065125,-37.594306,16.50,OCl,,,
NGC2547,,122.539542,-49.205667,7.80,OCl,,,
NGC2548,,123.429917,-5.750444,28.20,OCl,,,48
NGC2549,,124.743125,57.803056,3.63,G,0.92,179,
NGC2550,,126.141083,74.012278,0.95,G,0.36,105,
NGC2550A,,127.166417,73.748000,1.60,G,1.33,174,
NGC2551,,126.209500,73.412028,1.57,G,1.09,53,
NGC2552,,124.835542,50.009639,2.99,G,1.61,60,
NGC2553,,124.395833,20.903083,1.11,G,0.67,57,
NGC2554,,124.472875,23.472139,2.04,G,1.31,154,
NGC2555,,124.485042,0.745694,1.85,G,1.39,111,
NGC2556,,124.753542,20.936972,0.62,G,0.40,126,
NGC2557,,124.794792,21.435778,1.08,G,0.87,50,
NGC2558,,124.803167,20.510750,1.43,G,0.92,159,
NGC2559,,124.275292,-27.455833,2.81,G,1.34,7,
NGC2560,,124.966208,20.984972,1.60,G,0.38,92,
NGC2561,,124.904042,4.657222,1.06,G,0.58,142,
NGC2562,,125.098583,21.131472,1.03,G,0.79,1,
NGC2563,,125.148708,21.067806,2.02,G,1.68,79,
NGC2564,,124.625042,-21.816111,1.36,G,0.86,60,
NGC2565,,124.951333,22.031444,1.67,G,0.73,166,
NGC2566,,124.690250,-25.499528,3.98,G,2.75,56,
NGC2567,,124.646583,-30.635611,6.00,OCl,,,
NGC2568,,124.575500,-37.105389,,OCl,,,
NGC2569,,125.338083,20.867500,0.72,G,0.55,118,
NGC2570,,125.343917,20.910556,0.70,G,0.37,71,
NGC2571,,124.734792,-29.749278,7.20,OCl,,,
NGC2572,,125.352625,19.147778,1.22,G,0.52,135,
NGC2573,Polarissima Australis,25.405542,-89.334528,1.92,G,0.74,78,
NGC2573B,,346.886750,-89.116500,1.13,G,0.35,122,
NGC2574,,125.200667,-8.918472,2.17,G,1.08,172,
NGC2575,,125.687333,24.296917,1.37,G,1.08,129,
NGC2576,,125.740417,25.738722,1.61,G,0.30,40,
NGC2577,,125.681042,22.553083,1.55,G,0.88,105,
NGC2578,,125.351125,-13.317861,2.19,G,1.10,83,
NGC2579,,125.221083,-36.217139,3.30,Cl+N,,,
NGC2580,,125.366250,-30.293472,3.00,OCl,,,
NGC2581,,126.128917,18.597083,0.96,G,0.70,4,
NGC2582,,126.300292,20.334750,1.19,G,1.13,135,
NGC2583,,125.783042,-5.002389,0.86,G,0.75,18,
NGC2584,,125.814375,-4.970500,0.99,G,0.54,179,
NGC2585,,125.859500,-4.915222,1.55,G,0.57,119,
NGC2586,,125.880875,-4.951944,,Other,,,
NGC2587,,125.850333,-29.508722,6.00,OCl,,,
NGC2588,,125.789875,-32.975167,3.90,OCl,,,
NGC2589,,126.122792,-8.767917,,Other,,,
NGC2590,,126.258333,-0.591389,2.08,G,0.51,77,
NGC2591,,129.356375,78.026417,2.95,G,0.64,33,
NGC2592,,126.783542,25.970306,1.47,G,1.19,47,
NGC2593,,126.699292,17.374917,0.97,G,0.53,171,
NGC2594,,126.821500,25.878806,0.91,G,0.56,20,
NGC2595,,126.925083,21.479111,1.66,G,1.12,175,
NGC2596,,126.860500,17.284083,1.38,G,0.51,64,
NGC2597,,127.489208,21.501889,,**,,,
NGC2598,,127.510500,21.488667,1.19,G,0.38,3,
NGC2599,,128.047083,22.560556,1.56,G,1.32,108,
NGC2600,,128.687708,52.715694,1.21,G,0.41,72,
NGC2601,,126.377750,-68.117667,1.69,G,1.15,114,
NGC2602,,128.767708,52.831528,0.65,G,0.41,26,
NGC2603,,128.629958,52.840222,0.40,G,0.34,164,
NGC2604,,128.346417,29.538806,1.48,G,1.37,50,
NGC2604B,,128.398583,29.499694,0.56,G,0.23,58,
NGC2605,,128.722125,52.804306,0.45,G,0.35,27,
NGC2606,,128.893500,52.788917,0.87,G,0.45,56,
NGC2607,,128.486083,26.972667,0.84,G,0.80,160,
NGC2608,,128.822208,28.473417,1.95,G,0.95,64,
NGC2609,,127.373542,-61.110222,3.60,OCl,,,
NGC2610,,128.347500,-16.149444,0.63,PN,,,
NGC2611,,128.871542,25.027500,0.80,G,0.26,51,
NGC2612,,128.458750,-13.174528,2.60,G,0.80,117,
NGC2613,,128.345167,-22.973667,7.62,G,1.79,113,
NGC2614,,130.699792,72.976472,2.04,G,1.67,132,
NGC2615,,128.638958,-2.546806,1.20,G,0.82,44,
NGC2616,,128.891958,-1.850139,1.43,G,0.98,147,
NGC2617,,128.911625,-4.088222,1.40,G,1.10,127,
NGC2618,,128.973083,0.707111,2.07,G,0.88,141,
NGC2619,,129.386292,28.705194,1.93,G,1.17,38,
NGC2620,,129.367667,24.946944,2.00,G,0.50,93,
NGC2621,,129.404083,24.999806,0.73,G,0.47,176,
NGC2622,,129.545583,24.895278,0.94,G,0.60,10,
NGC2623,,129.600333,25.754639,2.39,G,0.70,36,
NGC2624,,129.540125,19.725667,0.77,G,0.47,35,
NGC2625,,129.596750,19.716667,0.53,G,0.44,32,
NGC2626,,128.870333,-40.668333,5.00,RfN,5.00,,
NGC2627,,129.312250,-29.950417,5.40,OCl,,,
NGC2628,,130.094625,23.539667,1.04,G,0.93,30,
NGC2629,,131.815917,72.985639,1.97,G,1.42,100,
NGC2630,,131.780417,73.000306,,Other,,,
NGC2631,,131.780417,73.000306,,Other,,,
NGC2632,Beehive,130.092500,19.672056,108.60,OCl,,,44
NGC2633,,132.019083,74.098861,2.31,G,1.45,175,
NGC2634,,132.105792,73.967167,1.72,G,1.66,30,
NGC2634A,,132.158917,73.939278,1.19,G,0.37,67,
NGC2635,,129.608292,-34.771583,5.10,OCl,,,
NGC2636,,132.101792,73.671139,0.34,G,0.34,30,
NGC2637,,130.306208,19.691444,0.51,G,0.43,48,
NGC2638,,130.607375,37.221028,1.66,G,0.59,70,
NGC2639,,130.908667,50.205556,1.61,G,1.21,140,
NGC2640,,129.352583,-55.123750,4.67,G,4.00,104,
NGC2641,,131.989542,72.895778,1.26,G,1.04,178,
NGC2642,,130.184875,-4.121722,1.92,G,1.43,145,
NGC2643,,130.465583,19.702528,0.68,G,0.37,19,
NGC2644,,130.382750,4.980333,1.64,G,0.65,12,
NGC2645,,129.763000,-46.227306,6.60,OCl,,,
NGC2646,,132.591875,73.463083,1.47,G,1.05,47,
NGC2647,,130.679583,19.650611,0.72,G,0.57,50,
NGC2648,,130.665833,14.285611,3.15,G,1.08,151,
NGC2649,,131.034458,34.717250,1.47,G,1.38,60,
NGC2650,,132.493125,70.299444,1.38,G,0.99,82,
NGC2651,,130.979792,11.771000,0.53,G,0.44,124,
NGC2653,,133.731500,78.393556,,**,,,
NGC2654,,132.299458,60.221111,4.45,G,0.89,64,
NGC2655,,133.907208,78.223083,3.93,G,2.06,16,
NGC2656,,131.971125,53.876167,1.31,G,1.18,65,
NGC2657,,131.315875,9.645500,1.28,G,1.09,116,
NGC2658,,130.863917,-32.656222,7.20,OCl,,,
NGC2659,,130.637583,-45.000528,5.10,OCl,,,
NGC2660,,130.658292,-47.200667,3.60,OCl,,,
NGC2661,,131.498083,12.619917,1.48,G,1.35,5,
NGC2662,,131.383458,-15.121250,1.23,G,1.15,10,
NGC2663,,131.284375,-33.794750,3.90,G,2.75,111,
NGC2664,,131.779292,12.605778,6.60,OCl,,,
NGC2665,,131.504125,-19.302889,2.00,G,1.72,55,
NGC2666,,132.445917,44.703667,,OCl,,,
NGC2667,,132.113542,19.019500,1.03,G,0.37,78,
NGC2667B,,132.125708,19.043889,0.85,G,0.28,43,
NGC2668,,132.344000,36.710333,1.23,G,0.66,151,
NGC2669,,131.594042,-52.947528,8.40,OCl,,,
NGC2670,,131.372833,-48.791639,4.20,OCl,,,
NGC2671,,131.549542,-41.877167,5.10,OCl,,,
NGC2672,,132.341208,19.074972,3.20,G,2.87,100,
NGC2673,,132.350583,19.074194,1.23,G,0.81,167,
NGC2674,,132.305042,-14.294222,1.04,G,0.49,65,
NGC2675,,133.020625,53.617306,1.51,G,1.05,83,
NGC2676,,132.898542,47.557667,1.20,G,1.12,175,
NGC2677,,132.505542,19.009778,0.70,G,0.41,169,
NGC2678,,132.511458,11.338111,10.00,OCl,10.00,0,
NGC2679,,132.887250,30.865361,1.85,G,1.85,165,
NGC2680,,132.889542,30.865806,0.16,**,0.11,,
NGC2681,,133.386417,51.313667,3.97,G,3.97,70,
NGC2682,,132.833875,11.811944,33.00,OCl,,,67
NGC2683,,133.172208,33.421750,9.48,G,2.70,44,
NGC2684,,133.725167,49.160389,1.10,G,0.84,49,
NGC2685,Helix Galaxy,133.894625,58.734389,4.33,G,2.31,38,
NGC2686,,133.749167,49.142361,1.60,GPair,,,
NGC2686A,,133.745458,49.142333,0.88,G,0.51,71,
NGC2686B,,133.752458,49.142444,0.48,G,0.35,63,
NGC2687,,133.772917,49.155917,1.30,GPair,,,
NGC2687A,,133.770917,49.156500,0.23,G,0.11,,
NGC2687B,,133.775167,49.156111,0.69,G,0.39,28,
NGC2688,,133.798292,49.122611,0.47,G,0.36,87,
NGC2689,,133.855875,49.115472,0.41,G,0.30,99,
NGC2690,,133.158458,-2.603222,1.70,G,0.39,20,
NGC2691,,133.693083,39.538667,1.26,G,0.90,166,
NGC2692,,134.241708,52.065944,1.25,G,0.55,163,
NGC2693,,134.246958,51.347444,2.00,G,1.37,158,
NGC2694,,134.246917,51.331972,0.81,G,0.50,177,
NGC2695,,133.612792,-3.067028,1.63,G,1.45,161,
NGC2696,,132.675208,-5.009778,1.03,G,0.95,25,
NGC2697,,133.747500,-2.987611,1.63,G,0.96,123,
NGC2698,,133.902125,-3.183944,1.47,G,0.53,96,
NGC2699,,133.953333,-3.127583,1.41,G,0.76,40,
NGC2700,,133.960750,-3.116389,,*,,,
NGC2701,,134.773917,53.771667,1.94,G,1.30,25,
NGC2702,,133.977667,-3.065333,,*,,,
NGC2703,,133.946375,-3.306917,,**,,,
NGC2704,,134.198708,39.382194,1.04,G,1.01,120,
NGC2705,,134.000208,-3.014889,,*,,,
NGC2706,,134.051292,-2.563444,1.67,G,0.57,168,
NGC2707,,134.023667,-3.066417,,*,,,
NGC2708,,134.033542,-3.360111,2.93,G,1.06,18,
NGC2709,,134.053583,-3.243222,0.79,G,0.65,95,
NGC2710,,134.951458,55.706389,2.02,G,0.97,119,
NGC2711,,134.348333,17.288028,0.56,G,0.38,158,
NGC2712,,134.876958,44.913889,2.93,G,1.59,1,
NGC2713,,134.335458,2.921306,3.37,G,1.15,106,
NGC2714,,133.374250,-59.217111,1.37,G,1.18,50,
NGC2715,,137.025833,78.085167,4.20,G,1.41,20,
NGC2716,,134.399500,3.090222,1.63,G,1.14,45,
NGC2717,,134.254667,-24.673750,2.03,G,1.69,12,
NGC2718,,134.710292,6.293000,1.72,G,1.09,152,
NGC2719,,135.064417,35.727639,1.17,G,0.30,132,
NGC2719A,,135.066417,35.720139,0.49,G,0.40,150,
NGC2720,,134.783583,11.149222,1.26,G,1.11,40,
NGC2721,,134.735500,-4.901944,1.85,G,1.33,164,
NGC2722,,134.692375,-3.710111,1.83,G,0.95,80,
NGC2723,,135.059833,3.177750,1.14,G,1.04,65,
NGC2724,,135.257583,35.762056,1.20,G,0.68,175,
NGC2725,,135.263417,11.098389,0.67,G,0.58,14,
NGC2726,,136.236542,59.932917,1.53,G,0.46,87,
NGC2728,,135.420542,11.082972,0.98,G,0.63,55,
NGC2729,,135.369250,3.720611,1.06,G,0.64,1,
NGC2730,,135.565958,16.838306,1.45,G,0.95,72,
NGC2731,,135.535042,8.301667,0.72,G,0.49,72,
NGC2732,,138.353042,79.187333,1.81,G,0.71,66,
NGC2734,,135.756708,16.863611,0.92,G,0.78,88,
NGC2735,,135.661000,25.934528,1.42,G,0.53,96,
NGC2735A,,135.674458,25.938389,0.30,G,0.27,52,
NGC2736,Pencil Nebula,135.070583,-45.948056,30.00,HII,7.00,,
NGC2737,,135.998833,21.906556,0.95,G,0.38,61,
NGC2738,,136.001875,21.967611,1.36,G,0.62,53,
NGC2739,,136.511792,51.744694,0.86,G,0.35,93,
NGC2740,,136.520792,51.735306,0.73,G,0.61,52,
NGC2741,,135.818750,18.261083,0.67,G,0.44,77,
NGC2742,,136.889708,60.479333,2.86,G,1.49,87,
NGC2742A,,137.491958,62.247361,1.57,G,0.67,89,
NGC2743,,136.225250,25.003917,1.10,G,0.75,99,
NGC2744,,136.162083,18.460278,1.20,GPair,,,
NGC2744 NED01,,136.161250,18.456111,0.27,G,0.17,44,
NGC2744 NED02,,136.162500,18.464444,1.66,G,0.81,114,
NGC2745,,136.163875,18.257361,0.60,G,0.50,170,
NGC2746,,136.497667,35.377389,1.57,G,1.31,51,
NGC2747,,136.326417,18.442194,0.56,G,0.35,172,
NGC2748,,138.429250,76.475333,2.60,G,1.11,39,
NGC2749,,136.338833,18.313111,1.92,G,1.77,65,
NGC2750,,136.449625,25.437417,2.03,G,1.46,82,
NGC2751,,136.385000,18.262306,0.87,G,0.48,134,
NGC2752,,136.429292,18.339722,1.74,G,0.33,61,
NGC2753,,136.784417,25.342472,0.55,G,0.34,17,
NGC2754,,136.296708,-19.084861,0.78,G,0.68,140,
NGC2755,,136.992958,41.708944,1.15,G,0.76,127,
NGC2756,,137.253875,53.849528,1.50,G,1.00,0,
NGC2757,,136.357333,-19.047806,,Other,,,
NGC2758,,136.380000,-19.042778,1.87,G,0.41,18,
NGC2759,,137.155375,37.621611,1.27,G,0.90,49,
NGC2760,,141.054333,76.531278,1.21,G,0.27,100,
NGC2761,,136.878458,18.434750,0.76,G,0.43,164,
NGC2762,,137.477208,50.418250,0.51,G,0.36,180,
NGC2763,,136.704375,-15.499778,2.43,G,1.88,136,
NGC2764,,137.072792,21.443333,1.15,G,0.67,18,
NGC2765,,136.902667,3.392917,2.74,G,0.93,105,
NGC2766,,137.198083,29.864778,1.20,G,0.53,129,
NGC2767,,137.549500,50.401306,0.72,G,0.63,167,
NGC2768,,137.906250,60.037222,5.64,G,2.24,93,
NGC2769,,137.634000,50.433278,1.61,G,0.37,145,
NGC2770,,137.390458,33.123528,3.45,G,0.81,146,
NGC2771,,137.665250,50.379861,1.73,G,1.49,42,
NGC2772,,136.924458,-23.621417,1.71,G,1.07,170,
NGC2773,,137.434125,7.173694,0.65,G,0.29,84,
NGC2774,,137.666333,18.696583,1.19,G,1.17,60,
NGC2775,,137.583833,7.037944,4.25,G,3.36,159,
NGC2776,,138.060458,44.954833,2.14,G,0.91,111,
NGC2777,,137.674292,7.206694,0.76,G,0.59,169,
NGC2778,,138.101542,35.027528,1.30,G,0.98,46,
NGC2779,,138.117875,35.053750,0.72,G,0.61,25,
NGC2780,,138.184875,34.925583,1.06,G,0.77,147,
NGC2781,,137.864667,-14.816833,2.52,G,1.26,78,
NGC2782,,138.521292,40.113694,3.25,G,2.41,20,
NGC2783,,138.414417,29.992972,1.98,G,1.10,165,
NGC2783B,,138.388125,30.000139,1.45,G,0.28,76,
NGC2784,,138.081250,-24.172611,4.82,G,1.85,73,
NGC2785,,138.814125,40.917528,1.44,G,0.58,120,
NGC2786,,138.398292,12.440806,0.83,G,0.59,77,
NGC2787,,139.827500,69.203250,3.24,G,1.81,114,
NGC2788,,137.262667,-67.932472,1.67,G,0.39,116,
NGC2788A,,135.664333,-68.226833,2.51,G,0.49,55,
NGC2788B,,135.898750,-67.969806,1.55,G,0.56,164,
NGC2789,,138.748583,29.730278,1.15,G,0.96,36,
NGC2790,,138.761583,19.697111,0.60,G,0.55,65,
NGC2791,,138.758292,17.592222,0.89,G,0.32,160,
NGC2792,,138.110708,-42.427500,0.22,PN,,,
NGC2793,,139.197125,34.429806,1.12,G,0.93,,
NGC2794,,139.007458,17.589833,1.22,G,0.93,57,
NGC2795,,139.016333,17.628361,1.19,G,1.02,166,
NGC2796,,139.174375,30.915417,1.21,G,0.85,77,
NGC2797,,139.090375,17.727222,0.66,G,0.58,28,
NGC2798,,139.344958,41.999722,2.43,G,0.83,154,
NGC2799,,139.379292,41.994083,1.76,G,0.47,122,
NGC2800,,139.646750,52.514472,1.42,G,0.87,17,
NGC2801,,139.184125,19.935722,0.96,G,0.78,51,
NGC2802,,139.172625,18.963472,1.10,G,0.56,132,
NGC2803,,139.182792,18.954583,0.98,G,0.72,138,
NGC2804,,139.208375,20.198500,1.39,G,1.24,56,
NGC2805,,140.085042,64.102778,3.39,G,2.76,154,
NGC2806,,139.236625,20.070611,,*,,,
NGC2807,,139.245833,20.032222,1.50,GPair,,,
NGC2807A,,139.240333,20.029056,0.56,G,0.36,81,
NGC2807B,,139.252750,20.036500,0.82,G,0.60,165,
NGC2808,,138.010583,-64.862833,9.00,GCl,,,
NGC2809,,139.278833,20.069694,1.24,G,1.08,162,
NGC2810,,140.518750,71.844028,1.69,G,1.69,130,
NGC2811,,139.046292,-16.312722,3.05,G,1.03,20,
NGC2812,,139.419958,19.918889,0.75,G,0.23,154,
NGC2813,,139.439375,19.906611,1.02,G,0.82,146,
NGC2814,,140.297833,64.253194,1.05,G,0.23,179,
NGC2815,,139.082292,-23.633250,3.51,G,1.41,13,
NGC2817,,139.293875,-4.752111,1.37,G,1.27,0,
NGC2818,,139.006250,-36.626944,0.83,PN,,,
NGC2818A,,139.025542,-36.626917,6.90,Cl+N,,,
NGC2819,,139.538708,16.198111,1.44,G,1.08,57,
NGC2820,,140.439917,64.257944,3.75,G,0.35,61,
NGC2820A,,140.375292,64.238722,0.47,G,0.16,9,
NGC2821,,139.199917,-26.816278,2.10,G,0.44,103,
NGC2822,,138.457167,-69.644833,3.96,G,2.72,94,
NGC2823,,139.822750,34.008167,1.03,G,0.62,32,
NGC2824,,139.759292,26.269972,0.97,G,0.57,159,
NGC2825,,139.843500,33.742778,1.10,G,0.55,86,
NGC2826,,139.850708,33.624000,1.47,G,0.22,141,
NGC2827,,139.829208,33.880806,1.02,G,0.38,5,
NGC2828,,139.895125,33.888083,0.72,G,0.44,44,
NGC2829,,139.877917,33.648333,0.60,GPair,,,
NGC2829 NED01,,139.876292,33.648472,0.48,G,0.38,30,
NGC2829 NED02,,139.879750,33.647778,0.40,G,0.30,176,
NGC2830,,139.922542,33.738139,1.24,G,0.24,112,
NGC2831,,139.939542,33.745000,0.89,G,0.66,2,
NGC2832,,139.945250,33.749750,3.20,G,2.07,172,
NGC2833,,139.991083,33.927444,1.14,G,0.54,165,
NGC2834,,140.010500,33.710472,0.83,G,0.66,57,
NGC2835,,139.470458,-22.354667,6.43,G,3.72,179,
NGC2836,,138.435833,-69.334750,1.66,G,0.59,111,
NGC2837,,139.597375,-16.481722,,**,,,
NGC2838,,140.179333,39.315750,1.28,G,1.08,123,
NGC2839,,140.151375,33.650667,1.23,G,1.17,165,
NGC2840,,140.219667,35.368278,1.05,G,0.89,107,
NGC2841,,140.510958,50.976528,6.90,G,3.31,147,
NGC2842,,138.901792,-63.069639,2.25,G,1.63,107,
NGC2843,,140.119917,18.926222,0.47,G,0.26,65,
NGC2844,,140.450042,40.151250,1.77,G,0.82,11,
NGC2845,,139.652958,-38.010083,1.87,G,1.30,69,
NGC2846,,139.918625,-14.676278,,**,,,
NGC2847,,140.035542,-16.518306,,HII,,,
NGC2848,,140.040958,-16.526056,2.69,G,2.02,29,
NGC2849,,139.845292,-40.520389,2.40,OCl,,,
NGC2850,,140.237542,-4.940083,0.90,G,0.64,17,
NGC2851,,140.125958,-16.495278,1.43,G,0.53,8,
NGC2852,,140.810792,40.163806,0.94,G,0.89,140,
NGC2853,,140.822208,40.200056,1.67,G,0.96,25,
NGC2854,,141.012958,49.204139,1.28,G,0.56,52,
NGC2855,,140.364542,-11.909500,3.45,G,1.85,120,
NGC2856,,141.066708,49.249194,1.22,G,0.58,132,
NGC2857,,141.157167,49.357056,1.89,G,1.51,90,
NGC2858,,140.729208,3.156944,1.76,G,0.84,116,
NGC2859,,141.077208,34.513500,3.19,G,2.78,85,
NGC2860,,141.221708,41.060194,1.31,G,0.57,95,
NGC2861,,140.902083,2.136472,1.28,G,1.17,50,
NGC2862,,141.229625,26.774667,2.64,G,0.50,115,
NGC2863,,140.902333,-10.433222,1.37,G,1.18,170,
NGC2864,,141.064125,5.941167,0.71,G,0.47,4,
NGC2865,,140.875875,-23.161444,2.44,G,2.03,155,
NGC2866,,140.521000,-51.102611,2.70,OCl,,,
NGC2867,,140.354042,-58.311667,0.23,PN,,,
NGC2868,,140.863417,-10.429500,1.14,G,0.57,70,
NGC2870,,141.973917,57.375500,2.44,G,0.66,121,
NGC2871,,141.414750,11.444333,,*,,,
NGC2872,,141.427250,11.432139,1.75,G,1.55,161,
NGC2873,,141.452083,11.454222,0.73,G,0.41,118,
NGC2874,,141.447208,11.424583,2.04,G,0.68,38,
NGC2875,,141.453375,11.431639,,Other,,,
NGC2876,,141.307375,-6.716583,1.73,G,0.98,91,
NGC2877,,141.445750,2.229111,0.67,G,0.64,165,
NGC2878,,141.447750,2.089611,1.04,G,0.37,173,
NGC2879,,141.343833,-11.651500,,Other,,,
NGC2880,,142.394000,62.490556,2.33,G,1.40,142,
NGC2881,,141.475833,-11.993889,1.20,GPair,,,
NGC2881 NED01,,141.473958,-11.992139,0.67,G,0.32,51,
NGC2881 NED02,,141.477875,-11.995528,1.17,G,0.63,167,
NGC2882,,141.650583,7.954472,1.49,G,0.75,84,
NGC2883,,141.326750,-34.103250,2.02,G,0.80,178,
NGC2884,,141.601875,-11.555583,2.16,G,0.76,173,
NGC2885,,141.827125,23.020111,1.26,G,0.82,79,
NGC2886,,141.661250,-21.737806,,Other,,,
NGC2887,,140.850208,-63.812556,2.55,G,1.63,80,
NGC2888,,141.581958,-28.035083,1.96,G,1.49,155,
NGC2889,,141.802458,-11.643417,1.95,G,1.75,26,
NGC2890,,141.624333,-14.528694,0.87,G,0.25,69,
NGC2891,,141.735958,-24.783028,1.60,G,1.52,0,
NGC2892,,143.220542,67.617389,1.40,G,1.40,0,
NGC2893,,142.570667,29.539972,1.02,G,0.82,83,
NGC2894,,142.376000,7.718833,1.90,G,0.96,29,
NGC2895,,143.104375,57.482889,0.91,G,0.80,65,
NGC2896,,142.570708,23.663056,1.20,G,1.20,90,
NGC2897,,142.440500,2.206806,0.84,G,0.62,177,
NGC2898,,142.443083,2.064361,1.04,G,0.67,124,
NGC2899,,141.762333,-56.106028,1.50,PN,,,
NGC2900,,142.563292,4.144222,0.99,G,0.78,86,
NGC2901,,143.142708,31.111694,,Other,,,
NGC2902,,142.720375,-14.735778,1.72,G,1.41,22,
NGC2903,,143.042125,21.500833,11.94,G,5.28,22,
NGC2904,,142.570833,-30.385028,1.47,G,1.09,89,
NGC2906,,143.025917,8.441778,1.36,G,0.81,71,
NGC2907,,142.903000,-16.734667,2.82,G,2.06,112,
NGC2908,,145.881042,79.701250,0.74,G,0.52,145,
NGC2909,,144.249583,65.940556,,**,,,
NGC2910,,142.620917,-52.914000,4.80,OCl,,,
NGC2911,,143.442125,10.152444,3.46,G,2.13,135,
NGC2912,,143.487000,10.192222,,*,,,
NGC2913,,143.511333,9.479194,1.12,G,0.69,132,
NGC2914,,143.511583,10.108583,0.95,G,0.58,12,
NGC2915,,141.548042,-76.626333,1.82,G,0.98,132,
NGC2916,,143.740000,21.705278,2.40,G,1.59,16,
NGC2917,,143.612083,-2.504167,1.34,G,0.37,170,
NGC2918,,143.933500,31.705472,1.56,G,1.06,66,
NGC2919,,143.698000,10.283722,1.52,G,0.53,159,
NGC2920,,143.551042,-20.859056,0.86,G,0.61,121,
NGC2921,,143.631667,-20.920361,2.86,G,0.92,85,
NGC2922,,144.218625,37.694889,1.07,G,0.45,99,
NGC2923,,144.015958,16.760389,0.53,G,0.31,28,
NGC2924,,143.795042,-16.398389,2.04,G,1.62,142,
NGC2925,,143.295500,-53.395972,7.50,OCl,,,
NGC2926,,144.379208,32.841417,0.83,G,0.74,120,
NGC2927,,144.313333,23.590611,1.31,G,0.78,155,
NGC2928,,144.292000,16.977194,1.21,G,0.70,41,
NGC2929,,144.374208,23.161667,1.10,G,0.38,144,
NGC2930,,144.385833,23.202500,0.50,G,0.22,142,
NGC2931,,144.406875,23.240750,0.75,G,0.54,68,
NGC2932,,143.965083,-46.924500,4.80,*Ass,,,
NGC2933,,144.479167,17.014722,0.97,G,0.31,31,
NGC2934,,144.479833,17.054500,0.44,G,0.31,7,
NGC2935,,144.186875,-21.128139,4.21,G,3.16,164,
NGC2936,,144.433958,2.760806,0.94,G,0.52,78,
NGC2937,,144.437625,2.747361,0.75,G,0.54,22,
NGC2938,,144.599125,76.319556,1.24,G,0.85,97,
NGC2939,,144.533625,9.521528,2.12,G,0.74,154,
NGC2940,,144.521625,9.616722,0.97,G,0.77,91,
NGC2941,,144.600875,17.044444,0.70,G,0.57,167,
NGC2942,,144.783167,34.006333,1.67,G,1.32,152,
NGC2943,,144.636958,17.031306,2.16,G,1.08,128,
NGC2944,,144.825833,32.308333,1.00,GPair,,,
NGC2944 NED01,,144.825500,32.310444,0.91,G,0.29,100,
NGC2944 NED02,,144.831708,32.306000,0.32,G,0.19,161,
NGC2945,,144.421375,-22.035056,1.66,G,1.31,160,
NGC2946,,144.756583,17.025333,1.10,G,0.34,15,
NGC2947,,144.024125,-12.436722,1.63,G,1.20,28,
NGC2948,,144.746625,6.955444,1.43,G,0.78,1,
NGC2949,,144.984375,16.787444,0.42,GPair,0.31,15,
NGC2950,,145.646458,58.851278,2.62,G,1.65,142,
NGC2951,,144.918333,-0.235278,1.34,GPair,0.51,85,
NGC2952,,144.404125,-10.183389,0.80,G,0.55,90,
NGC2953,,145.079333,14.832694,,Other,,,
NGC2954,,145.100292,14.922639,1.43,G,0.99,155,
NGC2955,,145.319250,35.882278,1.59,G,0.87,160,
NGC2956,,144.821042,-19.101083,0.86,G,0.38,58,
NGC2957,,146.820417,72.985000,1.00,GPair,,,
NGC2957 NED01,,146.815708,72.986056,0.91,G,0.33,,
NGC2957A,,146.825000,72.984083,0.77,G,0.34,49,
NGC2958,,145.173417,11.888417,0.98,G,0.72,10,
NGC2959,,146.287375,68.594583,1.38,G,1.17,113,
NGC2960,,145.151583,3.577000,1.11,G,0.86,40,
NGC2961,,146.343625,68.608278,0.86,G,0.32,145,
NGC2962,,145.224708,5.165806,2.31,G,1.16,2,
NGC2963,,146.960083,72.964389,1.18,G,0.64,158,
NGC2964,,145.725958,31.847389,2.92,G,2.18,97,
NGC2965,,145.829792,36.247806,1.30,G,0.92,77,
NGC2966,,145.547833,4.673139,2.12,G,0.68,76,
NGC2967,,145.513708,0.336444,2.14,G,2.01,135,
NGC2968,,145.800042,31.928694,2.48,G,1.63,54,
NGC2969,,145.477083,-8.603000,1.32,G,0.60,25,
NGC2970,,145.879458,31.976972,0.85,G,0.75,67,
NGC2971,,145.942167,36.179361,1.13,G,0.78,131,
NGC2972,,145.048000,-50.320944,3.60,OCl,,,
NGC2973,,145.394792,-30.048389,,Other,,,
NGC2974,,145.638667,-3.699139,3.48,G,2.13,44,
NGC2975,,145.316958,-16.674389,0.84,G,0.63,80,
NGC2976,,146.814417,67.916389,5.77,G,3.01,143,
NGC2977,,145.942875,74.860222,2.08,G,1.05,145,
NGC2978,,145.820000,-9.745889,1.07,G,0.87,112,
NGC2979,,145.786042,-10.383250,2.06,G,1.25,21,
NGC2980,,145.799875,-9.612389,1.79,G,0.86,164,
NGC2981,,146.235708,31.097833,1.06,G,0.70,86,
NGC2982,,145.500333,-44.027139,4.2,OCl,,,
NGC2983,,145.921250,-20.477194,2.37,G,1.16,86,
NGC2984,,145.918250,11.060861,0.85,G,0.83,155,
NGC2985,,147.592625,72.278639,3.61,G,2.92,177,
NGC2986,,146.066833,-21.278000,4.81,G,3.85,42,
NGC2987,,146.422792,4.941833,1.31,G,0.60,163,
NGC2988,,146.699875,22.012139,0.91,G,0.33,37,
NGC2989,,146.355083,-18.373917,1.69,G,1.16,38,
NGC2990,,146.571500,5.708806,0.93,G,0.44,86,
NGC2991,,146.708833,22.013944,0.99,G,0.80,124,
NGC2992,,146.425208,-14.326389,2.92,G,0.69,17,
NGC2993,,146.451375,-14.368306,1.36,G,1.13,94,
NGC2994,,146.817125,22.089500,0.95,G,0.52,127,
NGC2995,,145.996208,-54.596944,,*Ass,,,
NGC2996,,146.625750,-21.571611,1.36,G,1.36,150,
NGC2997,,146.411625,-31.191083,10.26,G,6.21,97,
NGC2998,,147.181792,44.081444,2.44,G,1.23,54,
NGC3000,,147.213667,44.130278,,**,,,
NGC3001,,146.577750,-30.437472,3.02,G,2.26,5,
NGC3002,,147.239250,44.057222,,*,,,
NGC3003,,147.150208,33.421500,4.74,G,1.06,79,
NGC3004,,147.260208,44.111028,,*,,,
NGC3005,,147.311958,44.131306,1.14,G,0.30,150,
NGC3006,,147.322250,44.025806,0.82,G,0.29,83,
NGC3007,,146.940083,-6.438167,1.61,G,0.78,81,
NGC3008,,147.392750,44.102694,0.75,G,0.47,136,
NGC3009,,147.546375,44.295056,0.77,G,0.74,60,
NGC3010,,147.638125,44.314389,0.98,G,0.58,47,
NGC3010A,,147.644042,44.323417,0.39,G,0.20,125,
NGC3010C,,147.664125,44.330972,0.68,G,0.51,36,
NGC3011,,147.421667,32.221111,0.82,G,0.69,61,
NGC3012,,147.467125,34.714111,1.24,G,1.18,145,
NGC3013,,147.539000,33.569333,0.81,G,0.56,64,
NGC3014,,147.281875,-4.742944,0.93,G,0.49,154,
NGC3015,,147.345500,1.145417,0.53,G,0.40,92,
NGC3016,,147.461083,12.695222,1.12,G,0.95,71,
NGC3017,,147.262667,-2.821806,1.02,G,0.88,87,
NGC3018,,147.422708,0.621250,1.17,G,0.54,28,
NGC3019,,147.530042,12.746139,0.76,G,0.49,33,
NGC3020,,147.527500,12.813639,2.34,G,1.28,100,
NGC3021,,147.738125,33.553639,1.36,G,0.81,110,
NGC3022,,147.413542,-5.166583,1.70,G,1.56,0,
NGC3023,,147.469125,0.618167,1.82,G,0.94,80,
NGC3024,,147.614125,12.765500,1.71,G,0.50,124,
NGC3025,,147.371083,-21.742250,1.59,G,1.05,118,
NGC3026,,147.730708,28.551111,2.22,G,0.60,82,
NGC3027,,148.919167,72.203556,3.35,G,1.27,128,
NGC3028,,147.476000,-19.184167,1.08,G,0.84,70,
NGC3029,,147.225083,-8.050944,1.35,G,0.87,140,
NGC3030,,147.543833,-12.226417,1.24,G,0.92,137,
NGC3031,Bode's Galaxy,148.888208,69.065306,21.63,G,11.25,157,81
NGC3032,,148.033958,29.236222,1.43,G,1.31,90,
NGC3033,,147.146000,-56.430056,4.80,OCl,,,
NGC3034,Cigar Galaxy,148.969708,69.679389,10.99,G,5.11,66,82
NGC3035,,147.979292,-6.822917,1.47,G,1.19,0,
NGC3036,,147.316208,-62.675583,4.80,OCl,,,
NGC3037,,147.850083,-27.011111,1.29,G,1.13,57,
NGC3038,,147.814375,-32.752556,2.80,G,1.69,126,
NGC3039,,148.123625,2.154444,1.32,G,0.69,16,
NGC3040,,148.267917,19.437222,1.80,GPair,,,
NGC3040 NED01,,148.264417,19.442583,0.87,G,0.39,148,
NGC3040 NED02,,148.271250,19.432167,1.51,G,0.91,165,
NGC3041,,148.279750,16.677667,3.22,G,2.07,93,
NGC3042,,148.334250,0.697694,1.02,G,0.74,110,
NGC3043,,149.061875,59.307111,1.66,G,0.61,82,
NGC3044,,148.420333,1.579639,4.20,G,0.70,114,
NGC3045,,148.323583,-18.645111,1.43,G,0.64,20,
NGC3047,,148.627917,-1.289722,1.20,GPair,,,
NGC3047A,,148.633583,-1.290917,0.60,G,0.60,30,
NGC3047B,,148.622875,-1.288056,0.59,G,0.45,44,
NGC3048,,148.738333,16.457778,1.00,GPair,,,
NGC3048 NED01,,148.735208,16.456278,0.71,G,0.40,110,
NGC3048 NED02,,148.741833,16.459583,0.41,G,0.28,16,
NGC3049,,148.706500,9.271083,2.11,G,1.22,28,
NGC3051,,148.494333,-27.286333,2.20,G,1.39,169,
NGC3052,,148.616375,-18.638889,2.15,G,1.42,109,
NGC3053,,148.890042,16.432861,1.59,G,0.70,139,
NGC3054,,148.619167,-25.703444,3.56,G,2.18,112,
NGC3055,,148.825250,4.270028,1.96,G,1.11,63,
NGC3056,,148.637000,-28.298194,2.26,G,1.39,20,
NGC3057,,151.414000,80.285694,1.45,G,0.92,8,
NGC3058,,148.398958,-12.481556,1.40,GPair,,,
NGC3058 NED01,,148.396458,-12.479083,0.62,G,0.35,145,
NGC3058 NED02,,148.400708,-12.482111,1.26,G,0.48,55,
NGC3059,,147.534000,-73.922194,3.80,G,3.56,50,
NGC3060,,149.080000,16.831222,2.02,G,0.42,77,
NGC3061,,149.050042,75.866500,1.58,G,1.23,140,
NGC3062,,149.149125,1.428556,0.83,G,0.40,63,
NGC3063,,150.424042,72.117833,,**,,,
NGC3064,,148.922708,-6.363917,1.15,G,0.33,25,
NGC3065,,150.480083,72.170333,1.87,G,1.78,160,
NGC3066,,150.546125,72.125389,1.12,G,1.06,75,
NGC3067,,149.587833,32.369889,2.06,G,0.66,104,
NGC3068,,149.667083,28.877556,0.87,G,0.70,92,
NGC3069,,149.486250,10.432444,0.86,G,0.37,166,
NGC3070,,149.528958,10.359778,1.55,G,1.28,51,
NGC3071,,149.720792,31.620306,0.66,G,0.46,176,
NGC3072,,149.349542,-19.354972,1.82,G,0.62,70,
NGC3073,,150.217000,55.618833,1.20,G,1.07,130,
NGC3074,,149.921708,35.392806,1.96,G,1.69,150,
NGC3075,,149.734167,14.420472,1.50,G,0.64,132,
NGC3076,,149.406750,-18.178694,0.87,G,0.84,25,
NGC3077,,150.829458,68.733917,5.21,G,4.32,49,
NGC3078,,149.602542,-26.926667,3.04,G,2.48,177,
NGC3079,,150.490833,55.679778,8.18,G,1.29,166,
NGC3080,,149.982667,13.043833,0.80,G,0.77,50,
NGC3081,,149.873083,-22.826278,2.67,G,1.59,71,
NGC3082,,149.721125,-30.357694,2.14,G,0.77,29,
NGC3083,,149.956958,-2.877472,0.99,G,0.34,50,
NGC3084,,149.776750,-27.128806,1.66,G,1.23,100,
NGC3085,,149.871583,-19.492278,1.24,G,0.41,118,
NGC3086,,150.045792,-2.976167,1.16,G,0.40,147,
NGC3087,,149.786083,-34.225222,2.28,G,2.02,46,
NGC3088,,150.287917,22.403611,2.00,GPair,,,
NGC3088A,,150.279958,22.403167,1.35,G,0.83,114,
NGC3088B,,150.290417,22.402306,0.93,G,0.26,139,
NGC3089,,149.902833,-28.331361,1.95,G,1.13,144,
NGC3090,,150.125958,-2.969000,1.63,G,1.30,15,
NGC3091,,150.059542,-19.636972,3.69,G,2.18,144,
NGC3092,,150.197625,-3.012389,1.30,G,0.50,27,
NGC3093,,150.223292,-2.972000,0.77,G,0.36,51,
NGC3094,,150.358083,15.770083,1.34,G,0.98,63,
NGC3095,,150.024292,-31.552861,3.61,G,1.81,129,
NGC3096,,150.137958,-19.661972,1.17,G,1.03,70,
NGC3097,,151.066958,60.125778,,Other,,,
NGC3098,,150.569542,24.711083,2.33,G,0.50,90,
NGC3099,,150.652292,32.706722,1.15,G,0.62,147,
NGC3100,,150.170167,-31.664528,3.56,G,2.48,148,
NGC3101,,150.397625,-2.994417,1.22,G,0.21,150,
NGC3102,,151.132333,60.107972,0.98,G,0.98,110,
NGC3104,,150.988958,40.756917,2.99,G,2.03,36,
NGC3105,,150.164667,-54.787694,4.08,OCl,,,
NGC3106,,151.021875,31.185472,0.89,G,0.25,124,
NGC3107,,151.093625,13.621333,0.77,G,0.63,140,
NGC3108,,150.620958,-31.677417,2.54,G,2.22,59,
NGC3109,,150.778667,-26.159583,16.00,G,2.74,93,
NGC3110,,151.008792,-6.474778,1.87,G,0.90,171,
NGC3111,,151.531000,47.262639,1.42,G,1.34,150,
NGC3112,,150.996583,-20.781806,1.10,G,0.30,47,
NGC3113,,151.108792,-28.444028,3.43,G,1.05,86,
NGC3114,,150.623208,-60.130528,12.30,OCl,,,
NGC3115,Spindle Galaxy,151.308250,-7.718583,7.10,G,3.01,43,
NGC3116,,151.687708,31.097722,0.70,G,0.64,45,
NGC3117,,151.543750,2.912861,0.96,G,0.91,110,
NGC3118,,151.798083,33.027389,2.08,G,0.44,39,
NGC3119,,151.716125,14.373528,1.05,G,0.81,20,
NGC3120,,151.346000,-34.219944,1.68,G,1.17,7,
NGC3123,,151.757708,0.067139,,Other,,,
NGC3124,,151.666250,-19.221583,2.70,G,2.10,174,
NGC3125,,151.639042,-29.934861,1.21,G,0.97,110,
NGC3126,,152.086083,31.862694,3.10,G,0.66,123,
NGC3127,,151.603542,-16.126083,1.62,G,0.28,55,
NGC3128,,151.505708,-16.122028,1.54,G,0.63,173,
NGC3129,,152.080250,18.430639,,**,,,
NGC3130,,152.051417,9.977000,1.07,G,0.61,28,
NGC3131,,152.151708,18.231222,2.16,G,0.67,58,
NGC3132,Eight-Burst Nebula,151.757208,-40.436583,0.50,PN,,,
NGC3133,,151.803375,-11.965306,0.68,G,0.29,27,
NGC3134,,153.122042,12.377250,1.49,G,0.40,55,
NGC3135,,152.726583,45.950361,1.00,G,0.60,88,
NGC3136,,151.450667,-67.377972,4.20,G,2.94,27,
NGC3136A,,150.885750,-67.448472,1.60,G,0.33,88,
NGC3136B,,152.553875,-67.005083,1.75,G,1.35,23,
NGC3137,,152.281167,-29.064306,5.57,G,3.85,4,
NGC3138,,152.319458,-11.956750,1.10,G,0.21,80,
NGC3139,,152.521583,-11.778250,1.21,G,0.97,68,
NGC3140,,152.365917,-16.628167,0.96,G,0.68,130,
NGC3141,,152.332875,-16.653417,0.76,G,0.47,25,
NGC3142,,152.526542,-8.479750,0.86,G,0.30,171,
NGC3143,,152.516583,-12.581361,0.82,G,0.67,103,
NGC3144,,153.884083,74.220278,1.12,G,0.74,4,
NGC3145,,152.541125,-12.433778,2.87,G,1.37,20,
NGC3146,,152.791125,-20.870694,1.01,G,0.79,131,
NGC3147,,154.223542,73.400750,4.11,G,3.55,152,
NGC3148,,153.432625,50.496528,,*,,,
NGC3149,,150.933708,-80.421667,1.15,G,0.94,23,
NGC3150,,153.359667,38.657667,1.04,G,0.77,154,
NGC3151,,153.371208,38.619833,0.93,G,0.42,164,
NGC3152,,153.392167,38.843194,0.74,G,0.65,54,
NGC3153,,153.210417,12.666667,1.73,G,0.89,165,
NGC3154,,153.255333,17.034167,0.83,G,0.39,121,
NGC3155,,154.416042,74.347389,1.21,G,0.64,37,
NGC3156,,153.171875,3.129361,1.91,G,1.02,50,
NGC3157,,152.926792,-31.642861,1.70,G,0.44,39,
NGC3158,,153.460500,38.764889,2.32,G,1.94,152,
NGC3159,,153.470125,38.654472,0.96,G,0.76,156,
NGC3160,,153.479458,38.842833,1.25,G,0.25,140,
NGC3161,,153.496667,38.657139,0.46,G,0.28,6,
NGC3162,,153.381625,22.737556,2.09,G,1.69,26,
NGC3163,,153.529583,38.652556,1.14,G,0.97,40,
NGC3164,,153.797583,56.672083,0.80,G,0.57,178,
NGC3165,,153.380417,3.375028,1.17,G,0.54,175,
NGC3166,,153.440000,3.424722,4.50,G,2.84,87,
NGC3167,,153.649542,29.596333,,Other,,,
NGC3168,,154.095875,60.234944,0.91,G,0.79,35,
NGC3169,,153.562708,3.466083,4.34,G,2.65,49,
NGC3170,,154.060542,46.612361,,**,,,
NGC3171,,153.903417,-20.647389,1.87,G,1.25,173,
NGC3172,Polarissima Borealis,176.808333,89.093056,1.14,G,1.00,85,
NGC3173,,153.645292,-27.692833,1.90,G,1.71,19,
NGC3175,,153.675458,-28.872056,5.25,G,1.95,55,
NGC3176,,153.823083,-19.032556,,Other,,,
NGC3177,,154.142250,21.123056,1.44,G,1.10,140,
NGC3178,,154.038208,-15.791278,1.47,G,0.93,71,
NGC3179,,154.488375,41.114306,1.86,G,0.41,48,
NGC3180,,154.540292,41.445028,,HII,,,
NGC3181,,154.547958,41.412694,2.84,HII,0.83,123,
NGC3182,,154.887583,58.205722,1.92,G,1.59,145,
NGC3183,,155.454167,74.176861,2.22,G,1.38,160,
NGC3184,,154.570250,41.424056,7.40,G,7.18,117,
NGC3185,,154.410708,21.688250,2.15,G,1.23,131,
NGC3186,,153.972458,6.963750,1.08,G,1.08,110,
NGC3187,,154.449417,21.873333,2.24,G,0.74,108,
NGC3188,,154.928375,57.423472,0.84,G,0.63,180,
NGC3188A,,154.909500,57.418583,0.44,G,0.21,77,
NGC3189,,154.523458,21.832306,3.64,G,1.22,124,
NGC3191,,154.771375,46.454111,0.71,G,0.52,4,
NGC3193,,154.603750,21.893972,2.36,G,2.16,20,
NGC3195,,152.337417,-80.858583,0.70,PN,,,
NGC3196,,154.704292,27.668944,0.46,G,0.26,121,
NGC3197,,153.615292,77.820250,1.11,G,0.80,161,
NGC3198,,154.978958,45.549611,6.46,G,1.84,30,
NGC3199,,154.351792,-57.922222,20.00,Neb,15.00,,
NGC3200,,154.652292,-17.982528,4.07,G,1.14,168,
NGC3201,,154.403167,-46.411222,9.60,GCl,,,
NGC3202,,155.132250,43.021611,1.27,G,0.81,25,
NGC3203,,154.890958,-26.698889,3.16,G,0.64,60,
NGC3204,,155.046167,27.817056,1.25,G,0.88,106,
NGC3205,,155.208208,42.972056,1.31,G,1.11,158,
NGC3206,,155.448292,56.930417,2.30,G,1.17,7,
NGC3207,,155.252292,42.985306,1.24,G,0.83,87,
NGC3208,,154.922042,-25.814750,1.78,G,1.55,55,
NGC3209,,155.160083,25.504972,1.57,G,1.21,80,
NGC3210,,156.996667,79.832528,,**,,,
NGC3211,,154.460458,-62.670056,0.27,PN,,,
NGC3212,,157.068583,79.823389,0.83,G,0.75,88,
NGC3213,,155.322292,19.651778,1.05,G,0.83,128,
NGC3214,,155.786625,57.039083,1.08,G,0.45,35,
NGC3215,,157.169083,79.813083,0.95,G,0.52,40,
NGC3216,,155.421792,23.923056,1.71,G,1.07,176,
NGC3217,,155.885917,10.959722,0.53,G,0.40,22,
NGC3219,,155.656000,38.579167,1.08,G,0.63,70,
NGC3220,,155.936083,57.026861,1.18,G,0.48,96,
NGC3221,,155.583250,21.569583,1.70,G,0.76,166,
NGC3222,,155.643792,19.887028,1.12,G,1.01,25,
NGC3223,,155.396167,-34.266806,4.28,G,2.79,132,
NGC3224,,155.421625,-34.696778,1.72,G,1.41,120,
NGC3225,,156.291250,58.150000,1.65,G,0.75,154,
NGC3226,,155.862542,19.898528,3.13,G,2.26,13,
NGC3227,,155.877417,19.865056,3.98,G,1.86,156,
NGC3228,,155.342667,-51.722583,6.60,OCl,,,
NGC3229,,155.851500,0.064806,,Other,,,
NGC3230,,155.933167,12.567778,2.02,G,0.64,114,
NGC3231,,156.741042,66.815167,,OCl,,,
NGC3232,,156.100958,28.026139,0.85,G,0.69,57,
NGC3233,,155.489417,-22.267750,1.52,G,0.64,141,
NGC3234,,156.247125,28.023917,1.34,G,0.96,85,
NGC3236,,156.702125,61.272917,0.95,G,0.67,52,
NGC3237,,156.430417,39.646389,1.07,G,1.04,37,
NGC3238,,156.679125,57.226333,1.11,G,0.91,151,
NGC3239,,156.270375,17.163583,3.61,G,2.71,80,
NGC3240,,156.127625,-21.791028,1.19,G,1.03,78,
NGC3241,,156.070667,-32.482611,2.29,G,1.55,122,
NGC3242,Jupiter's Ghost Nebula,156.192000,-18.642222,0.42,PN,,,
NGC3243,,156.589458,-2.622194,1.73,G,1.19,120,
NGC3244,,156.370167,-39.827556,2.18,G,1.46,170,
NGC3245,,156.826625,28.507444,3.61,G,2.30,176,
NGC3245A,,156.754708,28.639333,2.32,G,0.30,148,
NGC3246,,156.674208,3.861917,1.94,G,0.95,98,
NGC3247,,156.058333,-57.763333,5.00,HII,5.00,,
NGC3248,,156.939333,22.847194,1.70,G,0.94,135,
NGC3249,,156.592542,-34.963694,1.57,G,1.40,126,
NGC3250,,156.634500,-39.943944,2.96,G,2.20,140,
NGC3250A,,156.973875,-40.081333,1.62,G,0.32,88,
NGC3250B,,156.936542,-40.435028,2.77,G,0.80,6,
NGC3250C,,156.926958,-40.002583,1.91,G,0.70,58,
NGC3250D,,156.991417,-39.814778,1.89,G,0.33,26,
NGC3250E,,157.252917,-40.082806,1.82,G,1.45,133,
NGC3251,,157.320167,26.099250,2.06,G,0.50,55,
NGC3252,,158.596417,73.764972,1.87,G,0.66,36,
NGC3253,,157.113833,12.704056,1.15,G,1.07,150,
NGC3254,,157.333083,29.491833,2.34,G,1.12,50,
NGC3255,,156.630667,-60.675194,4.80,OCl,,,
NGC3256,,156.963625,-43.903750,3.29,G,2.26,83,
NGC3256A,,156.462667,-43.748083,1.33,G,0.65,85,
NGC3256B,,157.254458,-44.402889,2.10,G,0.61,135,
NGC3256C,,157.273917,-43.849278,1.91,G,1.30,90,
NGC3257,,157.196333,-35.658083,1.08,G,0.87,170,
NGC3258,,157.223208,-35.605528,2.94,G,2.34,67,
NGC3258A,,157.079833,-35.454472,1.22,G,0.44,170,
NGC3258B,,157.605417,-35.563556,1.06,G,0.35,47,
NGC3258C,,157.850625,-35.220472,1.11,G,0.74,47,
NGC3258D,,157.982208,-35.409806,1.98,G,0.84,9,
NGC3258E,,158.103792,-34.998361,1.57,G,0.37,29,
NGC3259,,158.145208,65.041083,1.72,G,0.90,16,
NGC3260,,157.276625,-35.595194,1.41,G,1.22,9,
NGC3261,,157.256083,-44.656833,3.65,G,2.84,76,
NGC3262,,157.275958,-44.159667,1.17,G,0.91,109,
NGC3263,,157.305667,-44.122917,7.83,G,1.84,99,
NGC3264,,158.082083,56.085278,2.09,G,0.62,2,
NGC3265,,157.778208,28.796667,0.97,G,0.71,73,
NGC3266,,158.323375,64.749389,1.39,G,1.21,107,
NGC3267,,157.452458,-35.322389,1.55,G,0.73,155,
NGC3268,,157.502750,-35.325472,3.50,G,2.62,71,
NGC3269,,157.487750,-35.224389,2.51,G,1.02,9,
NGC3270,,157.874917,24.869444,2.34,G,0.62,12,
NGC3271,,157.610375,-35.359500,3.01,G,1.67,109,
NGC3272,,157.950625,28.468778,,**,,,
NGC3273,,157.621542,-35.610639,1.91,G,0.88,96,
NGC3274,,158.071958,27.668778,1.63,G,0.81,93,
NGC3275,,157.715833,-36.736972,2.81,G,2.05,121,
NGC3276,,157.788333,-39.944667,1.26,G,0.74,69,
NGC3277,,158.231042,28.511722,2.11,G,1.59,29,
NGC3278,,157.897458,-39.954639,1.35,G,1.04,60,
NGC3279,,158.678333,11.197333,2.48,G,0.41,151,
NGC3280,,158.188625,-12.636250,1.40,GTrpl,,,
NGC3280A,,158.193250,-12.634583,0.65,G,0.57,29,
NGC3280B,,158.182542,-12.637306,1.02,G,0.58,122,
NGC3280C,,158.189792,-12.637222,1.23,G,0.54,22,
NGC3281,,157.967042,-34.853694,3.10,G,1.27,140,
NGC3281A,,157.992833,-35.198500,1.25,G,0.89,121,
NGC3281B,,157.967333,-35.204861,1.31,G,0.64,65,
NGC3281C,,158.248125,-34.886222,1.13,G,0.41,159,
NGC3281D,,158.579250,-34.403417,2.06,G,0.39,159,
NGC3282,,158.091333,-22.302278,1.77,G,0.65,81,
NGC3283,,157.798333,-46.251278,2.86,G,2.07,166,
NGC3284,,159.088500,58.620167,1.36,G,0.83,80,
NGC3285,,158.399333,-27.454444,2.97,G,1.52,109,
NGC3285A,,158.203250,-27.522444,1.21,G,0.87,174,
NGC3285B,,158.653667,-27.652944,1.64,G,1.04,52,
NGC3287,,158.697083,21.648278,1.78,G,0.85,18,
NGC3288,,159.106958,58.556194,0.89,G,0.70,8,
NGC3289,,158.530958,-35.323389,1.99,G,0.47,152,
NGC3290,,158.822625,-17.276778,1.05,G,0.60,58,
NGC3291,,159.027000,37.274417,,*,,,
NGC3292,,158.893458,-6.179611,1.11,G,0.85,178,
NGC3293,,158.953208,-58.224472,5.10,OCl,,,
NGC3294,,159.067708,37.324694,3.08,G,1.60,119,
NGC3296,,158.189167,-12.717417,1.11,G,0.99,56,
NGC3297,,158.299167,-12.671833,0.87,G,0.51,161,
NGC3298,,159.301167,50.120583,1.10,G,0.70,157,
NGC3299,,159.099167,12.707389,1.79,G,1.32,3,
NGC3300,,159.160167,14.171111,1.53,G,0.78,174,
NGC3301,,159.233500,21.882139,3.63,G,1.06,53,
NGC3302,,158.947625,-32.358500,1.93,G,1.28,115,
NGC3303,,159.249167,18.136667,1.20,GPair,,,
NGC3303 NED01,,159.247667,18.137694,0.59,G,0.35,97,
NGC3303 NED02,,159.250042,18.135889,1.10,G,0.74,157,
NGC3304,,159.407958,37.455639,1.55,G,0.53,160,
NGC3305,,159.048958,-27.162194,1.17,G,1.11,130,
NGC3306,,159.292583,12.652472,1.04,G,0.45,136,
NGC3307,,159.071542,-27.529750,0.95,G,0.32,28,
NGC3308,,159.093333,-27.438139,1.21,G,0.72,34,
NGC3309,,159.148750,-27.518444,1.82,G,1.57,94,
NGC3310,,159.691083,53.503389,1.80,G,1.73,10,
NGC3311,,159.178417,-27.528333,2.63,G,2.33,57,
NGC3312,,159.260500,-27.565056,3.31,G,1.07,172,
NGC3313,,159.356042,-25.319444,2.96,G,2.02,110,
NGC3314,,159.305000,-27.684444,1.20,GPair,,,
NGC3314A,,159.303542,-27.683944,1.17,G,0.64,145,
NGC3314B,,159.305208,-27.684972,0.64,G,0.46,46,
NGC3315,,159.330125,-27.192306,1.20,G,1.04,119,
NGC3316,,159.405500,-27.594306,0.96,G,0.78,8,
NGC3317,,159.429625,-27.519611,,Other,,,
NGC3318,,159.314625,-41.627556,2.52,G,1.36,82,
NGC3318A,,158.883750,-41.740944,1.29,G,0.58,4,
NGC3318B,,159.391000,-41.465389,1.54,G,1.12,113,
NGC3319,,159.789417,41.686667,3.63,G,1.77,38,
NGC3320,,159.902208,47.397917,1.95,G,0.87,24,
NGC3321,,159.710667,-11.648861,2.30,G,1.11,29,
NGC3323,,159.912667,25.322750,0.95,G,0.52,171,
NGC3324,,159.317542,-58.619556,4.80,Cl+N,,,
NGC3325,,159.835208,-0.200250,1.26,G,1.07,64,
NGC3326,,159.882750,5.107611,0.97,G,0.87,154,
NGC3327,,159.991417,24.091250,1.26,G,0.86,81,
NGC3328,,159.976042,9.300111,,*,,,
NGC3329,,161.164042,76.809444,1.91,G,1.14,139,
NGC3330,,159.689292,-54.130722,5.10,OCl,,,
NGC3331,,160.037250,-23.820361,1.19,G,0.95,9,
NGC3332,,160.118208,9.182556,1.37,G,1.14,145,
NGC3333,,159.957625,-36.036167,1.44,G,0.41,159,
NGC3334,,160.380000,37.312861,1.21,G,1.13,150,
NGC3335,,159.891917,-23.922694,1.10,G,0.91,117,
NGC3336,,160.070917,-27.777083,1.97,G,1.74,117,
NGC3337,,160.448292,4.988389,1.16,G,0.57,51,
NGC3338,,160.531417,13.747000,1.23,G,0.71,98,
NGC3339,,160.541917,-0.369250,,*,,,
NGC3340,,160.574958,-0.376861,1.29,G,0.94,166,
NGC3341,,160.631125,5.043806,1.07,G,0.31,23,
NGC3343,,161.543542,73.353139,1.34,G,0.93,55,
NGC3344,,160.879792,24.922222,6.70,G,6.37,150,
NGC3345,,160.883417,11.985278,,**,,,
NGC3346,,160.912125,14.871861,2.64,G,2.20,119,
NGC3347,,160.693958,-36.352667,4.05,G,1.14,177,
NGC3347A,,160.085875,-36.411111,2.21,G,0.84,179,
NGC3347B,,160.499250,-36.935333,2.99,G,0.57,91,
NGC3347C,,160.223708,-36.287917,1.35,G,0.94,25,
NGC3348,,161.791667,72.839667,2.13,G,2.13,65,
NGC3349,,160.960667,6.762972,0.70,G,0.64,70,
NGC3350,,161.095708,30.724861,0.65,G,0.60,80,
NGC3351,,160.990417,11.703806,7.23,G,4.45,11,95
NGC3352,,161.062208,22.371194,1.43,G,0.95,179,
NGC3353,,161.343375,55.960389,1.36,G,0.98,76,
NGC3354,,160.762250,-36.362389,1.02,G,0.82,169,
NGC3355,,160.358292,-23.384250,1.25,G,0.93,51,
NGC3356,,161.050958,6.758778,1.69,G,0.82,98,
NGC3357,,161.086417,14.084472,1.03,G,0.83,88,
NGC3358,,160.887583,-36.410694,3.62,G,1.82,140,
NGC3359,,161.653583,63.224222,4.07,G,2.83,167,
NGC3360,,161.067417,-11.242556,1.03,G,0.81,54,
NGC3361,,161.121542,-11.207917,2.23,G,0.77,155,
NGC3362,,161.215500,6.596722,1.32,G,1.08,82,
NGC3363,,161.289417,22.078500,0.86,G,0.63,179,
NGC3364,,162.124250,72.425028,1.39,G,1.22,68,
NGC3365,,161.552458,1.813278,4.04,G,0.69,160,
NGC3366,,158.784500,-43.691806,2.72,G,1.31,36,
NGC3367,,161.645625,13.750861,2.88,G,2.83,70,
NGC3368,,161.690583,11.819944,8.26,G,5.51,5,96
NGC3369,,161.686042,-25.244444,0.72,G,0.54,118,
NGC3370,,161.766875,17.273611,2.44,G,1.42,147,
NGC3372,Carina Nebula,161.285542,-59.866694,120.00,HII,120.00,,
NGC3374,,162.004375,43.186556,1.22,G,0.88,161,
NGC3375,,161.753292,-9.941306,1.49,G,1.26,130,
NGC3376,,161.860708,6.048139,1.13,G,0.53,166,
NGC3377,,161.926375,13.985917,3.87,G,1.87,36,
NGC3377A,,161.842917,14.069444,1.43,G,1.37,0,
NGC3378,,161.680292,-40.016028,1.50,G,1.35,93,
NGC3379,,161.956625,12.581611,4.89,G,4.25,71,105
NGC3380,,162.050750,28.601778,1.56,G,1.40,21,
NGC3381,,162.103417,34.711417,2.02,G,1.82,76,
NGC3382,,162.104292,36.725444,,**,,,
NGC3383,,161.830000,-24.438167,1.45,G,1.11,5,
NGC3384,,162.070375,12.629278,5.24,G,2.37,53,
NGC3385,,162.048458,4.927750,1.61,G,0.88,98,
NGC3386,,162.049625,4.998583,1.06,G,1.00,95,
NGC3387,,162.069750,4.966611,,Other,,,
NGC3389,,162.116292,12.533194,2.68,G,1.18,104,
NGC3390,,162.018167,-31.533361,3.11,G,0.69,179,
NGC3391,,162.234833,14.219833,0.87,G,0.56,31,
NGC3392,,162.762500,65.781556,0.90,G,0.67,117,
NGC3393,,162.097750,-25.162056,1.95,G,1.70,13,
NGC3394,,162.666000,65.727222,1.77,G,1.36,43,
NGC3395,,162.458792,32.982861,1.60,G,0.89,40,
NGC3396,,162.479458,32.990833,3.10,G,1.27,97,
NGC3398,,162.880958,55.390972,0.86,G,0.32,76,
NGC3399,,162.365000,16.218556,1.52,G,1.38,30,
NGC3400,,162.689458,28.469083,1.53,G,0.91,97,
NGC3401,,162.582792,5.811500,,Other,,,
NGC3402,,162.610292,-12.844611,1.85,G,1.78,170,
NGC3403,,163.478583,73.690361,2.78,G,1.04,73,
NGC3404,,162.574917,-12.108722,2.06,G,0.60,81,
NGC3405,,162.432500,16.240278,1.20,GPair,,,
NGC3405 NED01,,162.430458,16.238833,1.29,G,0.98,74,
NGC3405 NED02,,162.434833,16.242194,0.66,G,0.50,95,
NGC3406,,162.934167,51.023889,1.20,GPair,,,
NGC3406 NED01,,162.931792,51.022167,1.45,G,1.00,84,
NGC3406 NED02,,162.935333,51.025083,1.12,G,0.55,11,
NGC3407,,163.074125,61.379639,1.35,G,0.67,17,
NGC3408,,163.048667,58.438139,0.85,G,0.72,150,
NGC3409,,162.584792,-17.043639,1.39,G,0.32,9,
NGC3410,,162.973792,51.006500,0.87,G,0.59,40,
NGC3412,,162.722000,13.412139,3.96,G,2.17,155,
NGC3413,,162.836417,32.766389,2.02,G,0.85,177,
NGC3414,,162.817542,27.975111,2.67,G,1.37,9,
NGC3415,,162.927500,43.712611,1.35,G,0.78,10,
NGC3416,,162.951292,43.764139,0.59,G,0.25,31,
NGC3417,,162.757167,8.473500,0.81,G,0.52,87,
NGC3418,,162.849792,28.112028,1.10,G,0.94,77,
NGC3419,,162.823917,13.946000,0.75,G,0.63,117,
NGC3419A,,162.833083,14.023444,1.67,G,0.34,136,
NGC3420,,162.540250,-17.242528,1.16,G,1.13,120,
NGC3421,,162.740125,-12.448528,1.58,G,1.24,65,
NGC3422,,162.822250,-12.402389,1.33,G,0.44,54,
NGC3423,,162.809708,5.840028,3.56,G,3.03,4,
NGC3424,,162.943042,32.900750,2.49,G,0.78,111,
NGC3425,,162.856375,8.567139,1.16,G,1.01,65,
NGC3426,,162.923958,18.480833,1.71,G,1.39,104,
NGC3427,,162.859708,8.298694,1.30,G,0.83,77,
NGC3428,,162.872958,9.279500,1.40,G,0.60,167,
NGC3430,,163.047500,32.950444,3.99,G,2.22,32,
NGC3431,,162.812667,-17.008028,1.50,G,0.40,133,
NGC3432,,163.129708,36.618778,7.41,G,2.08,33,
NGC3433,,163.016125,10.148306,2.51,G,2.40,170,
NGC3434,,162.991792,3.792056,1.45,G,1.09,178,
NGC3435,,163.701375,61.289861,1.75,G,1.17,33,
NGC3436,,163.114542,8.094028,0.86,G,0.60,79,
NGC3437,,163.148958,22.934139,2.35,G,0.82,119,
NGC3438,,163.108250,10.547250,0.89,G,0.83,65,
NGC3439,,163.107167,8.557583,0.44,G,0.35,135,
NGC3440,,163.456250,57.118750,2.03,G,0.47,51,
NGC3441,,163.129667,7.224889,0.79,G,0.43,6,
NGC3442,,163.283792,33.910361,0.54,G,0.36,18,
NGC3443,,163.250500,17.573639,1.77,G,0.89,146,
NGC3444,,163.247417,10.210583,1.36,G,0.16,19,
NGC3445,,163.647875,56.990694,1.41,G,1.28,130,
NGC3446,,163.028875,-45.139250,7.50,OCl,,,
NGC3447,,163.111667,16.778889,3.60,GPair,,,
NGC3447A,,163.349917,16.772444,3.38,G,1.95,14,
NGC3447B,,163.373542,16.786000,1.49,G,0.79,107,
NGC3448,,163.663333,54.304861,2.97,G,0.88,65,
NGC3449,,163.223583,-32.927611,3.66,G,0.96,145,
NGC3450,,162.015083,-20.849194,2.61,G,2.29,110,
NGC3451,,163.587042,27.239750,1.66,G,0.78,50,
NGC3452,,163.558667,-11.405056,1.25,G,0.31,65,
NGC3453,,163.418750,-21.792750,1.09,G,0.56,13,
NGC3454,,163.623042,17.344028,2.41,G,0.53,116,
NGC3455,,163.629542,17.284750,2.27,G,1.42,70,
NGC3456,,163.513792,-16.027722,1.75,G,1.26,105,
NGC3457,,163.702625,17.621250,0.97,G,0.93,175,
NGC3458,,164.006167,57.116972,1.38,G,0.73,7,
NGC3459,,163.684500,-17.042000,1.45,G,0.55,149,
NGC3461,,163.730375,17.708139,0.51,G,0.43,66,
NGC3462,,163.837750,7.696750,1.76,G,1.16,62,
NGC3463,,163.805667,-26.140750,1.51,G,0.70,77,
NGC3464,,163.666708,-21.066639,2.37,G,1.55,111,
NGC3465,,164.880292,75.191278,0.95,G,0.80,65,
NGC3466,,164.064500,9.754444,1.00,G,0.56,53,
NGC3467,,164.183667,9.758917,0.92,G,0.81,20,
NGC3468,,164.379875,40.946139,1.50,G,0.73,9,
NGC3469,,164.240375,-14.300806,1.56,G,1.05,142,
NGC3470,,164.687083,59.510694,1.36,G,1.16,161,
NGC3471,,164.787542,61.530694,1.79,G,0.92,12,
NGC3472,,164.342667,-19.637694,,Other,,,
NGC3473,,164.521542,17.124417,1.05,G,0.84,36,
NGC3474,,164.536500,17.095694,1.06,G,0.82,160,
NGC3475,,164.605083,24.226333,1.13,G,0.70,60,
NGC3476,,164.531667,9.276139,1.01,G,0.90,146,
NGC3477,,164.552417,9.217806,1.41,G,0.31,72,
NGC3478,,164.864000,46.122389,2.05,G,0.85,127,
NGC3479,,164.731167,-14.961389,1.53,G,1.07,3,
NGC3481,,164.859042,-7.543639,0.81,G,0.56,125,
NGC3482,,164.642792,-46.583889,1.85,G,1.36,16,
NGC3483,,164.750750,-28.476972,1.79,G,1.35,98,
NGC3484,,164.350208,-19.633250,,Other,,,
NGC3485,,165.009917,14.841583,2.17,G,2.05,50,
NGC3486,,165.099458,28.975139,5.82,G,4.12,80,
NGC3487,,165.193958,17.587611,0.89,G,0.38,152,
NGC3488,,165.348375,57.677667,1.51,G,0.72,172,
NGC3489,,165.077375,13.901222,3.44,G,2.03,70,
NGC3490,,164.976708,9.361889,0.89,G,0.72,26,
NGC3491,,165.147500,12.161556,0.92,G,0.90,140,
NGC3492,,165.237500,10.505000,1.00,GPair,,,
NGC3492 NED01,,165.236458,10.504222,0.98,G,0.76,27,
NGC3492 NED02,,165.239250,10.505472,1.17,G,0.76,100,
NGC3493,,165.365958,27.719583,0.98,G,0.34,85,
NGC3494,,165.295458,3.774306,,**,,,
NGC3495,,165.317625,3.627944,4.66,G,1.00,20,
NGC3496,,164.890875,-60.336861,6.00,OCl,,,
NGC3497,,166.825292,-19.471556,2.58,G,1.56,57,
NGC3498,,165.425792,14.350722,,Other,,,
NGC3499,,165.795958,56.221722,0.83,G,0.71,20,
NGC3500,,165.464458,75.201361,0.87,G,0.42,48,
NGC3501,,165.696958,17.989333,4.31,G,0.65,27,
NGC3503,,165.321833,-59.845750,3.00,RfN,3.00,,
NGC3504,,165.796708,27.972500,2.48,G,2.24,150,
NGC3506,,165.804042,11.076667,1.16,G,1.04,175,
NGC3507,,165.855667,18.135444,2.92,G,2.51,95,
NGC3508,,165.748625,-16.289444,1.00,G,0.80,23,
NGC3509,,166.098125,4.828611,1.93,G,0.51,37,
NGC3510,,165.930708,28.887167,1.55,G,0.71,163,
NGC3511,,165.849042,-23.086778,6.04,G,2.00,76,
NGC3512,,166.012250,28.036806,1.59,G,1.36,141,
NGC3513,,165.942000,-23.245500,2.81,G,1.28,113,
NGC3514,,165.999583,-18.780583,1.22,G,0.99,100,
NGC3515,,166.155167,28.227972,0.98,G,0.69,51,
NGC3516,,166.697875,72.568583,1.91,G,1.62,55,
NGC3517,,166.403375,56.524917,0.95,G,0.81,91,
NGC3519,,166.011542,-61.368250,4.8,OCl,,,
NGC3520,,166.788375,-18.023694,0.95,G,0.75,51,
NGC3521,,166.452417,-0.035861,8.32,G,4.47,162,
NGC3522,,166.668583,20.085556,1.17,G,0.62,115,
NGC3523,,165.776333,75.115750,1.14,G,0.97,160,
NGC3524,,166.633750,11.385417,1.47,G,0.43,14,
NGC3526,,166.735958,7.173917,2.38,G,0.56,55,
NGC3527,,166.825792,28.527778,1.18,G,1.00,171,
NGC3529,,166.829667,-19.555639,1.11,G,0.92,104,
NGC3530,,167.168250,57.230194,0.81,G,0.27,99,
NGC3532,Wishing Well Cluster,166.449250,-58.770500,12.00,OCl,,,
NGC3533,,166.781458,-37.172639,2.88,G,0.73,70,
NGC3534,,167.231917,26.610500,1.44,G,0.45,88,
NGC3534B,,167.238208,26.596139,0.92,G,0.38,169,
NGC3535,,167.141333,4.831889,1.16,G,0.51,178,
NGC3536,,167.213333,28.475694,0.84,G,0.68,161,
NGC3537,,167.111250,-10.257778,1.40,GPair,,,
NGC3537 NED01,,167.110458,-10.256028,1.35,G,1.20,30,
NGC3537 NED02,,167.112208,-10.258833,1.38,G,1.23,170,
NGC3538,,167.893083,75.569722,,**,,,
NGC3539,,167.286833,28.672528,1.26,G,0.41,5,
NGC3540,,167.317000,36.021083,1.32,G,1.19,63,
NGC3541,,167.134208,-10.491833,1.30,G,1.18,90,
NGC3542,,167.481125,36.946500,0.81,G,0.35,45,
NGC3543,,167.735208,61.347028,1.21,G,0.25,9,
NGC3544,,167.876958,-18.289500,3.06,G,0.97,94,
NGC3545,,167.552917,36.965556,1.30,GPair,,,
NGC3545A,,167.551042,36.964778,1.16,G,1.16,69,
NGC3545B,,167.555208,36.966556,0.44,G,0.44,60,
NGC3546,,167.444958,-13.380861,1.91,G,0.90,101,
NGC3547,,167.483083,10.720833,1.74,G,0.77,6,
NGC3549,,167.736958,53.387778,2.64,G,0.86,39,
NGC3550,,167.661250,28.768333,1.20,GPair,,,
NGC3550 NED01,,167.660833,28.767778,0.87,G,0.83,20,
NGC3550 NED02,,167.660000,28.767611,1.07,G,1.02,50,
NGC3551,,167.435167,21.758917,1.38,G,0.95,38,
NGC3552,,167.678542,28.693167,0.82,G,0.77,55,
NGC3553,,167.668667,28.684750,0.54,G,0.27,2,
NGC3554,,167.699250,28.660278,0.74,G,0.61,57,
NGC3555,,167.459708,21.810194,0.60,G,0.29,32,
NGC3556,,167.879042,55.674111,3.98,G,1.66,79,108
NGC3557,,167.490167,-37.539167,4.36,G,3.43,32,
NGC3557B,,167.383875,-37.349639,1.83,G,0.52,110,
NGC3558,,167.732792,28.543806,0.99,G,0.91,115,
NGC3559,,167.688375,12.016139,1.50,G,0.91,51,
NGC3561,the Guitar,167.805000,28.696472,1.71,G,1.71,175,
NGC3562,,168.244500,72.879306,1.69,G,1.26,165,
NGC3563,,167.852083,26.962500,1.40,GPair,,,
NGC3563A,,167.848875,26.961861,0.58,G,0.50,41,
NGC3563B,,167.855000,26.963583,1.13,G,0.82,15,
NGC3564,,167.651583,-37.547583,1.95,G,1.09,16,
NGC3565,,166.948542,-20.021556,0.68,G,0.52,126,
NGC3567,,167.827833,5.836306,1.22,G,0.46,115,
NGC3568,,167.702375,-37.447861,2.70,G,1.18,6,
NGC3569,,168.033708,35.452139,1.15,G,1.07,50,
NGC3570,,168.013958,27.589778,1.06,G,0.99,100,
NGC3572,,167.580000,-60.248361,4.08,OCl,,,
NGC3573,,167.827375,-36.875528,2.55,G,1.08,4,
NGC3574,,168.050542,27.624833,0.73,G,0.59,31,
NGC3576,,167.881958,-61.363000,3.00,HII,3.00,,
NGC3577,,168.437083,48.272722,1.16,G,1.01,61,
NGC3578,,168.219958,-15.957250,,Other,,,
NGC3579,,167.998333,-61.243222,20.00,Neb,15.00,,
NGC3580,,168.316375,3.657333,0.85,G,0.29,175,
NGC3581,,168.008167,-61.301861,,HII,,,
NGC3582,,168.049875,-61.273556,,Neb,,,
NGC3583,,168.545375,48.318528,2.24,G,1.26,127,
NGC3584,,168.082458,-61.228611,,Neb,,,
NGC3585,,168.321208,-26.754833,6.61,G,3.27,104,
NGC3586,,168.124750,-61.352250,,Neb,,,
NGC3587,Owl Nebula,168.698792,55.019028,3.58,PN,,,97
NGC3588,,168.511250,20.388611,0.55,GPair,0.55,10,
NGC3589,,168.805542,60.699917,1.49,G,0.76,50,
NGC3590,,168.245708,-60.789028,5.10,OCl,,,
NGC3591,,168.513792,-14.087333,1.22,G,0.77,151,
NGC3592,,168.614042,17.260000,2.13,G,0.57,118,
NGC3593,,168.654167,12.817667,4.69,G,1.85,91,
NGC3594,,169.058292,55.704333,1.25,G,1.06,8,
NGC3595,,168.856458,47.447028,1.51,G,0.63,176,
NGC3596,,168.775875,14.787028,3.55,G,3.37,65,
NGC3597,,168.674875,-23.727694,1.49,G,1.06,84,
NGC3598,,168.798625,17.262694,1.61,G,1.26,38,
NGC3599,,168.862333,18.110389,2.40,G,2.18,105,
NGC3600,,168.966708,41.591028,1.87,G,0.59,4,
NGC3601,,168.888750,5.115417,0.51,G,0.43,17,
NGC3602,,168.951333,17.416111,1.04,G,0.43,48,
NGC3603,,168.777458,-61.261222,3.30,Cl+N,,,
NGC3604,,169.375708,4.555583,1.40,G,0.75,11,
NGC3605,,169.194125,18.017167,1.25,G,0.71,19,
NGC3606,,169.065125,-33.827444,1.59,G,1.49,10,
NGC3607,,169.227667,18.051750,4.59,G,4.03,120,
NGC3608,,169.245625,18.148694,3.18,G,2.67,78,
NGC3609,,169.460917,26.625806,1.17,G,0.97,49,
NGC3610,,169.605292,58.786278,2.39,G,2.37,135,
NGC3612,,169.561333,26.620556,0.93,G,0.64,169,
NGC3613,,169.650458,58.000000,3.55,G,1.78,100,
NGC3614,,169.588833,45.748222,2.50,G,1.74,88,
NGC3614A,,169.549458,45.716889,0.69,G,0.62,34,
NGC3615,,169.527708,23.397333,1.51,G,0.91,40,
NGC3616,,169.536958,14.765222,,*,,,
NGC3617,,169.461917,-26.134417,1.79,G,1.22,137,
NGC3618,,169.635583,23.469083,0.89,G,0.77,3,
NGC3619,,169.839833,57.757833,3.89,G,3.08,25,
NGC3620,,169.019500,-76.216306,3.16,G,0.84,80,
NGC3621,,169.568792,-32.814056,9.79,G,4.03,161,
NGC3622,,170.051542,67.241556,1.25,G,0.51,9,
NGC3623,,169.733000,13.092361,7.64,G,1.97,173,65
NGC3624,,169.712417,7.521389,0.91,G,0.51,166,
NGC3625,,170.130583,57.781417,1.91,G,0.50,151,
NGC3626,,170.015875,18.356833,2.94,G,1.94,157,
NGC3627,,170.062333,12.991528,10.28,G,4.61,168,66
NGC3628,,170.070708,13.589694,11.04,G,3.44,104,
NGC3629,,170.132542,26.963361,1.77,G,1.14,35,
NGC3630,,170.070750,2.964389,1.92,G,0.88,38,
NGC3631,,170.261958,53.169556,3.72,G,3.08,118,
NGC3633,,170.109250,3.585611,1.19,G,0.44,71,
NGC3634,,170.126292,-9.013750,0.35,G,0.21,,
NGC3635,,170.130792,-9.013611,1.35,G,1.35,55,
NGC3636,,170.104333,-10.281778,2.51,G,1.29,91,
NGC3637,,170.164875,-10.257361,2.45,G,2.14,20,
NGC3638,,170.041792,-8.105694,1.60,G,0.38,140,
NGC3639,,170.398667,18.458583,1.10,G,0.85,27,
NGC3640,,170.278542,3.234833,4.33,G,3.81,98,
NGC3641,,170.286708,3.194583,0.99,G,0.82,178,
NGC3642,,170.574542,59.074528,4.27,G,3.65,120,
NGC3643,,170.354125,3.013917,0.95,G,0.74,107,
NGC3644,,170.386958,2.810444,1.43,G,0.61,65,
NGC3646,,170.429500,20.169556,3.09,G,1.48,45,
NGC3647,,170.410750,2.891722,0.39,G,0.38,75,
NGC3648,,170.631292,39.876889,1.19,G,0.73,73,
NGC3649,,170.561417,20.208528,0.76,G,0.54,141,
NGC3650,,170.647458,20.703917,1.91,G,0.32,54,
NGC3651,,170.609583,24.297222,1.00,GPair,,,
NGC3651 NED01,,170.609667,24.299083,1.35,G,1.10,137,
NGC3651 NED02,,170.609917,24.295444,0.78,G,0.36,99,
NGC3652,,170.662625,37.765111,2.48,G,0.77,153,
NGC3653,,170.625292,24.279278,1.21,G,0.65,79,
NGC3654,,171.044750,69.413083,1.46,G,0.84,45,
NGC3655,,170.727583,16.590028,1.45,G,1.00,32,
NGC3656,,170.911042,53.842111,1.46,G,0.97,168,
NGC3657,,170.981583,52.921000,0.99,G,0.88,169,
NGC3658,,170.992750,38.562333,1.72,G,1.59,30,
NGC3659,,170.939750,17.818667,1.96,G,1.04,59,
NGC3660,,170.884500,-8.658556,2.56,G,2.17,105,
NGC3661,,170.910125,-13.831111,1.77,G,0.75,139,
NGC3662,,170.943583,-1.104861,1.32,G,0.76,19,
NGC3663,,170.999625,-12.296444,1.98,G,1.43,85,
NGC3664,,171.101042,3.325000,1.45,G,0.94,34,
NGC3664A,,171.104583,3.222500,0.63,G,0.51,1,
NGC3665,,171.181958,38.762861,4.06,G,3.00,29,
NGC3666,,171.108625,11.342222,3.44,G,0.99,97,
NGC3667,,171.070917,-13.857306,2.10,G,1.20,82,
NGC3667A,,171.089542,-13.855806,0.92,G,0.68,41,
NGC3668,,171.376833,63.446333,1.82,G,1.11,133,
NGC3669,,171.361500,57.721250,1.79,G,0.45,154,
NGC3670,,171.206917,23.945222,1.06,G,0.66,36,
NGC3671,,171.468958,60.479583,0.82,G,0.67,1,
NGC3672,,171.260292,-9.795389,2.90,G,1.69,7,
NGC3673,,171.303542,-26.736722,3.48,G,2.32,74,
NGC3674,,171.610875,57.048389,1.59,G,0.47,32,
NGC3675,,171.535750,43.585917,5.90,G,3.27,178,
NGC3676,,171.406250,-11.139667,1.01,G,0.76,151,
NGC3677,,171.574000,46.974111,1.49,G,1.29,130,
NGC3678,,171.565667,27.867139,0.71,G,0.68,50,
NGC3679,,170.450250,-5.757694,1.21,G,0.95,90,
NGC3680,,171.404500,-43.250111,5.70,OCl,,,
NGC3681,,171.624167,16.863194,1.74,G,1.68,10,
NGC3682,,171.921667,66.589833,2.23,G,1.41,93,
NGC3683,,171.882708,56.877056,1.74,G,0.71,124,
NGC3683A,,172.299000,57.132333,2.03,G,1.48,68,
NGC3684,,171.796667,17.030167,2.29,G,1.50,126,
NGC3685,,172.067583,4.327278,0.75,G,0.38,147,
NGC3686,,171.933208,17.224194,2.88,G,2.18,21,
NGC3687,,172.002542,29.511056,1.40,G,0.49,173,
NGC3688,,171.935208,-9.165611,1.11,G,0.93,168,
NGC3689,,172.045958,25.661167,1.48,G,0.97,94,
NGC3690,,172.134583,58.561944,2.10,GPair,,,
NGC3690A,,172.129250,58.561306,0.21,G,0.15,164,
NGC3690B,,172.140125,58.562944,2.40,G,1.86,41,
NGC3691,,172.039208,16.920472,1.49,G,1.04,20,
NGC3692,,172.100042,9.407639,3.22,G,0.75,93,
NGC3693,,172.048208,-13.194861,2.33,G,0.75,86,
NGC3694,,172.225542,35.414000,1.00,G,0.78,116,
NGC3695,,172.321208,35.575722,0.97,G,0.67,165,
NGC3696,,172.182875,-11.282833,0.90,G,0.73,102,
NGC3697,,172.209917,20.795028,2.07,G,0.61,93,
NGC3699,,171.988125,-59.958056,0.75,PN,,,
NGC3700,,172.410875,35.514639,0.98,G,0.71,146,
NGC3701,,172.370500,24.093444,1.60,G,0.77,143,
NGC3702,,172.556167,-8.862917,1.29,G,0.95,158,
NGC3703,,172.289000,-8.446444,0.60,G,0.42,110,
NGC3704,,172.519375,-11.546333,1.55,G,1.44,30,
NGC3705,,172.531083,9.276639,4.31,G,1.74,121,
NGC3705A,,172.623833,9.387944,0.89,G,0.28,128,
NGC3705B,,172.432083,9.205806,0.59,G,0.27,69,
NGC3706,,172.435125,-36.391306,3.10,G,2.10,78,
NGC3707,,172.548167,-11.543500,0.67,G,0.53,77,
NGC3708,,172.663667,-3.222583,,Other,,,
NGC3709,,172.663625,-3.255917,,Other,,,
NGC3710,,172.778917,22.768056,1.22,G,0.45,99,
NGC3711,,172.356333,-11.079083,0.95,G,0.46,155,
NGC3712,,172.788125,28.567944,1.97,G,0.70,159,
NGC3713,,172.925083,28.153583,1.21,G,0.80,123,
NGC3714,,172.973375,28.358472,1.23,G,0.85,65,
NGC3715,,172.884750,-14.231361,1.23,G,0.81,133,
NGC3716,,172.921375,3.488000,0.92,G,0.78,152,
NGC3717,,172.883292,-30.307750,6.52,G,2.04,32,
NGC3718,,173.145208,53.067917,4.70,G,2.34,9,
NGC3719,,173.056083,0.819278,1.67,G,1.11,24,
NGC3720,,173.090000,0.804000,1.07,G,0.99,125,
NGC3721,,173.532583,-9.467139,0.91,G,0.53,130,
NGC3722,,173.597125,-9.680056,1.11,G,0.81,58,
NGC3723,,173.127292,-9.969528,1.30,G,1.10,75,
NGC3724,,173.619500,-9.660194,1.46,G,0.35,63,
NGC3725,,173.418875,61.888000,1.54,G,1.27,144,
NGC3726,,173.338000,47.029194,5.27,G,3.54,14,
NGC3727,,173.420542,-13.878889,0.92,G,0.63,87,
NGC3728,,173.315750,24.446889,1.56,G,0.85,22,
NGC3729,,173.455500,53.125556,2.89,G,2.09,14,
NGC3730,,173.570333,-9.576111,1.42,G,1.06,13,
NGC3731,,173.548667,12.512306,0.97,G,0.85,45,
NGC3732,,173.558083,-9.845667,1.28,G,1.10,89,
NGC3733,,173.756667,54.850500,3.40,G,1.07,167,
NGC3734,,173.669500,-14.081833,1.11,G,0.97,59,
NGC3735,,173.988750,70.535583,3.54,G,0.80,130,
NGC3736,,173.923875,73.451833,1.15,G,0.55,151,
NGC3737,,173.901583,54.948556,1.10,G,0.95,89,
NGC3738,,173.953292,54.523889,2.26,G,1.63,156,
NGC3739,,173.906667,25.088639,1.22,G,0.35,18,
NGC3740,,174.051167,59.976500,1.26,G,0.69,109,
NGC3741,,174.025750,45.283639,0.94,G,0.81,2,
NGC3742,,173.885458,-37.956389,2.60,G,1.83,113,
NGC3743,,173.989000,21.722611,0.56,G,0.48,3,
NGC3744,,173.991125,23.011556,0.73,G,0.32,13,
NGC3745,,174.435125,22.021278,0.58,G,0.33,102,
NGC3746,,174.431750,22.009833,1.13,G,0.53,115,
NGC3747,,173.129417,74.378389,0.48,G,0.23,110,
NGC3748,,174.454417,22.026139,0.85,G,0.31,138,
NGC3749,,173.971708,-37.997361,2.82,G,0.48,109,
NGC3750,,174.465167,21.974250,1.05,G,0.73,154,
NGC3751,,174.474417,21.936472,0.91,G,0.53,9,
NGC3752,,173.134208,74.627528,1.62,G,0.68,152,
NGC3753,,174.474583,21.981389,1.60,G,0.46,109,
NGC3754,,174.478833,21.985500,0.55,G,0.45,1,
NGC3755,,174.139042,36.410333,2.90,G,1.16,124,
NGC3756,,174.200083,54.293556,1.91,G,0.97,179,
NGC3757,,174.261917,58.415528,1.14,G,0.89,125,
NGC3758,,174.121250,21.596111,0.70,G,0.57,54,
NGC3759,,174.225375,54.823306,1.03,G,0.95,10,
NGC3759A,,174.241792,55.162056,1.08,G,0.97,35,
NGC3761,,174.183833,22.992028,1.09,G,0.83,63,
NGC3762,,174.349292,61.759361,1.83,G,0.42,166,
NGC3763,,174.125792,-9.846694,1.07,G,0.95,159,
NGC3764,,174.225417,17.889444,0.80,GPair,,,
NGC3764 NED01,,174.227583,17.888611,0.69,G,0.56,132,
NGC3764 NED02,,174.223583,17.890444,0.24,G,0.19,25,
NGC3765,,174.267417,24.096250,0.85,G,0.57,61,
NGC3766,Pearl Cluster,174.059958,-61.605167,6.90,OCl,,,
NGC3767,,174.314833,16.877167,0.98,G,0.70,88,
NGC3768,,174.310333,17.839889,1.36,G,0.84,154,
NGC3769,,174.433792,47.893083,2.82,G,0.89,150,
NGC3769A,,174.464000,47.881333,0.92,G,0.37,107,
NGC3770,,174.494750,59.616917,0.95,G,0.63,119,
NGC3771,,174.775000,-9.348194,1.47,G,0.86,10,
NGC3772,,174.452000,22.691278,1.31,G,0.69,14,
NGC3773,,174.553667,12.112056,1.23,G,0.97,161,
NGC3774,,174.626083,-8.976139,1.11,G,0.67,79,
NGC3775,,174.611250,-10.638778,1.28,G,0.50,30,
NGC3776,,174.574917,-3.354389,0.48,G,0.38,155,
NGC3777,,174.028542,-12.569083,1.18,G,0.63,35,
NGC3778,,174.589208,-50.715361,1.21,G,0.99,40,
NGC3779,,174.712708,-10.583750,1.62,G,0.82,92,
NGC3780,,174.843167,56.270667,2.64,G,2.17,74,
NGC3781,,174.765667,26.361750,0.68,G,0.55,25,
NGC3782,,174.836500,46.513833,1.23,G,0.64,178,
NGC3783,,174.757333,-37.738667,2.15,G,1.94,163,
NGC3784,,174.874167,26.309139,0.93,G,0.50,137,
NGC3785,,174.887042,26.302278,1.11,G,0.44,27,
NGC3786,,174.927292,31.909278,1.96,G,1.00,72,
NGC3787,,174.908125,20.454694,0.75,G,0.70,25,
NGC3788,,174.936042,31.931194,2.00,G,0.58,179,
NGC3789,,174.537750,-9.607139,1.80,G,0.52,178,
NGC3790,,174.946917,17.712250,1.03,G,0.36,154,
NGC3791,,174.923750,-9.367250,1.34,G,0.92,165,
NGC3792,,174.910542,5.099500,,**,,,
NGC3793,,175.008292,31.877722,,*,,,
NGC3794,,175.222583,56.202028,2.03,G,1.12,118,
NGC3795,,175.027792,58.613083,2.10,G,0.55,54,
NGC3795A,,174.838792,58.268694,2.03,G,1.48,71,
NGC3796,,175.129667,60.298917,1.46,G,0.88,126,
NGC3797,,175.055458,31.906556,,*,,,
NGC3798,,175.058083,24.697056,2.15,G,1.01,60,
NGC3799,,175.039083,15.327306,0.67,G,0.38,105,
NGC3800,,175.056292,15.342361,1.67,G,0.58,53,
NGC3801,,175.070583,17.728056,2.31,G,1.29,120,
NGC3802,,175.078250,17.765333,1.04,G,0.24,85,
NGC3803,,175.071875,17.801250,0.62,G,0.50,19,
NGC3805,,175.173667,20.342944,1.53,G,1.25,62,
NGC3806,,175.194292,17.796278,1.14,G,0.94,170,
NGC3807,,175.477833,17.818917,,*,,,
NGC3808,,175.185000,22.437778,2.20,GPair,,,
NGC3808A,,175.184333,22.429361,0.94,G,0.73,135,
NGC3808B,,175.186000,22.446944,0.75,G,0.33,46,
NGC3809,,175.316917,59.885778,1.22,G,1.12,125,
NGC3810,,175.244833,11.471139,3.35,G,2.29,28,
NGC3811,,175.319292,47.690806,2.03,G,1.51,172,
NGC3812,,175.282125,24.821694,1.71,G,0.52,25,
NGC3813,,175.327750,36.546806,2.12,G,1.22,85,
NGC3814,,175.365333,24.805417,0.79,G,0.42,172,
NGC3815,,175.413708,24.800500,1.44,G,0.77,70,
NGC3816,,175.450167,20.103639,1.70,G,0.90,68,
NGC3817,,175.470625,10.304389,1.10,G,0.85,122,
NGC3818,,175.489000,-6.155667,2.44,G,1.55,96,
NGC3819,,175.524417,10.351139,0.90,G,0.63,145,
NGC3820,,175.520458,10.384250,0.69,G,0.52,25,
NGC3821,,175.537958,20.315667,1.36,G,1.01,175,
NGC3822,,175.546292,10.277778,1.36,G,0.76,176,
NGC3823,,175.562917,-13.866944,1.93,G,1.18,86,
NGC3824,,175.686917,52.779583,1.23,G,0.69,115,
NGC3825,,175.598875,10.264139,1.35,G,0.89,147,
NGC3826,,175.636875,26.488889,1.06,G,0.79,68,
NGC3827,,175.651125,18.845444,1.01,G,0.73,74,
NGC3828,,175.743417,16.487611,0.77,G,0.55,51,
NGC3829,,175.863667,52.711139,1.04,G,0.55,97,
NGC3831,,175.827500,-12.878361,2.28,G,0.63,23,
NGC3832,,175.881000,22.725444,1.87,G,1.51,7,
NGC3833,,175.870750,10.161861,1.34,G,0.67,29,
NGC3834,,175.907208,19.090472,0.86,G,0.60,133,
NGC3835,,176.020417,60.119778,1.91,G,0.64,62,
NGC3835A,,176.845417,60.300444,1.10,G,1.08,170,
NGC3836,,175.874167,-16.795556,1.50,GPair,,,
NGC3836 NED01,,175.872958,-16.794250,0.43,G,0.18,111,
NGC3836 NED02,,175.874333,-16.796472,1.20,G,0.93,138,
NGC3837,,175.985125,19.894583,0.93,G,0.84,6,
NGC3838,,176.057333,57.948222,1.43,G,0.59,141,
NGC3839,,175.976375,10.784694,1.04,G,0.51,85,
NGC3840,,175.995667,20.077028,0.79,G,0.68,67,
NGC3841,,176.008958,19.971889,0.99,G,0.65,119,
NGC3842,,176.008958,19.949806,2.14,G,1.49,177,
NGC3843,,175.977625,7.925694,0.99,G,0.37,43,
NGC3844,,176.003292,20.029333,1.16,G,0.30,28,
NGC3845,,176.022792,19.996111,0.95,G,0.47,125,
NGC3846,,176.121167,55.652250,0.97,G,0.63,134,
NGC3846A,,176.061750,55.034972,1.94,G,1.55,47,
NGC3847,,176.058208,33.514528,1.52,G,1.36,130,
NGC3849,,176.396875,3.231833,0.67,G,0.40,29,
NGC3850,,176.398167,55.886889,1.71,G,0.69,124,
NGC3851,,176.085083,19.980861,0.63,G,0.48,83,
NGC3853,,176.118042,16.558111,1.43,G,0.82,140,
NGC3854,,176.216875,-9.233278,1.87,G,1.64,57,
NGC3855,,176.107417,33.355083,1.22,G,0.95,73,
NGC3857,,176.208958,19.532861,0.90,G,0.55,48,
NGC3858,,176.298667,-9.313972,1.41,G,0.77,71,
NGC3859,,176.217667,19.454194,1.05,G,0.33,58,
NGC3860,,176.204833,19.795028,1.32,G,0.72,40,
NGC3861,,176.266167,19.973694,2.04,G,1.01,61,
NGC3862,,176.270875,19.606306,1.09,G,1.09,155,
NGC3863,,176.273000,8.469500,2.51,G,0.52,74,
NGC3864,,176.315333,19.392111,0.77,G,0.58,82,
NGC3867,,176.373417,19.400167,1.44,G,0.82,176,
NGC3868,,176.374750,19.444694,0.84,G,0.44,80,
NGC3869,,176.439833,10.824611,1.67,G,0.46,136,
NGC3870,,176.485833,50.199750,1.03,G,0.75,24,
NGC3871,,176.542250,33.108750,0.94,G,0.20,104,
NGC3872,,176.454417,13.766694,2.39,G,1.77,4,
NGC3873,,176.442083,19.773944,1.14,G,1.06,0,
NGC3874,,176.407292,8.573917,,**,,,
NGC3875,,176.456042,19.767417,1.59,G,0.36,86,
NGC3876,,176.361125,9.160722,1.12,G,0.64,105,
NGC3877,,176.532083,47.494333,5.36,G,1.23,36,
NGC3878,,176.574083,33.204472,0.60,G,0.60,145,
NGC3879,,176.705917,69.383694,2.04,G,0.50,131,
NGC3880,,176.592625,33.161778,0.94,G,0.90,115,
NGC3881,,176.643375,33.106417,1.20,G,1.04,15,
NGC3882,,176.527292,-56.388139,3.32,G,1.82,107,
NGC3883,,176.696583,20.675417,1.77,G,1.56,159,
NGC3884,,176.550750,20.391639,1.91,G,1.41,10,
NGC3885,,176.693708,-27.922167,2.74,G,1.11,120,
NGC3886,,176.773333,19.837194,1.35,G,0.71,125,
NGC3887,,176.769042,-16.854611,3.27,G,2.57,10,
NGC3888,,176.893208,55.967222,1.61,G,1.31,119,
NGC3889,,176.950542,56.018333,0.73,G,0.41,123,
NGC3890,,177.332708,74.302194,0.87,G,0.78,50,
NGC3891,,177.014000,30.359333,1.72,G,1.29,71,
NGC3892,,177.004125,-10.962056,3.08,G,2.70,98,
NGC3893,,177.159125,48.710833,2.69,G,1.43,158,
NGC3894,,177.209833,59.415667,2.66,G,1.83,18,
NGC3895,,177.266792,59.432667,1.19,G,0.81,124,
NGC3896,,177.234958,48.674667,1.39,G,0.86,129,
NGC3897,,177.247750,35.016056,1.53,G,1.16,107,
NGC3898,,177.314042,56.084361,3.47,G,2.11,107,
NGC3899,,177.518542,26.479250,1.51,G,0.67,4,
NGC3900,,177.289417,27.022028,2.55,G,1.25,2,
NGC3901,,175.707167,77.372694,1.37,G,0.67,166,
NGC3902,,177.328167,26.121611,1.27,G,0.82,89,
NGC3903,,177.264750,-37.517111,1.28,G,1.11,133,
NGC3904,,177.305083,-29.276750,3.47,G,2.51,11,
NGC3905,,177.270458,-9.729833,1.89,G,1.29,63,
NGC3906,,177.418750,48.425972,1.35,G,0.84,80,
NGC3907,,177.375583,-1.086528,1.06,G,0.67,40,
NGC3907B,,177.348083,-1.083778,1.49,G,0.41,71,
NGC3908,,177.469500,12.185917,0.65,G,0.52,79,
NGC3909,,177.533917,-48.238139,6.60,OCl,,,
NGC3910,,177.497125,21.333639,1.43,G,0.94,144,
NGC3911,,177.342042,24.938472,0.87,G,0.71,112,
NGC3913,,177.662250,55.353861,1.64,G,1.38,146,
NGC3914,,177.636042,6.567583,0.84,G,0.39,37,
NGC3915,,177.352208,-5.118444,1.90,G,0.43,96,
NGC3916,,177.712708,55.143639,1.21,G,0.31,47,
NGC3917,,177.689292,51.824667,4.61,G,1.03,76,
NGC3918,Blue Planetary,177.574792,-57.182333,0.32,PN,,,
NGC3919,,177.673042,20.015194,0.95,G,0.87,150,
NGC3920,,177.524708,24.920000,1.05,G,0.89,131,
NGC3921,,177.778625,55.078750,2.02,G,1.20,30,
NGC3922,,177.805958,50.156889,1.91,G,0.65,39,
NGC3923,,177.757042,-28.806028,6.89,G,4.55,48,
NGC3925,,177.837375,21.889139,1.23,G,0.82,15,
NGC3926,,177.864167,22.026944,1.20,GPair,,,
NGC3926A,,177.860667,22.027972,0.62,G,0.51,86,
NGC3926B,,177.867625,22.025972,0.83,G,0.38,135,
NGC3928,Miniature Spiral,177.948417,48.683139,1.36,G,1.25,0,
NGC3929,,177.927208,21.002722,0.58,G,0.44,85,
NGC3930,,177.941708,38.015111,2.66,G,1.98,38,
NGC3931,,177.806042,52.000861,1.13,G,0.88,157,
NGC3932,,178.045167,48.620389,,*,,,
NGC3933,,178.008542,16.809694,1.01,G,0.50,83,
NGC3934,,178.052333,16.851444,0.92,G,0.67,73,
NGC3935,,178.100292,32.403806,1.03,G,0.60,112,
NGC3936,,178.085792,-26.905889,4.55,G,0.78,64,
NGC3937,,178.177583,20.631306,1.75,G,1.54,20,
NGC3938,,178.206042,44.120722,3.55,G,3.44,28,
NGC3940,,178.193542,20.989278,1.22,G,1.04,99,
NGC3941,,178.230667,36.986333,3.51,G,2.33,10,
NGC3942,,177.875583,-11.424722,1.34,G,0.69,124,
NGC3943,,178.235708,20.479111,0.97,G,0.91,130,
NGC3944,,178.271167,26.206944,1.07,G,0.76,30,
NGC3945,,178.307208,60.675556,5.55,G,3.29,15,
NGC3946,,178.335958,21.021528,0.66,G,0.54,83,
NGC3947,,178.334667,20.751722,1.37,G,0.80,106,
NGC3948,,178.402708,20.950778,,*,,,
NGC3949,,178.423833,47.858694,2.26,G,1.32,116,
NGC3950,,178.422542,47.884583,0.40,G,0.34,52,
NGC3951,,178.421875,23.382222,1.02,G,0.51,175,
NGC3952,,178.419292,-3.996528,1.63,G,0.41,84,
NGC3953,,178.453833,52.326778,6.14,G,3.13,14,
NGC3954,,178.423667,20.882500,0.91,G,0.75,19,
NGC3955,,178.488125,-23.164167,4.15,G,1.21,166,
NGC3956,,178.502875,-20.567333,3.46,G,1.00,64,
NGC3957,,178.506292,-19.568889,3.24,G,0.61,176,
NGC3958,,178.640333,58.367028,1.26,G,0.51,30,
NGC3959,,178.656875,-7.756500,0.88,G,0.59,153,
NGC3960,,177.638375,-55.669833,6.00,OCl,,,
NGC3961,,178.740167,69.330111,1.30,G,1.28,165,
NGC3962,,178.667083,-13.975028,4.17,G,3.00,10,
NGC3963,,178.744625,58.493639,2.52,G,2.22,96,
NGC3964,,178.722833,28.262417,0.89,G,0.67,78,
NGC3965,,178.596292,-10.866861,0.60,G,0.39,123,
NGC3966,,179.184125,32.021778,2.48,G,0.52,109,
NGC3967,,178.793333,-7.843778,1.28,G,1.01,108,
NGC3968,,178.869583,11.968361,1.91,G,1.31,17,
NGC3969,,178.788500,-18.927417,1.32,G,1.16,64,
NGC3970,,178.866958,-12.061278,1.19,G,0.52,101,
NGC3971,,178.901625,29.995917,1.05,G,0.91,76,
NGC3972,,178.937875,55.320750,3.67,G,0.99,117,
NGC3973,,178.904167,11.997389,0.69,G,0.42,166,
NGC3974,,178.917250,-12.027444,1.18,G,0.96,170,
NGC3975,,178.973708,60.529417,0.76,G,0.42,94,
NGC3976,,178.988708,6.749444,3.13,G,0.90,57,
NGC3977,,179.030000,55.390778,1.53,G,1.19,177,
NGC3978,,179.043000,60.522528,1.58,G,1.46,25,
NGC3979,,179.004375,-2.720861,1.23,G,0.65,99,
NGC3981,,179.031042,-19.896167,3.32,G,2.11,15,
NGC3982,,179.117208,55.125250,2.13,G,1.87,25,
NGC3983,,179.098667,23.867944,1.17,G,0.27,113,
NGC3985,,179.175458,48.333944,1.06,G,0.70,67,
NGC3987,,179.337167,25.195389,2.72,G,0.68,59,
NGC3988,,179.350917,27.877528,0.76,G,0.59,50,
NGC3989,,179.361208,25.233083,0.76,G,0.38,123,
NGC3990,,179.398167,55.458667,1.38,G,0.81,42,
NGC3991,,179.379500,32.337778,1.80,GPair,,,
NGC3991 NED01,,179.376583,32.333833,1.17,G,0.29,31,
NGC3991 NED02,,179.382208,32.341722,0.83,G,0.50,15,
NGC3992,,179.399917,53.374528,8.07,G,5.64,78,109
NGC3993,,179.407583,25.240611,1.68,G,0.51,140,
NGC3994,,179.403625,32.277611,0.85,G,0.46,10,
NGC3995,,179.433750,32.294056,2.59,G,0.95,38,
NGC3996,,179.441917,14.297417,0.83,G,0.64,51,
NGC3997,,179.450958,25.270639,1.10,G,0.56,126,
NGC3998,,179.483875,55.453583,2.78,G,2.26,139,
NGC3999,,179.485375,25.068278,0.63,G,0.40,86,
NGC4000,,179.487583,25.144472,1.04,G,0.37,1,
NGC4001,,179.528250,47.334861,0.59,G,0.40,149,
NGC4002,,179.497083,23.202056,1.34,G,0.61,111,
NGC4003,,179.496000,23.124889,1.04,G,0.61,160,
NGC4004,,179.521792,27.878861,1.17,G,0.51,8,
NGC4004B,,179.464083,27.868667,0.76,G,0.47,75,
NGC4005,,179.542375,25.122250,1.12,G,0.74,92,
NGC4006,,179.524083,-2.120083,1.52,G,0.96,13,
NGC4008,,179.571000,28.192500,2.07,G,1.11,166,
NGC4009,,179.562708,25.189750,,*,,,
NGC4010,,179.657875,47.261500,3.07,G,0.65,66,
NGC4011,,179.605958,25.097639,0.77,G,0.37,35,
NGC4012,,179.614708,10.021500,1.73,G,0.52,151,
NGC4013,,179.630750,43.946583,4.89,G,1.23,58,
NGC4014,,179.649208,16.177306,1.63,G,0.99,119,
NGC4015,,179.678750,25.040278,1.40,GPair,,,
NGC4015 NED01,,179.677500,25.036611,1.62,G,1.26,156,
NGC4015 NED02,,179.680083,25.043833,0.78,G,0.16,35,
NGC4016,,179.620917,27.528778,0.76,G,0.47,155,
NGC4017,,179.690292,27.452444,1.57,G,1.08,69,
NGC4018,,179.669583,25.316417,1.39,G,0.41,162,
NGC4019,,180.293417,14.104306,1.48,G,0.30,145,
NGC4020,,179.736125,30.411889,1.87,G,0.82,19,
NGC4021,,179.760792,25.083222,0.93,G,0.84,81,
NGC4022,,179.754208,25.222806,1.00,G,0.96,105,
NGC4023,,179.772792,24.988972,0.92,G,0.75,30,
NGC4024,,179.630208,-18.346833,1.75,G,1.51,64,
NGC4025,,179.792458,37.793417,1.42,G,0.92,34,
NGC4026,,179.854958,50.961694,4.41,G,0.87,178,
NGC4027,,179.875708,-19.265222,3.54,G,2.80,163,
NGC4027A,,179.872458,-19.332000,1.11,G,0.57,165,
NGC4029,,180.013208,8.181722,1.25,G,0.60,156,
NGC4030,,180.098458,-1.100083,3.78,G,2.65,19,
NGC4031,,180.130625,31.947583,0.67,G,0.47,48,
NGC4032,,180.136750,20.073944,1.35,G,1.06,179,
NGC4033,,180.144750,-17.842611,2.59,G,1.30,44,
NGC4034,,180.373583,69.323917,1.45,G,0.87,11,
NGC4035,,180.122250,-15.948083,1.23,G,1.11,22,
NGC4036,,180.361458,61.895778,4.85,G,2.08,83,
NGC4037,,180.348625,13.401028,2.38,G,2.22,30,
NGC4038,Antennae Galaxies,180.470875,-18.867611,5.42,G,3.78,80,
NGC4039,Antennae Galaxies,180.472958,-18.886194,5.36,G,2.73,50,
NGC4040,,180.522667,17.823222,1.20,G,0.61,140,
NGC4041,,180.550833,62.137222,2.57,G,2.39,70,
NGC4042,,180.694917,20.163250,0.41,G,0.32,124,
NGC4043,,180.595667,4.329806,0.95,G,0.63,136,
NGC4044,,180.622958,-0.212417,1.12,G,1.03,5,
NGC4045,,180.676000,1.976806,2.55,G,1.58,86,
NGC4045A,,180.677875,1.952222,0.92,G,0.42,146,
NGC4047,,180.711167,48.636194,1.53,G,1.17,100,
NGC4048,,180.709125,18.015583,0.67,G,0.52,92,
NGC4049,,180.727917,18.752500,1.16,G,0.72,51,
NGC4050,,180.724792,-16.373611,3.43,G,2.14,89,
NGC4051,,180.790042,44.531333,4.89,G,4.26,146,
NGC4052,,180.521625,-63.223472,5.10,OCl,,,
NGC4053,,180.798208,19.728833,1.06,G,0.62,107,
NGC4054,,180.804583,57.894444,1.00,GTrpl,,,
NGC4054 NED01,,180.801917,57.893444,0.65,G,0.43,91,
NGC4054 NED02,,180.805917,57.898056,0.43,G,0.19,167,
NGC4054 NED03,,180.807625,57.890556,0.62,G,0.44,121,
NGC4055,,181.006167,20.232333,0.92,G,0.79,1,
NGC4056,,180.990708,20.312500,0.63,G,0.53,133,
NGC4057,,181.025708,20.235083,1.29,G,0.99,120,
NGC4058,,180.954417,3.548222,1.39,G,0.69,167,
NGC4060,,181.004167,20.337417,0.55,G,0.35,88,
NGC4062,,181.015958,31.895806,4.14,G,1.61,101,
NGC4063,,181.024958,1.846972,0.92,G,0.40,8,
NGC4064,,181.046500,18.443417,3.22,G,1.31,151,
NGC4066,,181.039250,20.347944,1.16,G,1.09,170,
NGC4067,,181.048083,10.854389,1.13,G,0.82,38,
NGC4068,,181.003250,52.588278,1.92,G,1.16,29,
NGC4069,,181.025167,20.323778,0.49,G,0.35,25,
NGC4070,,181.047083,20.409833,1.24,G,0.99,46,
NGC4071,,181.065708,-67.310111,1.05,PN,,,
NGC4072,,181.057667,20.209722,0.44,G,0.22,29,
NGC4073,,181.112792,1.895972,2.09,G,1.70,99,
NGC4074,,181.123667,20.316222,0.55,G,0.31,110,
NGC4075,,181.157625,2.072528,1.21,G,0.66,110,
NGC4076,,181.135500,20.204944,0.87,G,0.79,78,
NGC4077,,181.158542,1.787722,1.26,G,0.86,19,
NGC4078,,181.198500,10.595583,1.17,G,0.58,17,
NGC4079,,181.207708,-2.382389,1.73,G,1.18,135,
NGC4080,,181.215958,26.992528,1.23,G,0.58,121,
NGC4081,,181.141292,64.436750,1.43,G,0.63,130,
NGC4082,,181.297708,10.670611,0.78,G,0.35,70,
NGC4083,,181.308542,10.613222,0.88,G,0.46,35,
NGC4084,,181.313583,21.214444,1.08,G,1.07,120,
NGC4085,,181.344625,50.352944,2.22,G,0.57,78,
NGC4086,,181.372375,20.246750,1.17,G,0.87,85,
NGC4087,,181.397208,-26.522639,2.00,G,1.69,40,
NGC4088,,181.392458,50.539028,7.01,G,2.65,44,
NGC4089,,181.405958,20.555722,0.86,G,0.84,75,
NGC4090,,181.366333,20.308750,1.12,G,0.50,38,
NGC4091,,181.417042,20.555722,0.94,G,0.24,42,
NGC4092,,181.458792,20.477000,1.01,G,0.99,40,
NGC4093,,181.464458,20.521972,0.75,G,0.61,50,
NGC4094,,181.474833,-14.526417,4.40,G,1.51,62,
NGC4095,,181.475917,20.572528,1.36,G,1.07,149,
NGC4096,,181.504708,47.478444,5.65,G,1.43,20,
NGC4097,,181.510458,36.863667,1.22,G,0.92,94,
NGC4098,,181.516250,20.606111,1.20,GPair,,,
NGC4098 NED01,,181.514917,20.608083,1.32,G,0.85,156,
NGC4098 NED02,,181.517583,20.603917,1.23,G,0.79,161,
NGC4100,,181.535208,49.582694,4.56,G,1.30,167,
NGC4101,,181.544042,25.557000,1.18,G,0.74,59,
NGC4102,,181.595792,52.711083,2.94,G,1.67,37,
NGC4103,,181.664875,-61.250083,7.80,OCl,,,
NGC4104,,181.662375,28.174194,2.50,G,1.09,34,
NGC4105,,181.669875,-29.760222,4.33,G,3.41,136,
NGC4106,,181.686667,-29.768306,4.14,G,3.33,94,
NGC4108,,181.685708,67.163083,1.63,G,1.33,105,
NGC4108A,,181.456917,67.252083,1.28,G,0.56,12,
NGC4108B,,181.798417,67.235167,1.33,G,1.02,122,
NGC4109,,181.713000,42.995639,0.70,G,0.53,146,
NGC4110,,181.764375,18.531722,1.31,G,0.65,128,
NGC4111,,181.763042,43.065722,1.78,G,0.64,152,
NGC4112,,181.789458,-40.208167,1.70,G,0.99,5,
NGC4113,,181.785333,32.995889,0.81,G,0.47,62,
NGC4114,,181.801208,-14.185472,2.16,G,1.07,135,
NGC4115,,181.789792,14.406556,,*,,,
NGC4116,,181.904792,2.690500,2.57,G,1.49,152,
NGC4117,,181.942125,43.126361,1.58,G,0.63,20,
NGC4118,,181.970292,43.111056,0.69,G,0.38,148,
NGC4119,,182.040083,10.378889,1.58,G,1.10,120,
NGC4120,,182.129250,69.544833,1.57,G,0.38,167,
NGC4121,,181.985958,65.113944,0.52,G,0.46,65,
NGC4123,,182.046292,2.878278,3.18,G,2.32,125,
NGC4125,,182.025083,65.174139,5.87,G,4.58,95,
NGC4126,,182.156000,16.142778,0.81,G,0.61,4,
NGC4127,,182.109833,76.804028,1.51,G,0.82,134,
NGC4128,,182.134708,68.767611,2.21,G,0.67,62,
NGC4129,,182.221750,-9.036500,2.58,G,0.71,94,
NGC4131,,182.197042,29.304778,1.36,G,0.59,69,
NGC4132,,182.255833,29.250111,1.14,G,0.41,21,
NGC4133,,182.208167,74.904306,1.66,G,1.09,132,
NGC4134,,182.291708,29.176917,1.85,G,0.79,149,
NGC4135,,182.286708,44.003194,0.76,G,0.54,96,
NGC4136,,182.323708,29.927611,2.34,G,2.18,30,
NGC4137,,182.322958,44.090167,0.79,G,0.52,175,
NGC4138,,182.374083,43.685306,2.92,G,1.64,150,
NGC4139,,181.141792,1.801611,1.20,G,0.48,159,
NGC4141,,182.447167,58.849194,1.18,G,0.75,70,
NGC4142,,182.375792,53.104944,1.76,G,0.91,174,
NGC4143,,182.400250,42.534167,2.73,G,1.68,144,
NGC4144,,182.494167,46.457167,5.24,G,1.00,103,
NGC4145,,182.506333,39.883861,4.62,G,2.11,100,
NGC4146,,182.576083,26.430750,1.29,G,1.17,75,
NGC4147,,182.525708,18.542139,2.40,GCl,,,
NGC4148,,182.533208,35.877611,1.63,G,1.07,163,
NGC4149,,182.636833,58.304139,1.37,G,0.27,86,
NGC4150,,182.640208,30.401528,1.99,G,1.33,148,
NGC4151,,182.635750,39.405722,2.88,G,2.21,50,
NGC4152,,182.656250,16.032917,1.36,G,0.89,138,
NGC4155,,182.690375,19.040833,1.24,G,1.05,76,
NGC4156,,182.706708,39.472722,1.11,G,0.95,71,
NGC4157,,182.768208,50.484667,6.22,G,1.14,65,
NGC4158,,182.792375,20.175667,1.45,G,1.14,77,
NGC4159,,182.723417,76.125861,1.36,G,0.55,34,
NGC4160,,183.007250,43.735583,,**,,,
NGC4161,,182.889417,57.737500,1.06,G,0.68,51,
NGC4162,,182.968625,24.123667,2.28,G,1.37,173,
NGC4163,,183.038167,36.169194,1.67,G,1.12,8,
NGC4164,,183.022750,13.205639,0.71,G,0.46,114,
NGC4165,,183.049167,13.246528,1.24,G,0.67,161,
NGC4166,,183.039833,17.757028,1.05,G,0.52,34,
NGC4168,,183.071958,13.205194,2.92,G,2.28,121,
NGC4169,,183.078250,29.179417,1.64,G,0.81,151,
NGC4170,,183.055167,29.166806,,*,,,
NGC4171,,183.159958,29.224500,,*,,,
NGC4172,,183.062042,56.177556,1.23,G,1.16,0,
NGC4173,,183.089417,29.207056,2.34,G,0.52,134,
NGC4174,,183.112042,29.149222,0.91,G,0.41,50,
NGC4175,,183.129375,29.168444,1.61,G,0.33,130,
NGC4176,,183.153458,-9.160472,0.70,G,0.46,76,
NGC4177,,183.171917,-14.014556,1.82,G,1.27,61,
NGC4178,,183.193542,10.865972,4.66,G,1.24,32,
NGC4179,,183.217125,1.299694,4.48,G,1.22,146,
NGC4180,,183.262708,7.038944,1.45,G,0.49,21,
NGC4181,,183.204125,52.903306,1.12,G,0.77,8,
NGC4183,,183.320333,43.698583,4.29,G,0.63,166,
NGC4184,,183.385792,-62.721417,6.0,OCl,,,
NGC4185,,183.342500,28.510972,1.85,G,1.26,165,
NGC4186,,183.527208,14.725806,1.02,G,0.79,57,
NGC4187,,183.372000,50.741500,1.64,G,1.05,147,
NGC4188,,183.530667,-12.586000,0.67,G,0.55,110,
NGC4189,,183.446958,13.424806,2.20,G,1.79,87,
NGC4190,,183.436542,36.634028,1.53,G,1.41,30,
NGC4191,,183.460000,7.200889,1.52,G,1.23,3,
NGC4192,,183.451208,14.900333,11.04,G,2.66,152,98
NGC4193,,183.473292,13.172861,2.23,G,0.99,90,
NGC4194,Medusa Galaxy Merger,183.539458,54.526833,1.64,G,1.14,170,
NGC4195,,183.575333,59.615444,1.51,G,1.32,173,
NGC4196,,183.623958,28.423444,1.14,G,0.81,59,
NGC4197,,183.660625,5.805722,2.84,G,0.73,36,
NGC4198,,183.591875,56.011444,0.80,G,0.43,137,
NGC4199,,183.709167,59.907500,1.10,GPair,,,
NGC4199A,,183.702625,59.906194,1.02,G,0.69,49,
NGC4199B,,183.715417,59.908389,0.85,G,0.41,83,
NGC4200,,183.684292,12.180750,1.43,G,0.86,97,
NGC4201,,183.674417,-11.582861,1.00,G,0.73,81,
NGC4202,,184.535625,-1.064111,1.03,G,0.56,129,
NGC4203,,183.771083,33.197333,3.42,G,1.43,10,
NGC4204,,183.810167,20.658583,4.06,G,4.06,120,
NGC4205,,183.731417,63.782778,1.67,G,0.66,31,
NGC4206,,183.820042,13.023972,4.69,G,0.88,0,
NGC4207,,183.877083,9.584889,1.50,G,0.77,122,
NGC4208,,183.914000,13.901500,2.80,G,1.69,74,
NGC4209,,183.857583,28.468417,,*,,,
NGC4210,,183.815958,65.985333,1.94,G,1.39,96,
NGC4211,,183.899375,28.177639,1.03,G,0.60,123,
NGC4211A,,183.905500,28.169639,0.44,G,0.29,157,
NGC4213,,183.906500,23.981889,1.57,G,1.10,67,
NGC4214,,183.913208,36.326889,6.79,G,5.28,128,
NGC4215,,183.977250,6.401139,1.69,G,0.57,174,
NGC4216,,183.976833,13.149389,7.82,G,1.84,20,
NGC4217,,183.962083,47.091778,5.43,G,1.61,50,
NGC4218,,183.943375,48.130833,0.96,G,0.62,135,
NGC4219,,184.113833,-43.324250,3.75,G,1.23,31,
NGC4219A,,184.499542,-43.540028,1.29,G,0.56,31,
NGC4220,,184.048792,47.883250,3.30,G,0.99,140,
NGC4221,,183.999417,66.230806,1.85,G,1.21,24,
NGC4222,,184.093833,13.307056,2.83,G,0.42,56,
NGC4223,,184.357542,6.690083,2.02,G,1.25,131,
NGC4224,,184.140792,7.462083,2.90,G,1.17,55,
NGC4225,,184.159875,-12.327667,0.84,G,0.61,66,
NGC4226,,184.109500,47.025194,1.12,G,0.53,123,
NGC4227,,184.140417,33.522056,1.49,G,0.82,71,
NGC4229,,184.161625,33.560889,1.24,G,0.79,9,
NGC4230,,184.289042,-55.286139,5.40,OCl,,,
NGC4231,,184.203625,47.457389,0.78,G,0.63,3,
NGC4232,,184.204292,47.438806,1.23,G,0.54,152,
NGC4233,,184.282000,7.624389,2.34,G,0.98,177,
NGC4234,,184.288167,3.683056,1.15,G,1.11,25,
NGC4235,,184.291167,7.191583,4.41,G,0.89,49,
NGC4236,,184.175500,69.462583,23.50,G,6.85,161,
NGC4237,,184.297583,15.323972,1.82,G,1.18,106,
NGC4238,,184.232500,63.409917,1.73,G,0.53,35,
NGC4239,,184.312208,16.531389,1.36,G,0.79,117,
NGC4240,,184.351500,-9.951639,1.47,G,1.28,90,
NGC4241,,184.499583,6.654194,1.46,G,1.03,164,
NGC4242,,184.375750,45.619306,3.80,G,2.67,23,
NGC4244,,184.373583,37.807111,16.22,G,7.24,45,
NGC4245,,184.403208,29.608000,2.55,G,1.62,145,
NGC4246,,184.492167,7.185917,2.14,G,1.09,84,
NGC4247,,184.492000,7.273944,0.99,G,0.84,43,
NGC4248,,184.457708,47.409194,2.01,G,0.90,108,
NGC4249,,184.497458,5.598583,0.86,G,0.84,100,
NGC4250,,184.359458,70.802583,1.87,G,0.94,166,
NGC4251,,184.534375,28.175389,2.34,G,1.23,100,
NGC4252,,184.628708,5.559472,1.19,G,0.41,49,
NGC4253,,184.610458,29.812861,0.89,G,0.64,73,
NGC4254,Coma Pinwheel,184.706667,14.416500,5.04,G,4.74,23,99
NGC4255,,184.733958,4.786139,1.35,G,0.62,113,
NGC4256,,184.679542,65.898250,3.87,G,0.76,41,
NGC4257,,184.776958,5.725972,0.47,G,0.18,66,
NGC4258,,184.739583,47.303972,16.98,G,7.24,150,106
NGC4259,,184.842542,5.376389,1.04,G,0.45,143,
NGC4260,,184.842667,6.098667,2.51,G,1.15,58,
NGC4261,,184.846750,5.825222,4.25,G,3.35,160,
NGC4262,,184.877375,14.877667,1.74,G,1.52,145,
NGC4263,,184.925833,-12.225556,1.16,G,0.55,116,
NGC4264,,184.899000,5.846750,0.86,G,0.67,110,
NGC4266,,184.926250,5.538278,2.00,G,0.50,74,
NGC4267,,184.938500,12.798278,2.55,G,1.76,143,
NGC4268,,184.946750,5.283778,1.51,G,0.64,47,
NGC4269,,184.954958,6.014972,1.22,G,0.93,130,
NGC4270,,184.956125,5.463444,1.88,G,0.78,110,
NGC4271,,184.885833,56.736583,1.77,G,1.36,59,
NGC4272,,184.948500,30.339083,1.02,G,0.83,117,
NGC4273,,184.983667,5.343333,2.19,G,1.95,11,
NGC4274,,184.960792,29.614472,3.63,G,1.70,102,
NGC4275,,184.969083,27.621000,0.87,G,0.81,120,
NGC4276,,185.031167,7.691861,1.34,G,1.18,80,
NGC4277,,185.015500,5.341361,0.76,G,0.32,132,
NGC4278,,185.028417,29.280750,2.89,G,2.83,35,
NGC4279,,185.104167,-11.666611,1.17,G,0.72,26,
NGC4280,,185.132917,-11.652444,,Other,,,
NGC4281,,185.089667,5.386389,2.85,G,1.43,86,
NGC4282,,185.101292,5.572833,0.88,G,0.56,100,
NGC4283,,185.086875,29.310944,1.23,G,1.13,140,
NGC4284,,185.052583,58.092889,1.90,G,0.86,101,
NGC4285,,185.165833,-11.641917,0.93,G,0.46,43,
NGC4286,,185.175375,29.345889,1.08,G,0.38,144,
NGC4287,,185.202083,5.639889,1.22,G,0.39,71,
NGC4288,,185.158792,46.291667,1.70,G,1.35,138,
NGC4288A,,185.169042,46.255444,0.72,G,0.64,155,
NGC4289,,185.259375,3.722139,4.26,G,0.46,1,
NGC4290,,185.198042,58.092500,2.19,G,1.47,70,
NGC4291,,185.075833,75.370833,1.93,G,1.62,108,
NGC4292,,185.318583,4.595694,1.60,G,1.11,10,
NGC4293,,185.303708,18.382389,6.24,G,3.72,72,
NGC4294,,185.324292,11.510444,2.69,G,1.02,148,
NGC4295,,185.290750,28.165111,0.51,G,0.44,152,
NGC4296,,185.368292,6.653556,1.44,G,0.79,16,
NGC4297,,185.364208,6.671028,0.64,G,0.31,171,
NGC4298,,185.386500,14.606167,2.54,G,1.40,137,
NGC4299,,185.418958,11.499917,1.48,G,1.38,0,
NGC4300,,185.422792,5.384806,1.79,G,0.72,40,
NGC4301,,185.613375,4.566278,1.14,G,1.09,15,
NGC4302,,185.427000,14.598306,6.00,G,1.13,178,
NGC4303,,185.478750,4.473639,6.89,G,6.56,20,61
NGC4304,,185.553000,-33.484500,2.48,G,2.43,105,
NGC4305,,185.515000,12.740917,2.30,G,1.19,30,
NGC4306,,185.517125,12.787472,1.49,G,1.06,142,
NGC4307,,185.523667,9.043639,3.44,G,0.81,24,
NGC4307A,,185.530500,8.990556,0.76,G,0.69,90,
NGC4308,,185.486875,30.074361,0.94,G,0.69,21,
NGC4309,,185.551583,7.144306,1.93,G,0.92,86,
NGC4310,,185.609583,29.209028,1.93,G,0.76,148,
NGC4311,,185.611875,29.145944,,**,,,
NGC4312,,185.630667,15.537917,5.02,G,1.15,170,
NGC4313,,185.660583,11.800944,3.80,G,0.99,141,
NGC4314,,185.632583,29.895889,3.70,G,3.56,150,
NGC4315,,185.688083,9.305389,,*,,,
NGC4316,,185.676000,9.332472,2.47,G,0.58,112,
NGC4317,,185.674917,31.037861,,Other,,,
NGC4318,,185.680375,8.198278,0.73,G,0.50,65,
NGC4319,,185.432792,75.322583,2.45,G,0.97,154,
NGC4320,,185.740500,10.548333,0.94,G,0.66,149,
NGC4321,,185.728458,15.821806,6.10,G,5.62,108,100
NGC4322,,185.674542,15.903278,,*,,,
NGC4323,,185.757208,15.905583,1.23,G,0.71,133,
NGC4324,,185.775750,5.250333,2.96,G,1.21,55,
NGC4325,,185.777833,10.621194,1.23,G,0.77,180,
NGC4326,,185.798458,6.072139,1.13,G,1.07,110,
NGC4327,,185.781292,15.736500,,*,,,
NGC4328,,185.833458,15.820389,1.60,G,1.23,99,
NGC4329,,185.836292,-12.558611,1.08,G,0.59,49,
NGC4330,,185.821875,11.367972,2.29,G,0.60,60,
NGC4331,,185.649833,76.172472,1.58,G,0.37,2,
NGC4332,,185.694833,65.843778,1.97,G,1.43,137,
NGC4333,,185.842792,6.040722,0.80,G,0.75,90,
NGC4334,,185.849500,7.473194,2.00,G,0.91,135,
NGC4335,,185.757833,58.444556,1.85,G,1.37,149,
NGC4336,,185.874292,19.426917,1.54,G,0.81,162,
NGC4337,,186.013792,-58.123778,6.60,OCl,,,
NGC4339,,185.895625,6.081750,2.32,G,2.20,50,
NGC4340,,185.897042,16.722361,2.82,G,1.79,87,
NGC4341,,185.973167,7.107111,1.67,G,0.51,95,
NGC4342,,185.912500,7.054000,1.25,G,0.64,165,
NGC4343,,185.911250,6.954083,1.92,G,1.92,130,
NGC4344,,185.906125,17.540861,1.34,G,1.30,56,
NGC4346,,185.866417,46.993833,3.13,G,1.13,99,
NGC4347,,185.968500,-3.240417,,*,,,
NGC4348,,185.974958,-3.442917,2.67,G,0.50,31,
NGC4349,,186.025167,-61.870444,6.30,OCl,,,
NGC4350,,185.991125,16.693417,2.80,G,1.33,28,
NGC4351,,186.006250,12.204778,1.58,G,1.28,72,
NGC4352,,186.020917,11.218056,1.64,G,0.77,102,
NGC4353,,186.001083,7.785194,1.05,G,0.81,67,
NGC4355,,186.727583,-0.877611,1.41,G,0.68,64,
NGC4356,,186.060542,8.535861,2.01,G,0.73,40,
NGC4357,,185.995083,48.779472,3.48,G,1.27,77,
NGC4358,,186.008417,58.385222,1.15,G,0.92,167,
NGC4359,,186.046542,31.521944,1.38,G,0.83,108,
NGC4360,,186.090417,9.292778,1.40,G,1.20,148,
NGC4360B,,186.061333,9.266861,0.50,G,0.41,151,
NGC4361,,186.128167,-18.784833,1.05,PN,,,
NGC4362,,186.046917,58.360667,1.28,G,0.49,41,
NGC4363,,185.868333,74.952222,0.79,G,0.63,10,
NGC4365,,186.117833,7.317667,5.12,G,3.66,40,
NGC4366,,186.195875,7.353028,0.85,G,0.31,41,
NGC4367,,186.146417,12.182306,,**,,,
NGC4369,,186.150833,39.383000,1.98,G,1.89,175,
NGC4370,,186.228750,7.444889,1.62,G,1.06,79,
NGC4371,,186.230958,11.704222,3.88,G,1.81,96,
NGC4372,,186.439083,-72.659083,12.00,GCl,,,
NGC4373,,186.324250,-39.759722,3.98,G,2.11,54,
NGC4373A,,186.407208,-39.319667,2.80,G,1.04,152,
NGC4373B,,186.682417,-39.134222,1.03,G,0.80,95,
NGC4374,,186.265583,12.886972,7.41,G,6.44,133,84
NGC4375,,186.251958,28.558611,1.16,G,0.85,14,
NGC4376,,186.325250,5.741194,1.32,G,0.79,152,
NGC4377,,186.301417,14.762167,1.60,G,1.24,179,
NGC4378,,186.325417,4.925139,2.09,G,1.93,155,
NGC4379,,186.311417,15.607472,1.87,G,1.52,103,
NGC4380,,186.342375,10.016806,3.35,G,1.78,158,
NGC4382,,186.350458,18.191500,6.95,G,5.35,12,85
NGC4383,,186.356333,16.470139,1.67,G,0.90,31,
NGC4384,,186.299917,54.506222,1.27,G,0.99,85,
NGC4385,,186.428333,0.572611,2.15,G,1.16,91,
NGC4386,,186.118125,75.528917,2.52,G,1.44,135,
NGC4387,,186.423667,12.810528,1.58,G,0.94,138,
NGC4388,,186.444792,12.662083,5.38,G,1.29,91,
NGC4389,,186.396250,45.684667,2.51,G,1.67,98,
NGC4390,,186.461125,10.459056,1.52,G,1.13,99,
NGC4391,,186.328292,64.933472,1.25,G,1.24,125,
NGC4392,,186.329000,45.847472,1.58,G,1.16,75,
NGC4393,,186.463458,27.561556,2.92,G,2.70,15,
NGC4394,,186.481375,18.214056,3.48,G,3.35,145,
NGC4395,,186.453583,33.546917,4.17,G,1.39,128,
NGC4396,,186.495083,15.671472,2.97,G,1.04,124,
NGC4397,,186.492333,18.301028,,Other,,,
NGC4398,,186.530958,10.686083,,*,,,
NGC4399,,186.429208,33.516083,,Other,,,
NGC4400,,186.482958,33.514833,,Other,,,
NGC4401,,186.489875,33.528361,,Other,,,
NGC4402,,186.531875,13.113333,3.52,G,1.00,89,
NGC4403,,186.553292,-7.684944,1.58,G,0.61,17,
NGC4404,,186.567542,-7.680833,1.56,G,1.00,139,
NGC4405,,186.529792,16.181000,1.52,G,1.02,21,
NGC4406,,186.548917,12.946222,11.53,G,8.43,128,86
NGC4407,,186.634375,12.610972,2.08,G,1.46,53,
NGC4408,,186.571833,27.871167,0.62,G,0.52,36,
NGC4409,,186.743750,2.494361,1.82,G,0.89,9,
NGC4410,,186.620250,9.019667,1.20,GPair,,,
NGC4410A,,186.617875,9.019861,0.62,G,0.45,135,
NGC4410B,,186.623250,9.019222,0.58,G,0.53,105,
NGC4410C,,186.647917,9.035472,0.85,G,0.56,93,
NGC4411,,186.625417,8.872222,1.63,G,0.98,19,
NGC4411B,,186.696792,8.884611,1.92,G,1.72,90,
NGC4412,,186.650333,3.964694,1.50,G,1.35,109,
NGC4414,,186.612917,31.223528,1.95,G,1.12,162,
NGC4415,,186.668708,8.435694,1.28,G,1.13,6,
NGC4416,,186.694667,7.919000,1.57,G,1.37,112,
NGC4417,,186.710875,9.584250,3.09,G,1.09,49,
NGC4419,,186.735167,15.047389,3.89,G,1.30,133,
NGC4421,,186.760583,15.461472,2.59,G,1.97,9,
NGC4422,,186.800458,-5.831000,1.48,G,1.43,80,
NGC4423,,186.787375,5.880167,2.05,G,0.41,20,
NGC4424,,186.798375,9.420667,3.04,G,1.57,95,
NGC4425,,186.805542,12.734722,3.08,G,1.26,26,
NGC4426,,186.793875,27.838194,,**,,,
NGC4428,,186.867917,-8.167889,1.62,G,0.67,93,
NGC4429,,186.860458,11.107722,5.30,G,2.42,98,
NGC4430,,186.860042,6.262778,2.02,G,1.50,75,
NGC4431,,186.864083,12.290278,1.53,G,0.88,179,
NGC4432,,186.887375,6.233250,0.64,G,0.49,4,
NGC4433,,186.910792,-8.278417,2.00,G,0.67,3,
NGC4434,,186.902833,8.154333,1.42,G,1.36,75,
NGC4435,Eyes,186.918708,13.078944,3.03,G,2.14,12,
NGC4436,,186.921833,12.315889,1.66,G,0.79,114,
NGC4438,Eyes,186.939958,13.008833,9.16,G,4.02,27,
NGC4439,,187.109792,-60.103222,4.50,OCl,,,
NGC4440,,186.973208,12.293278,1.77,G,1.44,120,
NGC4441,,186.834792,64.801500,4.13,G,2.96,171,
NGC4442,,187.016167,9.803722,4.32,G,1.61,87,
NGC4444,,187.151708,-43.261750,2.27,G,1.85,68,
NGC4445,,187.066375,9.436194,2.54,G,0.50,105,
NGC4446,,187.028292,13.911750,0.98,G,0.59,89,
NGC4447,,187.052208,13.899222,0.75,G,0.62,117,
NGC4448,,187.064292,28.620306,1.58,G,1.04,92,
NGC4449,,187.046250,44.093639,4.66,G,2.71,51,
NGC4450,,187.123458,17.084944,5.46,G,3.78,173,
NGC4451,,187.168958,9.258806,1.35,G,0.86,166,
NGC4452,,187.180458,11.755028,3.36,G,0.60,32,
NGC4453,,187.196667,6.507500,1.20,GPair,,,
NGC4453 NED01,,187.195042,6.512000,0.63,G,0.30,157,
NGC4453 NED02,,187.198667,6.503556,0.34,G,0.22,42,
NGC4454,,187.211458,-1.939194,2.17,G,1.99,25,
NGC4455,,187.183792,22.820444,1.61,G,0.56,16,
NGC4456,,186.968333,-30.097889,1.29,G,0.69,154,
NGC4457,,187.245875,3.570583,2.79,G,2.37,79,
NGC4458,,187.239875,13.241889,1.59,G,1.48,175,
NGC4459,,187.250042,13.978361,4.17,G,3.16,109,
NGC4460,,187.189833,44.864222,3.93,G,1.05,40,
NGC4461,,187.262542,13.183750,3.61,G,1.23,8,
NGC4462,,187.338417,-23.166361,3.60,G,1.33,124,
NGC4463,,187.480083,-64.789667,4.80,OCl,,,
NGC4464,,187.338708,8.156611,1.01,G,0.76,11,
NGC4465,,187.348083,8.026000,0.26,G,0.21,108,
NGC4466,,187.377375,7.696417,0.93,G,0.57,101,
NGC4467,,187.376042,7.992861,0.59,G,0.49,55,
NGC4468,,187.378750,14.049083,1.54,G,1.00,72,
NGC4469,,187.366792,8.749917,2.86,G,1.05,87,
NGC4470,,187.407417,7.824194,1.28,G,0.86,1,
NGC4471,,187.404375,7.932750,0.44,G,0.43,150,
NGC4472,,187.444833,8.000472,10.21,G,8.38,156,49
NGC4473,,187.453625,13.429361,4.27,G,2.51,100,
NGC4474,,187.473125,14.068583,2.33,G,1.57,79,
NGC4475,,187.448250,27.243333,1.10,G,0.61,9,
NGC4476,,187.496167,12.348667,1.70,G,1.15,27,
NGC4477,,187.509167,13.636611,3.70,G,3.22,26,
NGC4478,,187.572583,12.328556,1.75,G,1.43,144,
NGC4479,,187.576542,13.577639,1.43,G,1.25,14,
NGC4480,,187.611583,4.246583,1.89,G,0.97,173,
NGC4481,,187.452792,64.033000,1.23,G,0.52,146,
NGC4482,,187.543042,10.779472,1.51,G,0.85,137,
NGC4483,,187.669375,9.015667,1.65,G,0.85,70,
NGC4484,,187.219500,-11.652056,1.26,G,1.10,72,
NGC4485,,187.629708,41.701167,2.01,G,1.34,2,
NGC4486,Virgo Galaxy,187.705917,12.391111,7.11,G,6.67,153,87
NGC4486A,,187.740458,12.270361,0.92,G,0.81,25,
NGC4486B,,187.633208,12.490167,0.38,G,0.37,20,
NGC4487,,187.768583,-8.053917,3.46,G,1.90,74,
NGC4488,,187.714042,8.360000,2.75,G,0.76,167,
NGC4489,,187.717708,16.758861,1.72,G,1.56,125,
NGC4490,,187.651000,41.643889,6.71,G,1.65,133,
NGC4491,,187.737958,11.483528,1.64,G,0.86,147,
NGC4492,,187.748792,8.077861,2.11,G,1.86,65,
NGC4493,,187.784875,0.613694,1.52,G,0.74,139,
NGC4494,,187.850417,25.775250,4.35,G,4.13,173,
NGC4495,,187.845333,29.136472,1.34,G,0.57,132,
NGC4496,,187.916667,3.932778,3.50,GPair,,,
NGC4496A,,187.913375,3.939472,3.37,G,2.78,68,
NGC4496B,,187.920333,3.926333,1.05,G,0.91,112,
NGC4497,,187.885542,11.624722,2.00,G,1.03,62,
NGC4498,,187.914833,16.852778,2.88,G,1.53,131,
NGC4499,,188.020583,-39.982472,2.01,G,1.29,102,
NGC4500,,187.842333,57.964639,1.53,G,1.06,135,
NGC4501,,187.996500,14.420389,8.65,G,4.38,138,88
NGC4502,,188.013958,16.687722,1.04,G,0.54,43,
NGC4503,,188.025958,11.176417,3.48,G,1.58,12,
NGC4504,,188.072708,-7.563444,3.18,G,1.97,163,
NGC4506,,188.043875,13.419611,1.63,G,1.11,107,
NGC4507,,188.902625,-39.909250,1.39,G,1.19,50,
NGC4508,,188.072583,5.819972,,**,,,
NGC4509,,188.278292,32.091556,0.67,G,0.37,161,
NGC4510,,187.946708,64.233806,1.46,G,0.84,151,
NGC4511,,188.033792,56.471167,0.92,G,0.57,7,
NGC4512,,188.198542,63.939194,2.57,G,0.50,166,
NGC4513,,188.006333,66.332583,2.06,G,1.35,16,
NGC4514,,188.179042,29.712389,1.00,G,0.80,62,
NGC4515,,188.270708,16.265528,1.35,G,1.06,6,
NGC4516,,188.281417,14.574944,1.75,G,0.97,175,
NGC4517,,188.189958,0.115028,9.02,G,1.42,84,
NGC4517A,,188.117292,0.389667,2.05,G,0.98,30,
NGC4518,,188.299000,7.851639,1.18,G,0.58,179,
NGC4519,,188.376042,8.654750,2.33,G,1.77,147,
NGC4519A,,188.352958,8.690750,0.58,G,0.30,45,
NGC4520,,188.457917,-7.375556,0.79,G,0.46,98,
NGC4522,,188.415458,9.175028,3.51,G,0.91,34,
NGC4523,,188.450000,15.168306,1.24,G,1.15,0,
NGC4524,,188.476625,-12.027611,1.25,G,0.70,80,
NGC4525,,188.463083,30.277472,2.00,G,1.03,53,
NGC4526,,188.512875,7.699528,9.64,G,3.32,113,
NGC4527,,188.535083,2.653667,6.30,G,1.72,69,
NGC4528,,188.525292,11.321250,1.60,G,0.86,5,
NGC4529,,188.215208,20.183500,1.11,G,0.25,98,
NGC4530,,188.448792,41.353472,,*,,,
NGC4531,,188.566208,13.075333,3.03,G,1.97,155,
NGC4532,,188.580542,6.467694,2.49,G,0.88,161,
NGC4533,,188.591750,2.325361,1.82,G,0.43,165,
NGC4534,,188.522583,35.518333,2.78,G,1.64,120,
NGC4535,,188.584625,8.197750,8.15,G,7.48,27,
NGC4536,,188.612708,2.188139,7.08,G,2.55,121,
NGC4537,,188.703792,50.805167,1.34,G,0.76,21,
NGC4538,,188.670417,3.323667,0.71,G,0.40,80,
NGC4539,,188.644750,18.202694,2.74,G,1.08,94,
NGC4540,,188.711958,15.551722,2.19,G,1.83,43,
NGC4541,,188.794417,-0.221139,1.63,G,0.64,91,
NGC4543,,188.834333,6.115083,1.02,G,0.63,178,
NGC4544,,188.902375,3.034528,1.93,G,0.60,163,
NGC4545,,188.642292,63.525056,2.43,G,1.37,9,
NGC4546,,188.872958,-3.793194,3.16,G,1.76,90,
NGC4547,,188.716000,58.916778,1.19,G,0.92,38,
NGC4548,,188.860208,14.496333,5.55,G,4.52,150,91
NGC4549,,188.838625,58.949667,0.60,G,0.27,100,
NGC4550,,188.877417,12.220833,3.16,G,0.71,179,
NGC4551,,188.908125,12.263972,1.71,G,1.26,67,
NGC4552,,188.915875,12.556333,8.13,G,8.00,150,89
NGC4553,,189.031667,-39.438667,2.59,G,1.34,175,
NGC4554,,188.998000,11.265361,,**,,,
NGC4555,,188.921583,26.523111,1.40,G,1.04,121,
NGC4556,,188.941083,26.908889,1.31,G,0.87,81,
NGC4557,,188.957250,27.053778,,Other,,,
NGC4558,,188.969375,26.992139,0.73,G,0.31,95,
NGC4559,,188.990208,27.960000,10.57,G,4.82,148,
NGC4559A,,189.222667,27.862028,0.40,G,0.21,133,
NGC4559B,,189.224708,27.749111,0.62,G,0.25,3,
NGC4559C,,188.967167,27.932083,,HII,,,
NGC4561,,189.034167,19.322917,1.32,G,1.12,61,
NGC4562,,188.895000,25.850000,1.93,G,0.64,49,
NGC4563,,189.053667,26.941444,0.56,G,0.40,106,
NGC4564,,189.112417,11.439278,3.13,G,1.68,48,
NGC4565,Needle Galaxy,189.086583,25.987667,16.75,G,2.89,135,
NGC4565B,,188.923708,26.222194,0.80,G,0.45,139,
NGC4565C,,188.922583,26.285833,0.96,G,0.14,141,
NGC4566,,189.000458,54.220972,1.08,G,0.75,72,
NGC4567,Butterfly Galaxies,189.136292,11.258000,2.74,G,2.15,89,
NGC4568,Butterfly Galaxies,189.142750,11.238889,4.31,G,1.87,29,
NGC4569,,189.207458,13.162944,9.12,G,3.82,22,90
NGC4570,,189.222500,7.246639,3.88,G,0.94,160,
NGC4571,,189.234917,14.217361,3.56,G,3.31,35,
NGC4572,,188.938750,74.245556,1.47,G,0.42,168,
NGC4573,,189.432458,-43.621139,2.49,G,1.89,125,
NGC4574,,189.431292,-35.517639,1.83,G,1.14,112,
NGC4575,,189.463000,-40.537361,2.06,G,1.24,109,
NGC4576,,189.389833,4.367694,1.22,G,0.66,152,
NGC4577,,189.801833,6.012306,1.42,G,0.78,39,
NGC4578,,189.377333,9.555083,2.50,G,1.75,34,
NGC4579,,189.431333,11.818194,5.01,G,3.84,90,58
NGC4580,,189.451625,5.368528,1.87,G,1.28,156,
NGC4581,,189.521542,1.477750,1.62,G,1.06,172,
NGC4582,,189.542500,0.182750,,*,,,
NGC4583,,189.518917,33.458833,1.51,G,1.51,95,
NGC4584,,189.574458,13.109889,1.61,G,1.11,8,
NGC4585,,189.555333,28.937028,0.79,G,0.47,105,
NGC4586,,189.618333,4.319083,3.43,G,1.12,116,
NGC4587,,189.647583,2.657333,1.32,G,0.75,47,
NGC4588,,189.689292,6.768167,1.19,G,0.46,60,
NGC4589,,189.354125,74.191917,2.93,G,2.31,84,
NGC4590,,189.866708,-26.743028,6.60,GCl,,,68
NGC4592,,189.828083,-0.532000,4.10,G,1.17,94,
NGC4593,,189.914292,-5.344250,2.40,G,2.04,38,
NGC4594,Sombrero Galaxy,189.997625,-11.623056,8.45,G,4.91,90,104
NGC4595,,189.966292,15.297806,1.52,G,0.97,110,
NGC4596,,189.983125,10.176139,3.93,G,3.30,120,
NGC4597,,190.053875,-5.799278,3.55,G,1.42,70,
NGC4598,,190.049708,8.383750,1.50,G,1.15,131,
NGC4599,,190.112875,1.196917,1.71,G,0.72,145,
NGC4600,,190.095667,3.117750,1.42,G,1.01,59,
NGC4601,,190.194750,-40.893056,1.82,G,0.50,18,
NGC4602,,190.153542,-5.133000,1.29,G,0.79,88,
NGC4603,,190.230042,-40.976389,2.60,G,1.84,18,
NGC4603A,,189.903833,-40.740028,1.84,G,0.63,90,
NGC4603B,,190.123917,-41.069833,1.30,G,0.26,38,
NGC4603C,,190.179625,-40.763361,1.83,G,0.44,159,
NGC4603D,,190.533750,-40.820861,1.62,G,0.97,75,
NGC4604,,190.187750,-5.302889,1.06,G,0.44,104,
NGC4605,,189.997417,61.609194,5.87,G,2.29,122,
NGC4606,,190.239750,11.912222,2.47,G,1.36,14,
NGC4607,,190.301667,11.886639,2.86,G,0.58,2,
NGC4608,,190.305375,10.155667,2.88,G,2.49,25,
NGC4609,Coalsack Cluster,190.570125,-62.995750,5.40,OCl,,,
NGC4611,,190.356042,13.729528,1.24,G,0.38,125,
NGC4612,,190.386458,7.314889,2.57,G,1.77,138,
NGC4613,,190.370625,26.088611,0.52,G,0.49,15,
NGC4614,,190.381125,26.042667,1.00,G,0.86,152,
NGC4615,,190.405500,26.072833,1.54,G,0.46,120,
NGC4616,,190.568542,-40.642056,1.31,G,1.06,50,
NGC4617,,190.274458,50.393417,2.81,G,0.52,180,
NGC4618,,190.386875,41.150778,3.56,G,2.29,32,
NGC4619,,190.435625,35.062778,1.37,G,1.33,0,
NGC4620,,190.497333,12.942778,1.60,G,1.45,52,
NGC4621,,190.509333,11.647028,4.55,G,3.21,165,59
NGC4622,,190.656750,-40.744222,1.81,G,1.56,9,
NGC4622A,,190.954625,-40.714611,0.70,G,0.58,119,
NGC4622B,,190.960875,-40.717472,1.15,G,0.77,68,
NGC4623,,190.544542,7.676944,2.23,G,0.74,175,
NGC4625,,190.469667,41.273972,1.41,G,1.06,27,
NGC4626,,190.605458,-7.044278,1.63,G,0.49,39,
NGC4627,,190.498667,32.573556,2.36,G,1.66,21,
NGC4628,,190.605250,-6.971000,1.64,G,0.57,46,
NGC4629,,190.636125,-1.350667,1.03,G,0.71,90,
NGC4630,,190.629708,3.960250,1.66,G,1.21,10,
NGC4631,Whale Galaxy,190.533375,32.541500,14.45,G,2.20,86,
NGC4632,,190.633458,-0.082611,2.56,G,0.98,59,
NGC4633,,190.655750,14.357194,1.77,G,0.75,33,
NGC4634,,190.670667,14.295833,2.47,G,0.60,156,
NGC4635,,190.663500,19.945306,1.94,G,1.40,178,
NGC4636,,190.707625,2.687778,6.35,G,4.70,150,
NGC4637,,190.725417,11.438278,1.29,G,0.71,91,
NGC4638,,190.697583,11.442500,2.31,G,1.50,123,
NGC4639,,190.718292,13.257389,2.87,G,1.88,138,
NGC4640,,190.740708,12.286972,1.61,G,0.89,53,
NGC4641,,190.781917,12.051194,1.28,G,1.05,172,
NGC4642,,190.824083,-0.644250,1.55,G,0.53,27,
NGC4643,,190.833917,1.978278,2.24,G,1.75,132,
NGC4644,,190.677750,55.145500,1.51,G,0.63,51,
NGC4645,,191.041625,-41.749944,1.97,G,0.89,46,
NGC4645A,,190.773208,-41.358917,3.03,G,0.97,30,
NGC4645B,,190.879917,-41.362528,2.16,G,0.89,158,
NGC4646,,190.717167,54.856000,0.63,G,0.28,17,
NGC4647,,190.884625,11.581861,2.75,G,2.36,139,
NGC4648,,190.434958,74.420944,1.41,G,1.16,73,
NGC4649,,190.916583,11.552694,6.78,G,5.45,105,60
NGC4650,,191.081625,-40.731806,3.05,G,2.04,111,
NGC4650A,,191.204417,-40.714306,1.46,G,0.33,172,
NGC4651,Umbrella Galaxy,190.927625,16.393389,3.87,G,2.58,77,
NGC4652,,190.832292,58.964889,1.10,G,0.38,40,
NGC4653,,190.962125,-0.561222,2.31,G,2.08,17,
NGC4654,,190.985750,13.126667,4.72,G,2.49,123,
NGC4655,,190.902042,41.018528,0.86,G,0.79,10,
NGC4656,,190.990542,32.168139,8.00,GPair,,,
NGC4656 NED01,,190.990292,32.170250,6.46,G,0.66,36,
NGC4657,,191.029583,32.208750,1.86,G,0.63,71,
NGC4658,,191.157458,-10.083111,1.38,G,0.86,3,
NGC4659,,191.122458,13.498556,1.75,G,1.24,176,
NGC4660,,191.133250,11.190528,2.09,G,1.57,100,
NGC4661,,191.312292,-40.824250,1.17,G,0.41,116,
NGC4662,,191.109167,37.121222,1.83,G,1.48,60,
NGC4663,,191.196042,-10.197833,1.07,G,0.85,170,
NGC4664,,191.274958,3.055778,4.52,G,4.52,5,
NGC4666,,191.285792,-0.461889,4.97,G,1.97,40,
NGC4668,,191.383292,-0.535722,1.59,G,0.92,3,
NGC4669,,191.194750,54.875667,1.53,G,0.38,2,
NGC4670,,191.321125,27.125417,0.97,G,0.83,90,
NGC4671,,191.448458,-7.069694,1.69,G,1.26,138,
NGC4672,,191.565625,-41.705972,2.06,G,0.50,59,
NGC4673,,191.394458,27.060833,1.07,G,0.84,171,
NGC4674,,191.514458,-8.655444,1.79,G,0.70,105,
NGC4675,,191.382875,54.737611,1.34,G,0.43,92,
NGC4676,Mice Galaxy,191.544583,30.727222,3.00,GPair,,,
NGC4676A,,191.542125,30.731917,2.16,G,1.26,179,
NGC4676B,,191.546833,30.722750,0.98,G,0.66,169,
NGC4677,,191.738042,-41.582528,1.49,G,0.84,166,
NGC4678,,192.424375,-4.579722,0.97,G,0.51,85,
NGC4679,,191.876042,-39.570861,2.43,G,0.88,5,
NGC4680,,191.727958,-11.637056,1.36,G,0.76,40,
NGC4681,,191.870042,-43.334806,1.40,G,1.17,171,
NGC4682,,191.814542,-10.063444,2.58,G,1.19,86,
NGC4683,,191.926542,-41.528278,1.44,G,1.33,130,
NGC4684,,191.823000,-2.727417,2.97,G,0.96,18,
NGC4685,,191.797667,19.464361,1.59,G,0.87,155,
NGC4686,,191.666167,54.534278,1.92,G,0.67,2,
NGC4687,,191.849042,35.352056,0.96,G,0.90,95,
NGC4688,,191.943833,4.336056,3.72,G,3.42,35,
NGC4689,,191.939833,13.762806,3.82,G,2.86,163,
NGC4690,,191.981333,-1.656056,1.60,G,1.14,150,
NGC4691,,192.056792,-3.332722,3.03,G,2.46,28,
NGC4692,,191.980500,27.222361,1.00,G,0.94,85,
NGC4693,,191.788208,71.176139,1.00,G,0.56,34,
NGC4694,,192.062833,10.983611,2.00,G,1.11,135,
NGC4695,,191.883792,54.374833,1.12,G,0.65,79,
NGC4696,,192.205208,-41.310833,3.85,G,2.56,88,
NGC4696A,,191.731750,-41.496750,1.74,G,0.57,174,
NGC4696B,,191.840750,-41.237500,1.33,G,0.81,40,
NGC4696C,,192.011083,-40.818556,2.30,G,0.37,140,
NGC4696D,,192.090250,-41.714028,1.38,G,0.54,129,
NGC4696E,,192.108833,-40.936500,1.41,G,0.71,178,
NGC4697,,192.149500,-5.800750,7.14,G,4.16,83,
NGC4698,,192.095458,8.487389,3.81,G,1.55,170,
NGC4699,,192.259292,-8.664861,3.99,G,3.02,35,
NGC4700,,192.283958,-11.409861,2.72,G,0.47,51,
NGC4701,,192.298292,3.388722,1.74,G,1.28,39,
NGC4702,,192.256208,27.179139,0.58,G,0.33,176,
NGC4703,,192.329042,-9.108417,1.70,G,0.41,155,
NGC4704,,192.193458,41.921250,1.01,G,0.95,40,
NGC4705,,192.354042,-5.195861,3.65,G,1.09,106,
NGC4706,,192.475625,-41.279556,1.47,G,0.75,26,
NGC4707,,192.095292,51.164694,2.19,G,2.00,25,
NGC4708,,192.422833,-11.093028,1.25,G,0.91,30,
NGC4709,,192.516167,-41.381972,3.09,G,1.51,107,
NGC4710,,192.411792,15.165444,4.39,G,1.13,26,
NGC4711,,192.191125,35.332694,1.21,G,0.68,41,
NGC4712,,192.392583,25.469944,1.56,G,0.75,162,
NGC4713,,192.491125,5.311417,1.66,G,1.52,50,
NGC4714,,192.580208,-13.324333,2.00,G,1.11,152,
NGC4715,,192.491167,27.822417,1.34,G,0.99,18,
NGC4716,,192.637958,-9.451111,1.13,G,0.85,94,
NGC4717,,192.643292,-9.463028,1.61,G,0.68,2,
NGC4718,,192.636000,-5.281917,2.02,G,0.70,97,
NGC4719,,192.536333,33.159139,1.42,G,1.25,159,
NGC4720,,192.678250,-4.155833,1.23,G,0.73,107,
NGC4721,,192.583000,27.324000,0.84,G,0.24,113,
NGC4722,,192.884958,-13.330028,1.98,G,0.69,32,
NGC4723,,192.762125,-13.236611,1.02,G,0.55,43,
NGC4724,,192.724333,-14.331861,0.95,G,0.54,95,
NGC4725,,192.610750,25.500806,9.71,G,7.10,36,
NGC4726,,192.691917,-14.268556,1.10,G,0.24,76,
NGC4727,,192.738500,-14.332944,2.70,G,1.54,127,
NGC4728,,192.617000,27.434917,0.78,G,0.60,107,
NGC4729,,192.942833,-41.132278,1.97,G,0.90,145,
NGC4730,,193.001958,-41.147306,1.28,G,1.05,28,
NGC4731,,192.754542,-6.393056,6.32,G,2.14,97,
NGC4732,,192.529583,52.850111,1.21,G,0.56,8,
NGC4733,,192.778250,10.912083,1.97,G,1.82,70,
NGC4734,,192.803708,4.859056,0.97,G,0.80,60,
NGC4735,,192.757208,28.927972,0.66,G,0.51,117,
NGC4736,,192.721083,41.120444,7.74,G,6.68,105,94
NGC4737,,192.720583,34.156861,1.36,G,0.97,49,
NGC4738,,192.787083,28.788056,1.82,G,0.26,33,
NGC4739,,192.904500,-8.410222,1.50,G,1.37,115,
NGC4741,,192.748000,47.671556,1.17,G,0.76,171,
NGC4742,,192.950167,-10.454722,2.14,G,1.39,76,
NGC4743,,193.066583,-41.390667,1.73,G,0.66,176,
NGC4744,,193.081667,-41.060028,2.45,G,0.95,126,
NGC4745,,192.859000,27.421278,0.61,G,0.56,25,
NGC4746,,192.980667,12.082972,2.03,G,0.42,120,
NGC4747,,192.941458,25.777083,2.09,G,1.00,33,
NGC4748,,193.051917,-13.414722,1.27,G,0.82,66,
NGC4749,,192.799875,71.636722,1.59,G,0.53,156,
NGC4750,,192.530292,72.874639,2.40,G,2.06,142,
NGC4751,,193.211625,-42.659917,1.66,G,0.63,175,
NGC4752,,192.871125,13.781806,0.95,G,0.45,153,
NGC4753,,193.092125,-1.199694,6.49,G,3.06,86,
NGC4754,,193.072917,11.313889,4.16,G,1.95,22,
NGC4755,Herschel's Jewel Box,193.404500,-60.356306,7.80,OCl,,,
NGC4756,,193.219292,-15.413278,2.28,G,1.56,47,
NGC4757,,193.208708,-10.310222,0.80,G,0.26,58,
NGC4758,,193.183542,15.848528,2.75,G,0.77,159,
NGC4759,,193.271667,-9.202222,1.60,GPair,,,
NGC4760,,193.280125,-10.494194,2.57,G,2.01,9,
NGC4761,,193.290875,-9.197806,1.55,G,0.65,168,
NGC4762,,193.233542,11.230806,8.26,G,3.52,32,
NGC4763,,193.363417,-17.005528,1.86,G,1.16,105,
NGC4764,,193.277625,-9.257639,0.46,G,0.37,78,
NGC4765,,193.310042,4.463111,1.16,G,0.85,80,
NGC4766,,193.284042,-10.378194,0.98,G,0.23,129,
NGC4767,,193.470625,-39.714306,2.82,G,1.39,141,
NGC4767A,,193.256167,-39.835250,0.59,G,0.27,110,
NGC4767B,,193.687625,-39.852278,1.47,G,1.17,96,
NGC4768,,193.321875,-9.531444,,*,,,
NGC4769,,193.325333,-9.536000,,**,,,
NGC4770,,193.383958,-9.541500,1.73,G,1.11,88,
NGC4771,,193.338417,1.269083,3.10,G,0.98,133,
NGC4772,,193.371500,2.168389,4.12,G,2.00,155,
NGC4773,,193.400042,-8.638750,0.85,G,0.52,77,
NGC4774,,193.275833,36.822778,1.20,GPair,,,
NGC4774 NED01,,193.275083,36.826333,0.40,G,0.27,143,
NGC4774 NED02,,193.277458,36.819056,0.60,G,0.35,125,
NGC4775,,193.440417,-6.622167,2.22,G,1.96,59,
NGC4776,,193.268583,-9.199917,1.96,G,1.08,65,
NGC4777,,193.493917,-8.775722,1.84,G,0.79,8,
NGC4778,,193.274208,-9.203833,2.69,G,2.09,120,
NGC4779,,193.461833,9.710056,1.86,G,1.31,54,
NGC4780,,193.521792,-8.621111,1.96,G,0.50,173,
NGC4780A,,193.512667,-8.653806,0.74,G,0.25,26,
NGC4781,,193.598958,-10.537194,3.66,G,1.48,120,
NGC4782,,193.648833,-12.568639,1.48,G,0.87,171,
NGC4783,,193.652458,-12.557833,1.41,G,0.69,134,
NGC4784,,193.654250,-10.613056,1.67,G,0.41,103,
NGC4785,,193.363875,-48.749194,2.04,G,0.97,80,
NGC4786,,193.635083,-6.859417,1.98,G,1.51,171,
NGC4787,,193.523000,27.068639,1.02,G,0.32,1,
NGC4788,,193.566792,27.303694,0.91,G,0.32,141,
NGC4789,,193.579250,27.068028,1.66,G,1.12,174,
NGC4789A,,193.521875,27.149639,1.90,G,1.24,37,
NGC4790,,193.716417,-10.247833,1.69,G,0.93,87,
NGC4791,,193.683125,8.053111,1.06,G,0.70,66,
NGC4792,,193.765333,-12.497167,0.85,G,0.42,143,
NGC4793,,193.669250,28.938667,1.82,G,0.94,54,
NGC4794,,193.793750,-12.608472,1.12,G,0.51,151,
NGC4795,,193.761917,8.065500,2.16,G,1.42,119,
NGC4796,,193.769542,8.066222,1.80,G,1.73,110,
NGC4797,,193.729875,27.412694,1.15,G,0.85,34,
NGC4799,,193.814708,2.896639,1.44,G,0.62,91,
NGC4800,,193.657500,46.531167,1.65,G,1.16,21,
NGC4801,,193.657375,53.090000,1.35,G,0.67,138,
NGC4802,,193.956833,-12.055306,2.64,G,2.30,18,
NGC4803,,193.890333,8.240417,0.76,G,0.42,15,
NGC4805,,193.850958,27.981306,,*,,,
NGC4806,,194.051667,-29.502944,1.35,G,1.15,52,
NGC4807,,193.871250,27.521417,0.88,G,0.65,22,
NGC4808,,193.953958,4.304111,2.36,G,0.93,127,
NGC4809,,193.712750,2.654083,1.58,G,0.64,65,
NGC4810,,193.713333,2.640278,0.86,G,0.43,167,
NGC4811,,194.218167,-41.797194,1.32,G,0.89,40,
NGC4812,,194.219583,-41.813333,1.50,G,0.63,34,
NGC4813,,194.150500,-6.817833,1.59,G,0.86,26,
NGC4814,,193.841417,58.344111,2.75,G,2.00,128,
NGC4815,,194.493208,-64.961750,3.90,OCl,,,
NGC4816,,194.050625,27.745472,1.38,G,0.63,90,
NGC4817,,194.124250,27.940000,0.69,G,0.60,120,
NGC4818,,194.203750,-8.525306,4.27,G,1.28,178,
NGC4819,,194.116083,26.987333,1.00,G,0.78,150,
NGC4820,,194.252333,-13.719333,1.19,G,0.42,106,
NGC4821,,194.121375,26.957000,0.59,G,0.34,8,
NGC4822,,194.265583,-10.761833,1.38,G,0.97,93,
NGC4823,,194.356833,-13.698694,0.81,G,0.22,178,
NGC4824,,194.151542,27.432639,,*,,,
NGC4825,,194.301000,-13.664833,2.69,G,1.64,139,
NGC4826,Black Eye Galaxy,194.181833,21.682972,10.52,G,5.33,114,64
NGC4827,,194.181375,27.178639,1.22,G,0.97,34,
NGC4828,,194.178583,28.020444,0.75,G,0.70,155,
NGC4829,,194.352000,-13.737500,0.58,G,0.37,106,
NGC4830,,194.366292,-19.691278,2.31,G,1.49,164,
NGC4831,,194.402875,-27.292139,1.57,G,0.87,177,
NGC4832,,194.448042,-39.761694,2.14,G,1.48,35,
NGC4833,,194.895583,-70.874583,8.40,GCl,,,
NGC4834,,194.105333,52.295861,1.08,G,0.46,109,
NGC4835,,194.532667,-46.264222,3.30,G,0.68,150,
NGC4835A,,194.304708,-46.374694,2.95,G,0.38,178,
NGC4836,,194.392875,-12.744111,1.48,G,1.08,8,
NGC4837,,194.204583,48.298611,1.30,GPair,,,
NGC4837 NED01,,194.201250,48.296889,1.32,G,0.54,64,
NGC4837 NED02,,194.207917,48.300111,0.33,G,0.28,,
NGC4838,,194.484000,-13.060083,1.79,G,1.41,9,
NGC4839,,194.351500,27.497806,2.70,G,1.24,65,
NGC4840,,194.386833,27.610333,0.73,G,0.70,125,
NGC4841,,194.387083,28.479444,2.00,GPair,,,
NGC4841A,,194.383125,28.476944,1.45,G,1.38,60,
NGC4841B,,194.391208,28.482250,1.00,G,0.79,169,
NGC4842,,194.399583,27.489167,1.00,GPair,,,
NGC4842A,,194.399333,27.493250,0.58,G,0.57,70,
NGC4842B,,194.400583,27.484806,0.42,G,0.29,49,
NGC4843,,194.503417,-3.621139,1.98,G,0.44,91,
NGC4844,,194.534417,-13.079917,,*,,,
NGC4845,,194.504958,1.575833,5.50,G,1.20,82,
NGC4846,,194.448708,36.370722,1.21,G,0.50,62,
NGC4847,,194.620625,-13.140917,0.83,G,0.63,155,
NGC4848,,194.523500,28.242750,1.27,G,0.42,157,
NGC4849,,194.552833,26.396889,1.40,G,0.99,176,
NGC4850,,194.591000,27.967722,0.66,G,0.64,130,
NGC4851,,194.590458,28.148750,0.40,G,0.33,94,
NGC4852,,195.018292,-59.609444,5.40,OCl,,,
NGC4853,,194.646625,27.596333,0.68,G,0.57,76,
NGC4854,,194.697500,27.674750,0.95,G,0.67,44,
NGC4855,,194.826875,-13.231028,1.68,G,1.24,170,
NGC4856,,194.838625,-15.042167,4.25,G,1.57,38,
NGC4857,,194.326417,70.203444,1.15,G,0.66,118,
NGC4858,,194.758500,28.115750,0.51,G,0.42,28,
NGC4859,,194.757625,26.815667,1.51,G,0.65,93,
NGC4860,,194.766250,28.123694,1.07,G,0.94,121,
NGC4861,,194.759750,34.859444,3.81,G,1.45,18,
NGC4862,,194.878417,-14.132333,1.09,G,0.89,147,
NGC4863,,194.926917,-14.029639,1.90,G,0.40,23,
NGC4864,,194.804625,27.977000,0.77,G,0.47,90,
NGC4865,,194.832792,28.084306,0.88,G,0.42,113,
NGC4866,,194.863083,14.171056,5.77,G,0.98,88,
NGC4867,,194.813542,27.970722,0.65,G,0.50,13,
NGC4868,,194.787083,37.310333,1.43,G,1.30,155,
NGC4869,,194.847333,27.911583,0.77,G,0.73,0,
NGC4870,,194.824042,37.048361,0.91,G,0.31,2,
NGC4871,,194.874833,27.956444,0.77,G,0.57,160,
NGC4872,,194.891833,27.946944,0.67,G,0.41,124,
NGC4873,,194.886625,27.983611,0.81,G,0.52,103,
NGC4874,,194.898792,27.959278,2.29,G,1.98,49,
NGC4875,,194.907958,27.907333,0.48,G,0.36,117,
NGC4876,,194.935042,27.912472,0.56,G,0.42,26,
NGC4877,,195.109750,-15.283444,2.36,G,0.94,8,
NGC4878,,195.084042,-6.103833,1.53,G,1.43,70,
NGC4879,,195.106708,-6.111222,,*,,,
NGC4880,,195.044042,12.483306,2.63,G,1.97,164,
NGC4881,,194.990000,28.247389,0.98,G,0.91,15,
NGC4883,,194.983375,28.034722,0.77,G,0.61,83,
NGC4885,,195.141125,-6.853083,0.85,G,0.66,100,
NGC4886,,195.018500,27.987583,0.80,G,0.70,112,
NGC4887,,195.163583,-14.666250,1.14,G,0.59,155,
NGC4888,,195.151083,-6.075194,1.55,G,0.79,107,
NGC4889,,195.033875,27.977000,2.59,G,1.68,80,
NGC4890,,195.163000,-4.604333,0.96,G,0.79,93,
NGC4891,,195.195792,-13.425944,,*,,,
NGC4892,,195.014708,26.898111,1.40,G,0.26,12,
NGC4893,,194.998375,37.193389,1.10,G,0.70,3,
NGC4893A,,194.999333,37.188139,0.56,G,0.39,177,
NGC4894,,195.068833,27.967528,0.60,G,0.28,36,
NGC4895,,195.074708,28.202306,1.66,G,0.56,152,
NGC4895A,,195.038000,28.170389,0.59,G,0.32,99,
NGC4896,,195.128250,28.346222,0.85,G,0.48,5,
NGC4897,,195.220625,-13.449806,2.65,G,2.12,153,
NGC4898,,195.075000,27.957222,0.80,GPair,,,
NGC4898A,,195.073625,27.955389,0.68,G,0.31,96,
NGC4898B,,195.075375,27.956556,0.61,G,0.47,155,
NGC4899,,195.235958,-13.944222,2.02,G,1.17,15,
NGC4900,,195.162958,2.501444,2.13,G,2.02,150,
NGC4901,,194.985042,47.205556,1.15,G,1.10,155,
NGC4902,,195.248875,-14.513639,2.63,G,2.37,78,
NGC4903,,195.344875,-30.934972,1.72,G,1.41,90,
NGC4904,,195.244417,-0.027611,1.99,G,1.24,7,
NGC4905,,195.377833,-30.868278,1.55,G,0.50,174,
NGC4906,,195.165708,27.923889,0.70,G,0.64,0,
NGC4907,,195.203333,28.158333,1.00,G,0.90,32,
NGC4908,,195.226917,28.007639,1.19,G,0.77,97,
NGC4909,,195.507708,-42.771417,1.96,G,1.80,30,
NGC4911,,195.233667,27.790833,1.16,G,0.96,130,
NGC4912,,195.390000,29.130611,1.06,G,0.53,135,
NGC4913,,195.430708,29.044667,1.45,G,0.40,88,
NGC4914,,195.178958,37.315278,2.69,G,1.31,154,
NGC4915,,195.367583,-4.546528,1.64,G,1.55,65,
NGC4916,,195.517500,29.253444,0.98,G,0.23,156,
NGC4917,,195.231542,47.222111,1.33,G,0.81,152,
NGC4918,,195.460917,-4.500556,0.89,G,0.33,77,
NGC4919,,195.323292,27.809083,1.11,G,0.58,142,
NGC4920,,195.517292,-11.378417,1.08,G,0.83,170,
NGC4921,,195.358958,27.885944,1.96,G,1.80,135,
NGC4922,,195.353750,29.311111,1.10,GPair,,,
NGC4922 NED01,,195.352167,29.308361,1.23,G,1.17,137,
NGC4922 NED02,,195.355250,29.313778,0.58,G,0.34,123,
NGC4923,,195.382500,27.847528,0.72,G,0.67,60,
NGC4924,,195.553542,-14.969833,1.77,G,1.35,58,
NGC4925,,195.530792,-7.710778,1.18,G,0.87,119,
NGC4926,,195.473875,27.624444,1.23,G,1.04,64,
NGC4926A,,195.532833,27.648306,0.63,G,0.44,87,
NGC4927,,195.490000,28.005889,1.01,G,0.64,12,
NGC4928,,195.752375,-8.084972,1.05,G,0.80,73,
NGC4929,,195.685000,28.045361,0.82,G,0.68,48,
NGC4930,,196.021958,-41.411583,3.54,G,2.84,44,
NGC4931,,195.753667,28.032472,1.65,G,0.62,77,
NGC4932,,195.657125,50.438417,1.44,G,1.08,1,
NGC4933,,195.991250,-11.497778,3.50,GTrpl,,,
NGC4933A,,195.978042,-11.505056,0.74,G,0.74,40,
NGC4933B,,195.986417,-11.498056,4.37,G,1.88,46,
NGC4933C,,196.004542,-11.490556,0.65,G,0.52,146,
NGC4934,,195.817667,28.030417,1.00,G,0.16,103,
NGC4935,,195.838458,14.377500,1.09,G,0.92,84,
NGC4936,,196.070375,-30.526250,2.85,G,2.43,6,
NGC4937,,196.214875,-47.219361,,*Ass,,,
NGC4938,,195.739958,51.318528,0.87,G,0.78,44,
NGC4939,,196.059958,-10.339611,5.71,G,2.30,6,
NGC4940,,196.251042,-47.236917,1.13,G,1.00,28,
NGC4941,,196.054750,-5.551611,3.29,G,2.70,23,
NGC4942,,196.079625,-7.649444,1.68,G,1.22,25,
NGC4943,,195.937250,28.084222,0.79,G,0.54,105,
NGC4944,,195.958125,28.185722,1.39,G,0.43,88,
NGC4945,,196.364500,-49.468222,23.33,G,4.03,44,
NGC4945A,,196.640542,-49.690639,2.63,G,1.62,57,
NGC4946,,196.372417,-43.591139,2.00,G,1.67,135,
NGC4947,,196.334167,-35.337417,2.65,G,1.34,11,
NGC4947A,,196.086792,-35.227778,1.28,G,0.51,23,
NGC4948,,196.233167,-7.947694,2.30,G,0.82,140,
NGC4948A,,196.274125,-8.161333,1.44,G,1.04,180,
NGC4949,,196.074667,29.029528,0.72,G,0.38,102,
NGC4950,,196.402208,-43.500528,0.92,G,0.79,99,
NGC4951,,196.282083,-6.493833,3.14,G,1.16,90,
NGC4952,,196.243250,29.122250,1.60,G,0.97,22,
NGC4953,,196.543625,-37.585750,1.84,G,0.99,51,
NGC4954,,195.582792,75.404167,0.99,G,0.65,68,
NGC4955,,196.520083,-29.754278,2.34,G,1.72,15,
NGC4956,,196.253917,35.178028,1.56,G,1.52,60,
NGC4957,,196.301625,27.569750,1.22,G,0.93,97,
NGC4958,,196.453667,-8.020278,4.79,G,1.20,7,
NGC4959,,196.420958,33.178917,0.74,G,0.64,178,
NGC4961,,196.448208,27.734139,1.11,G,0.88,106,
NGC4963,,196.466458,41.721917,0.86,G,0.81,55,
NGC4964,,196.353583,56.322778,1.10,G,0.69,134,
NGC4965,,196.789083,-28.228194,2.49,G,2.05,142,
NGC4966,,196.572125,29.062861,1.03,G,0.49,142,
NGC4967,,196.401792,53.564278,1.15,G,0.87,117,
NGC4968,,196.774917,-23.677028,2.28,G,1.04,57,
NGC4969,,196.762500,13.636944,0.80,GPair,,,
NGC4969 NED01,,196.761417,13.637361,0.78,G,0.74,77,
NGC4969 NED02,,196.764458,13.637111,0.68,G,0.66,82,
NGC4970,,196.890583,-24.008556,1.79,G,1.14,138,
NGC4971,,196.729000,28.548028,0.78,G,0.68,101,
NGC4973,,196.383958,53.685139,0.96,G,0.82,94,
NGC4974,,196.482875,53.659278,1.57,G,1.11,123,
NGC4975,,196.959167,-5.017472,0.97,G,0.61,29,
NGC4976,,197.156375,-49.506417,5.83,G,3.27,161,
NGC4977,,196.518458,55.656083,1.05,G,1.02,45,
NGC4978,,196.960542,18.415500,1.51,G,0.63,142,
NGC4979,,196.928417,24.810583,0.86,G,0.74,102,
NGC4980,,197.292000,-28.641778,1.77,G,0.78,165,
NGC4981,,197.203083,-6.777528,2.70,G,1.97,155,
NGC4982,,197.192250,-10.588667,,Other,,,
NGC4983,,197.113708,28.320500,1.04,G,0.57,122,
NGC4984,,197.238458,-15.516306,3.37,G,2.50,45,
NGC4985,,197.050417,41.676333,1.15,G,0.82,126,
NGC4986,,197.101917,35.206444,1.55,G,0.93,82,
NGC4987,,196.996083,51.929306,1.24,G,0.71,33,
NGC4988,,197.476583,-43.105722,1.86,G,0.64,26,
NGC4989,,197.316875,-5.396417,1.41,G,0.55,175,
NGC4990,Cocoon Galaxy,197.322042,-5.272806,0.90,G,0.81,48,
NGC4991,,197.312958,2.347667,0.59,G,0.48,101,
NGC4992,,197.273333,11.634167,1.06,G,0.60,11,
NGC4993,,197.448750,-23.383889,1.55,G,1.35,173,
NGC4995,,197.419375,-7.833417,2.43,G,1.49,99,
NGC4996,,197.382875,0.857028,1.81,G,1.36,16,
NGC4997,,197.465417,-16.515472,1.61,G,0.89,85,
NGC4998,,197.042333,50.663750,1.02,G,0.87,19,
NGC4999,,197.388042,1.673056,2.50,G,2.11,98,
NGC5000,,197.447875,28.906944,1.28,G,1.02,63,
NGC5001,,197.387958,53.494278,1.15,G,0.42,157,
NGC5002,,197.658375,36.633917,1.39,G,0.71,179,
NGC5003,,197.157958,43.737528,1.03,G,0.77,148,
NGC5004,,197.756458,29.636694,1.33,G,0.96,167,
NGC5004A,,197.757083,29.578278,1.25,G,0.55,173,
NGC5004B,,197.698542,29.709889,0.81,G,0.48,175,
NGC5005,,197.734292,37.059194,4.82,G,1.52,70,
NGC5006,,197.940708,-19.261750,2.07,G,1.66,2,
NGC5007,,197.309958,62.175028,0.93,G,0.57,136,
NGC5008,,212.738500,25.497222,1.07,G,0.83,165,
NGC5009,,197.695958,50.092861,1.08,G,0.62,67,
NGC5010,,198.109792,-15.797861,1.00,G,0.75,115,
NGC5011,,198.216083,-43.096222,2.92,G,2.43,154,
NGC5011A,,198.040500,-43.307861,1.58,G,0.81,92,
NGC5012,,197.904333,22.915500,2.64,G,1.44,10,
NGC5013,,198.030625,3.199056,0.74,G,0.51,148,
NGC5014,,197.880083,36.282139,2.11,G,0.73,100,
NGC5015,,198.095375,-4.336472,2.00,G,0.79,62,
NGC5016,,198.027833,24.095000,1.57,G,1.14,56,
NGC5017,,198.227083,-16.765833,1.50,G,1.29,29,
NGC5018,,198.254292,-19.518194,3.49,G,2.17,99,
NGC5019,,198.176625,4.729667,0.85,G,0.72,101,
NGC5020,,198.166125,12.599750,2.69,G,2.42,85,
NGC5021,,198.026125,46.196139,1.49,G,0.60,78,
NGC5022,,198.378292,-19.546639,2.46,G,0.49,19,
NGC5023,,198.052500,44.041222,6.22,G,0.78,28,
NGC5024,,198.230125,18.169111,9.00,GCl,,,53
NGC5025,,198.186458,31.809389,2.07,G,0.51,59,
NGC5026,,198.556833,-42.961278,3.52,G,1.79,50,
NGC5027,,198.337458,6.061278,1.10,G,1.01,0,
NGC5028,,198.441083,-13.042472,2.12,G,1.38,118,
NGC5029,,198.156625,47.063278,1.52,G,0.93,147,
NGC5030,,198.475625,-16.490944,1.78,G,1.16,173,
NGC5031,,198.513417,-16.123111,1.89,G,0.30,110,
NGC5032,,198.362292,27.802389,1.95,G,1.08,18,
NGC5033,,198.364458,36.593944,9.84,G,4.58,172,
NGC5034,,198.079208,70.649361,0.89,G,0.65,20,
NGC5035,,198.705125,-16.492694,1.56,G,0.99,171,
NGC5036,,198.678500,-4.178583,0.69,G,0.57,73,
NGC5037,,198.747375,-16.590306,2.02,G,0.47,44,
NGC5038,,198.758875,-15.951806,1.79,G,0.38,94,
NGC5039,,198.716333,-4.158167,0.55,G,0.19,133,
NGC5040,,198.386000,51.258361,1.03,G,0.48,70,
NGC5041,,198.635250,30.705778,1.26,G,0.97,143,
NGC5042,,198.879250,-23.984056,4.15,G,2.20,19,
NGC5043,,199.061083,-60.045500,5.52,OCl,,,
NGC5044,,198.849875,-16.385528,3.66,G,3.17,41,
NGC5045,,199.195833,-63.416667,20.00,*Ass,11.00,,
NGC5046,,198.938000,-16.326833,1.02,G,0.85,42,
NGC5047,,198.952167,-16.518889,2.86,G,0.29,84,
NGC5048,,199.034917,-28.410528,1.57,G,0.92,43,
NGC5049,,198.997083,-16.397167,2.01,G,0.40,115,
NGC5050,,198.923875,2.878972,1.40,G,0.44,32,
NGC5051,,199.083750,-28.285694,1.65,G,0.71,48,
NGC5052,,198.895375,29.676083,1.37,G,1.02,150,
NGC5053,,199.112458,17.697750,4.80,GCl,,,
NGC5054,,199.243708,-16.634861,5.04,G,2.90,171,
NGC5055,Sunflower Galaxy,198.955542,42.029278,11.83,G,7.16,103,63
NGC5056,,199.051333,30.950333,1.62,G,0.82,1,
NGC5057,,199.115708,31.031500,1.31,G,0.99,0,
NGC5058,,199.217958,12.548222,0.76,G,0.56,13,
NGC5059,,199.243583,7.844500,1.12,G,0.41,6,
NGC5060,,199.317583,6.037444,1.17,G,0.95,61,
NGC5061,,199.521125,-26.837222,3.75,G,3.05,109,
NGC5062,,199.598417,-35.458667,2.69,G,1.18,132,
NGC5063,,199.607125,-35.352472,2.02,G,1.63,146,
NGC5064,,199.749708,-47.908667,2.70,G,1.40,36,
NGC5065,,199.377542,31.092694,1.22,G,0.73,87,
NGC5066,,199.618542,-10.233889,0.80,G,0.56,0,
NGC5067,,199.615667,-10.145278,,**,,,
NGC5068,,199.728375,-21.039111,7.48,G,6.70,138,
NGC5070,,199.802333,-12.539889,1.17,G,0.98,90,
NGC5071,,199.654958,7.935528,0.77,G,0.57,142,
NGC5073,,199.836042,-14.844528,3.78,G,0.56,149,
NGC5074,,199.607375,31.469083,0.82,G,0.41,145,
NGC5075,,199.776042,7.831028,1.02,G,0.76,57,
NGC5076,,199.876667,-12.740861,1.35,G,0.97,31,
NGC5077,,199.881958,-12.656972,2.65,G,2.07,4,
NGC5078,,199.958250,-27.410389,2.56,G,0.62,147,
NGC5079,,199.908542,-12.699028,1.38,G,0.89,31,
NGC5080,,199.830083,8.429139,1.31,G,1.17,93,
NGC5081,,199.784333,28.506917,1.90,G,0.73,101,
NGC5082,,200.166792,-43.699944,1.73,G,1.04,33,
NGC5083,,199.762917,39.589333,1.09,G,0.83,136,
NGC5084,,200.070500,-21.827583,9.93,G,2.46,80,
NGC5085,,200.073958,-24.440139,4.06,G,3.26,42,
NGC5086,,200.247542,-43.733528,,**,,,
NGC5087,,200.104000,-20.611000,2.99,G,2.52,6,
NGC5088,,200.084375,-12.571778,1.86,G,0.51,180,
NGC5089,,199.914000,30.256556,0.95,G,0.65,122,
NGC5090,,200.303417,-43.704556,3.51,G,2.76,106,
NGC5090A,,199.837958,-43.649389,1.91,G,0.73,142,
NGC5090B,,200.073000,-43.864667,2.39,G,0.85,128,
NGC5091,,200.323833,-43.719667,2.15,G,1.33,122,
NGC5092,,199.964708,22.999889,1.01,G,0.96,50,
NGC5093,,199.907542,40.386111,1.14,G,0.53,139,
NGC5094,,200.195208,-14.080667,1.52,G,1.13,99,
NGC5095,,200.153625,-2.289333,1.29,G,0.41,122,
NGC5096,,200.036250,33.089444,0.70,GTrpl,,,
NGC5096 NED01,,200.036208,33.087944,0.87,G,0.71,7,
NGC5096 NED02,,200.038167,33.090750,0.66,G,0.49,79,
NGC5096 NED03,,200.033708,33.089583,0.65,G,0.48,60,
NGC5097,,200.248708,-12.471250,0.54,G,0.39,38,
NGC5098,,200.067500,33.144167,1.60,GPair,,,
NGC5098 NED01,,200.073958,33.144750,0.79,G,0.65,61,
NGC5098 NED02,,200.061375,33.143417,1.10,G,0.98,61,
NGC5099,,200.331542,-13.042361,0.69,G,0.59,50,
NGC5100,,200.244167,8.981944,1.40,GPair,,,
NGC5100 NED01,,200.239917,8.985472,0.66,G,0.42,146,
NGC5101,,200.442667,-27.430528,5.90,G,5.52,123,
NGC5102,,200.490042,-36.630250,9.71,G,3.71,49,
NGC5103,,200.125333,43.083972,1.59,G,0.98,142,
NGC5104,,200.346208,0.342389,1.20,G,0.46,170,
NGC5105,,200.454542,-13.206778,1.93,G,1.37,140,
NGC5106,,200.248292,8.978306,0.94,G,0.67,22,
NGC5107,,200.352833,38.537611,1.71,G,0.51,128,
NGC5108,,200.828500,-32.342111,1.32,G,0.37,2,
NGC5109,,200.218125,57.644750,1.60,G,0.43,155,
NGC5110,,200.735500,-12.964806,2.63,G,2.10,108,
NGC5112,,200.485000,38.734694,2.99,G,1.83,127,
NGC5114,,201.007208,-32.343944,1.81,G,1.12,78,
NGC5115,,200.751583,13.950667,1.14,G,0.63,97,
NGC5116,,200.731708,26.980722,1.95,G,0.67,39,
NGC5117,,200.735333,28.316444,1.54,G,0.76,154,
NGC5118,,200.864375,6.392556,0.95,G,0.82,91,
NGC5119,,201.001333,-12.276444,1.49,G,0.41,22,
NGC5120,,201.414208,-63.458333,,OCl,,,
NGC5121,,201.190042,-37.682194,2.16,G,1.67,30,
NGC5121A,,201.386667,-37.378806,1.21,G,0.38,106,
NGC5122,,201.062250,-10.654278,1.15,G,1.00,126,
NGC5123,,200.793833,43.086250,1.18,G,1.05,154,
NGC5124,,201.210125,-30.307528,2.48,G,0.80,12,
NGC5125,,201.002958,9.710194,1.77,G,1.37,169,
NGC5126,,201.223333,-30.333611,1.86,G,0.64,57,
NGC5127,,200.937583,31.565750,2.18,G,1.58,72,
NGC5128,Centaurus A,201.365083,-43.019111,25.88,G,19.77,33,
NGC5129,,201.041708,13.976528,1.65,G,1.29,7,
NGC5130,,201.113167,-10.210222,1.11,G,0.82,45,
NGC5131,,200.987250,30.988056,0.45,G,0.39,77,
NGC5132,,201.120417,14.092583,1.31,G,0.88,63,
NGC5133,,201.220458,-4.082000,1.10,G,0.65,25,
NGC5134,,201.327292,-21.134167,2.70,G,1.53,159,
NGC5135,,201.433583,-29.833667,2.40,G,2.20,125,
NGC5136,,201.214208,13.737861,1.31,G,1.17,89,
NGC5137,,201.218750,14.077194,0.77,G,0.55,120,
NGC5138,,201.813375,-59.040944,4.20,OCl,,,
NGC5139,Omega Centauri,201.691208,-47.476861,27.00,GCl,,,
NGC5140,,201.590542,-33.868472,2.36,G,1.98,47,
NGC5141,,201.214333,36.378528,1.59,G,1.10,78,
NGC5142,,201.254625,36.399500,1.18,G,1.04,14,
NGC5143,,201.255333,36.437167,0.53,G,0.34,101,
NGC5144,,200.723750,70.512222,1.10,GPair,,,
NGC5144 NED01,,200.722875,70.510111,0.89,G,0.40,55,
NGC5144 NED02,,200.725333,70.514722,1.00,G,0.81,151,
NGC5145,,201.308000,43.267278,1.97,G,1.45,84,
NGC5146,,201.656208,-12.323972,2.16,G,1.39,33,
NGC5147,,201.582208,2.100861,1.47,G,1.36,160,
NGC5148,,201.661583,2.313722,0.66,G,0.60,0,
NGC5149,,201.538125,35.934417,1.62,G,0.95,153,
NGC5150,,201.902250,-29.562250,1.40,G,1.03,117,
NGC5151,,201.670167,16.873806,0.91,G,0.82,175,
NGC5152,,201.963000,-29.618611,2.03,G,1.04,110,
NGC5153,,201.976375,-29.618028,2.44,G,1.89,17,
NGC5154,,201.618917,36.010278,1.35,G,1.26,60,
NGC5155,,202.146208,-63.508694,6.30,*Ass,,,
NGC5156,,202.183708,-48.916806,2.54,G,2.08,115,
NGC5157,,201.820208,32.030722,1.32,G,1.11,116,
NGC5158,,201.945708,17.778833,0.98,G,0.93,30,
NGC5159,,202.067375,2.982667,1.24,G,0.35,162,
NGC5160,,202.090000,5.995889,,**,,,
NGC5161,,202.307958,-33.173833,5.36,G,1.62,77,
NGC5162,,202.358042,11.007889,2.96,G,1.60,162,
NGC5163,,201.726083,52.753528,1.13,G,0.72,10,
NGC5164,,201.799583,55.487167,0.99,G,0.90,35,
NGC5165,,202.163250,11.387056,1.64,G,0.91,2,
NGC5166,,202.062667,32.032389,2.13,G,0.37,67,
NGC5167,,202.167625,12.711194,1.00,G,0.96,15,
NGC5168,,202.771875,-60.939222,4.20,OCl,,,
NGC5169,,202.041875,46.672139,1.51,G,0.60,104,
NGC5170,,202.453292,-17.966417,7.96,G,1.41,123,
NGC5171,,202.339833,11.735111,1.07,G,0.78,5,
NGC5172,,202.330458,17.051917,2.38,G,1.34,101,
NGC5173,,202.105292,46.591639,1.10,G,1.04,130,
NGC5175,,202.359458,10.995139,,*,,,
NGC5176,,202.354000,11.781472,0.38,G,0.38,130,
NGC5177,,202.351083,11.797028,0.86,G,0.23,134,
NGC5178,,202.372125,11.624778,1.03,G,0.66,94,
NGC5179,,202.378667,11.745833,1.10,G,0.73,40,
NGC5180,,202.362333,16.825833,1.25,G,0.89,34,
NGC5181,,202.425000,13.304111,1.04,G,0.90,30,
NGC5182,,202.671292,-28.150306,2.06,G,1.60,12,
NGC5183,,202.525625,-1.720583,1.72,G,0.60,118,
NGC5184,,202.547875,-1.663139,1.57,G,0.94,128,
NGC5185,,202.509375,13.416056,2.00,G,0.74,58,
NGC5186,,202.516250,12.175194,0.73,G,0.49,160,
NGC5187,,202.450792,31.130139,0.81,G,0.54,45,
NGC5188,,202.867833,-34.794417,3.41,G,2.41,98,
NGC5189,,203.387125,-65.974056,2.33,PN,,,
NGC5190,,202.660625,18.134611,0.97,G,0.76,155,
NGC5191,,202.697333,11.200750,1.03,G,0.67,89,
NGC5192,,202.715333,-1.778694,0.61,G,0.30,12,
NGC5193,,202.973042,-33.234222,2.07,G,1.89,65,
NGC5193A,,202.954500,-33.239472,1.49,G,0.53,48,
NGC5194,Whirlpool Galaxy,202.469625,47.195167,13.71,G,11.67,163,51
NGC5195,,202.498292,47.266139,5.50,G,4.36,79,
NGC5196,,202.831917,-1.615056,0.87,G,0.80,165,
NGC5197,,202.854708,-1.693056,0.86,G,0.19,148,
NGC5198,,202.547500,46.670778,2.03,G,1.68,15,
NGC5199,,202.678167,34.830667,1.27,G,0.91,130,
NGC5200,,202.926917,-0.030167,,**,,,
NGC5201,,202.317542,53.081972,1.58,G,0.99,127,
NGC5202,,203.002125,-1.698778,0.67,G,0.29,178,
NGC5203,,203.055833,-8.786222,1.66,G,1.05,90,
NGC5204,,202.402125,58.418722,4.50,G,2.82,5,
NGC5205,,202.514917,62.511583,1.58,G,0.94,168,
NGC5206,,203.433250,-48.151167,4.26,G,2.81,28,
NGC5207,,203.058292,13.892389,1.75,G,0.88,142,
NGC5208,,203.116375,7.316444,1.69,G,0.60,161,
NGC5209,,203.177250,7.327250,1.25,G,0.88,111,
NGC5210,,203.205208,7.170083,1.51,G,1.25,12,
NGC5211,,203.272250,-1.035806,2.00,G,1.55,30,
NGC5212,,203.233542,7.287750,0.51,G,0.47,90,
NGC5213,,203.664167,4.133333,0.93,GPair,0.71,133,
NGC5214,,203.202917,41.871833,1.04,G,0.83,131,
NGC5215,,203.784167,-33.483889,2.20,GPair,,,
NGC5215A,,203.777750,-33.481000,1.57,G,0.35,135,
NGC5215B,,203.791083,-33.482972,1.24,G,0.88,85,
NGC5216,,203.028708,62.700694,1.69,G,1.10,54,
NGC5217,,203.524708,17.856861,1.56,G,0.53,16,
NGC5218,,203.043250,62.767750,1.84,G,1.21,93,
NGC5220,,203.986125,-33.453806,2.62,G,1.21,95,
NGC5221,,203.732917,13.832500,1.56,G,0.77,109,
NGC5222,,203.736250,13.743333,1.20,GPair,,,
NGC5222 NED01,,203.733125,13.742167,1.51,G,1.00,12,
NGC5222 NED02,,203.739958,13.744278,0.93,G,0.59,33,
NGC5223,,203.605083,34.690444,2.14,G,1.42,170,
NGC5224,,203.786917,6.481111,0.87,G,0.76,139,
NGC5225,,203.334000,51.490333,0.73,G,0.73,60,
NGC5226,,203.765083,13.922167,0.50,G,0.26,17,
NGC5227,,203.852333,1.410583,1.51,G,1.29,161,
NGC5228,,203.646083,34.777806,1.15,G,0.98,20,
NGC5229,,203.511792,47.915444,2.28,G,0.63,169,
NGC5230,,203.882833,13.676167,1.55,G,1.48,0,
NGC5231,,203.951042,2.998917,1.15,G,0.76,133,
NGC5232,,204.034417,-8.497722,1.72,G,1.34,65,
NGC5233,,203.805583,34.677444,1.46,G,0.76,80,
NGC5234,,204.374750,-49.836917,1.51,G,0.87,46,
NGC5235,,204.005875,6.585361,1.31,G,0.57,115,
NGC5236,Southern Pinwheel Galaxy,204.253958,-29.865417,13.61,G,13.21,45,83
NGC5237,,204.412708,-42.846972,2.34,G,1.57,111,
NGC5238,,203.677125,51.613667,1.75,G,1.44,162,
NGC5239,,204.109167,7.369583,1.80,G,1.75,150,
NGC5240,,203.980000,35.588250,1.83,G,1.26,57,
NGC5241,,204.166125,-8.401889,1.05,G,0.46,50,
NGC5242,,204.280792,2.770583,,Other,,,
NGC5243,,204.062292,38.343917,1.01,G,0.45,126,
NGC5244,,204.673750,-45.855972,2.22,G,1.49,18,
NGC5245,,204.346792,3.897417,0.56,G,0.21,90,
NGC5246,,204.372375,4.104444,0.85,G,0.65,85,
NGC5247,,204.512667,-17.884028,5.32,G,4.26,170,
NGC5248,,204.383417,8.885167,4.07,G,2.38,120,
NGC5249,,204.406250,15.972222,1.49,G,0.93,176,
NGC5250,,204.030542,51.235806,0.93,G,0.85,110,
NGC5251,,204.353458,27.419222,0.90,G,0.76,54,
NGC5252,,204.566500,4.542583,1.29,G,0.75,11,
NGC5253,,204.983167,-31.640111,5.01,G,2.12,43,
NGC5254,,204.907958,-11.493861,3.35,G,1.44,127,
NGC5255,,204.325500,57.108944,1.41,G,0.40,26,
NGC5256,,204.572917,48.276944,0.95,GPair,0.83,,
NGC5256 NED01,,204.572125,48.275556,0.22,G,0.19,117,
NGC5256 NED02,,204.574125,48.278056,1.48,G,1.29,9,
NGC5257,,204.970458,0.840000,1.48,G,0.77,85,
NGC5258,,204.990375,0.830944,1.48,G,1.24,178,
NGC5259,,204.849583,30.991389,1.00,GPair,,,
NGC5259 NED01,,204.846375,30.992361,0.83,G,0.55,101,
NGC5259 NED02,,204.852792,30.990806,0.87,G,0.69,132,
NGC5260,,205.082917,-23.858083,1.64,G,1.60,160,
NGC5261,,205.067042,5.076306,0.86,G,0.45,131,
NGC5262,,203.910750,75.039417,1.22,G,0.69,177,
NGC5263,,204.981833,28.400583,1.14,G,0.39,26,
NGC5264,,205.402833,-29.913083,2.97,G,2.20,64,
NGC5265,,205.037958,36.861083,0.95,G,0.85,140,
NGC5266,,205.758792,-48.169417,2.92,G,2.09,98,
NGC5266A,,205.154583,-48.341972,1.91,G,1.69,30,
NGC5267,,205.166500,38.794083,1.53,G,0.55,53,
NGC5268,,205.552458,-13.859556,,*,,,
NGC5269,,206.184167,-62.912500,4.80,OCl,,,
NGC5270,,205.545333,4.262583,1.00,G,0.76,20,
NGC5271,,205.426708,30.125444,0.84,G,0.67,80,
NGC5272,,205.546792,28.375444,16.20,GCl,,,3
NGC5273,,205.534750,35.654222,2.31,G,1.52,6,
NGC5274,,205.597125,29.847833,0.60,G,0.54,111,
NGC5275,,205.598167,29.824889,0.88,G,0.67,79,
NGC5276,,205.591667,35.624139,0.86,G,0.60,156,
NGC5277,,205.659917,29.954417,0.58,G,0.45,119,
NGC5278,,205.415083,55.670639,0.76,G,0.60,73,
NGC5279,,205.432292,55.673806,0.61,G,0.35,24,
NGC5280,,205.731417,29.868611,0.84,G,0.81,100,
NGC5281,,206.646458,-62.916528,6.90,OCl,,,
NGC5282,,205.853667,30.069528,0.66,G,0.62,80,
NGC5283,,205.274000,67.672306,1.19,G,1.03,132,
NGC5284,,206.847083,-59.149389,8.40,*Ass,,,
NGC5285,,206.107458,2.109917,0.77,G,0.64,61,
NGC5286,,206.610750,-51.373472,6.60,GCl,,,
NGC5287,,206.218917,29.770917,0.68,G,0.45,116,
NGC5288,,207.187250,-64.685389,3.60,OCl,,,
NGC5289,,206.286292,41.503389,2.33,G,0.70,100,
NGC5290,,206.329917,41.712583,3.24,G,0.90,95,
NGC5291,,206.852000,-30.407000,1.77,G,1.24,173,
NGC5292,,206.916958,-30.939528,2.29,G,1.33,51,
NGC5293,,206.719500,16.272861,1.58,G,1.07,122,
NGC5294,,206.325542,55.290833,1.26,G,0.65,125,
NGC5295,,204.664125,79.458889,0.63,G,0.62,70,
NGC5296,,206.577750,43.851361,0.95,G,0.55,11,
NGC5297,,206.598625,43.872333,3.72,G,0.91,147,
NGC5298,,207.152042,-30.428528,1.86,G,0.87,69,
NGC5299,,207.609417,-59.947722,4.20,OCl,,,
NGC5300,,207.066833,3.950861,2.83,G,1.84,147,
NGC5301,,206.602792,46.107056,3.96,G,0.84,150,
NGC5302,,207.207000,-30.511111,1.05,G,0.59,162,
NGC5303,,206.937458,38.304639,0.86,G,0.44,90,
NGC5304,,207.506167,-30.578472,1.91,G,1.39,140,
NGC5305,,206.982250,37.826333,1.46,G,1.02,26,
NGC5306,,207.297500,-7.224389,1.94,G,1.24,33,
NGC5307,,207.763750,-51.205778,0.21,PN,,,
NGC5308,,206.751792,60.973167,4.33,G,0.57,60,
NGC5309,,207.544833,-15.618417,0.63,G,0.56,125,
NGC5310,,207.448917,0.069194,,*,,,
NGC5311,,207.233667,39.985111,2.01,G,1.66,102,
NGC5312,,207.460708,33.621750,1.09,G,0.57,39,
NGC5313,,207.434750,39.984778,1.81,G,1.05,42,
NGC5314,,206.547500,70.339556,0.95,G,0.49,86,
NGC5315,,208.487042,-66.514167,0.10,PN,,,
NGC5316,,208.488417,-61.869111,9.90,OCl,,,
NGC5318,,207.650042,33.704889,1.51,G,1.12,165,
NGC5319,,207.669417,33.761556,0.65,G,0.27,68,
NGC5320,,207.584917,41.366222,1.82,G,0.92,17,
NGC5321,,207.682042,33.632611,0.89,G,0.63,49,
NGC5322,,207.313625,60.190528,5.62,G,3.49,95,
NGC5323,,206.402167,76.828333,1.05,G,0.44,164,
NGC5324,,208.024542,-6.058306,2.22,G,1.09,15,
NGC5325,,207.725875,38.274778,0.86,G,0.62,108,
NGC5326,,207.711250,39.574861,2.18,G,1.03,136,
NGC5327,,208.017375,-2.206611,1.61,G,0.95,93,
NGC5328,,208.222125,-28.489389,3.07,G,1.71,78,
NGC5329,,208.042042,2.325111,1.48,G,0.71,170,
NGC5330,,208.246625,-28.470667,1.14,G,0.93,165,
NGC5331,,208.067917,2.103028,1.10,GPair,,,
NGC5331 NED01,,208.067292,2.100917,1.07,G,0.58,132,
NGC5331 NED02,,208.068417,2.108639,0.56,G,0.29,50,
NGC5332,,208.033000,16.969750,1.06,G,0.77,55,
NGC5333,,208.600917,-48.512528,2.18,G,1.09,51,
NGC5334,,208.226917,-1.114639,3.38,G,2.44,17,
NGC5335,,208.235667,2.814278,1.45,G,1.32,155,
NGC5336,,208.040833,43.242917,1.22,G,0.92,101,
NGC5337,,208.095958,39.687250,1.66,G,0.80,22,
NGC5338,,208.360625,5.207778,1.94,G,0.85,98,
NGC5339,,208.501125,-7.930667,1.82,G,1.50,85,
NGC5340,,207.249625,72.653833,0.84,G,0.64,85,
NGC5341,,208.133167,37.817417,1.07,G,0.58,159,
NGC5342,,207.857708,59.863944,0.92,G,0.30,154,
NGC5343,,208.548792,-7.588139,1.23,G,0.93,78,
NGC5344,,207.491792,73.952889,0.54,GPair,0.47,100,
NGC5345,,208.559375,-1.436472,1.50,G,0.91,157,
NGC5346,,208.257875,39.580778,1.56,G,0.64,160,
NGC5347,,208.324292,33.490833,1.62,G,1.19,122,
NGC5348,,208.546958,5.227444,3.88,G,0.73,175,
NGC5349,,208.304708,37.883139,1.60,G,0.48,81,
NGC5350,,208.340125,40.363944,2.69,G,1.66,35,
NGC5351,,208.365458,37.914972,2.43,G,1.31,101,
NGC5352,,208.410125,36.134056,1.42,G,1.24,92,
NGC5353,,208.361208,40.283028,2.37,G,1.18,152,
NGC5354,,208.361250,40.302750,3.03,G,1.15,174,
NGC5355,,208.439833,40.338667,1.15,G,0.72,30,
NGC5356,,208.743583,5.333722,2.83,G,0.67,16,
NGC5357,,208.998125,-30.341444,2.18,G,1.87,24,
NGC5358,,208.501708,40.277306,1.12,G,0.38,138,
NGC5359,,210.039875,-70.392306,5.40,OCl,,,
NGC5360,,208.911458,4.985056,1.10,G,0.62,63,
NGC5361,,208.646792,38.449417,0.76,G,0.42,64,
NGC5362,,208.722083,41.313528,1.89,G,0.78,87,
NGC5363,,209.030042,5.254778,4.17,G,2.75,133,
NGC5364,,209.050000,5.014472,3.80,G,1.66,45,
NGC5365,,209.461000,-43.931306,3.88,G,2.14,174,
NGC5365A,,209.164708,-44.009250,2.84,G,0.68,94,
NGC5365B,,209.664875,-43.963722,1.79,G,0.42,51,
NGC5366,,209.103583,-0.247556,0.80,G,0.57,43,
NGC5367,,209.432792,-39.978417,2.00,RfN,2.00,,
NGC5368,,208.621500,54.330667,0.99,G,0.75,19,
NGC5369,,209.156750,-5.469889,1.08,G,0.87,110,
NGC5370,,208.539042,60.678056,1.37,G,1.29,65,
NGC5371,,208.916417,40.461750,3.98,G,2.45,7,
NGC5372,,208.691625,58.666861,0.69,G,0.37,137,
NGC5373,,209.281083,5.251889,0.60,G,0.52,45,
NGC5374,,209.373458,6.097000,1.62,G,1.32,45,
NGC5375,,209.233333,29.164361,2.34,G,1.73,179,
NGC5376,,208.816958,59.506611,1.48,G,0.92,66,
NGC5377,,209.069458,47.235694,3.64,G,1.42,34,
NGC5378,,209.212583,37.797250,2.03,G,1.57,73,
NGC5379,,208.893000,59.742806,2.06,G,0.72,60,
NGC5380,,209.236208,37.610389,2.00,G,0.99,95,
NGC5381,,210.174833,-59.586806,6.30,OCl,,,
NGC5382,,209.562042,6.258694,1.45,G,1.08,24,
NGC5383,,209.270708,41.846250,2.48,G,1.88,98,
NGC5384,,209.553583,6.518194,1.80,G,0.74,56,
NGC5385,,208.133000,76.162778,,OCl,,,
NGC5386,,209.593083,6.339111,0.98,G,0.45,47,
NGC5387,,209.603292,6.071278,1.17,G,0.37,24,
NGC5388,,209.741542,-14.150889,,Other,,,
NGC5389,,209.026375,59.742056,3.27,G,0.71,4,
NGC5391,,209.428250,46.469583,0.51,G,0.30,38,
NGC5392,,209.853208,-3.209194,0.95,G,0.74,145,
NGC5393,,210.133500,-28.874583,0.95,G,0.62,5,
NGC5394,,209.640208,37.453472,2.63,G,1.07,60,
NGC5395,,209.658250,37.424472,2.49,G,1.16,171,
NGC5397,,210.293583,-33.945833,1.62,G,1.01,65,
NGC5398,,210.339833,-33.063778,2.76,G,1.65,174,
NGC5399,,209.880917,34.773583,1.14,G,0.32,87,
NGC5400,,210.155000,-2.857806,1.40,G,1.25,104,
NGC5401,,209.930958,36.238111,1.46,G,0.31,81,
NGC5402,,209.568958,59.814556,1.13,G,0.28,166,
NGC5403,,209.962167,38.182528,2.75,G,0.89,143,
NGC5404,,210.281167,0.085889,,**,,,
NGC5405,,210.289458,7.702278,0.83,G,0.76,145,
NGC5406,,210.083833,38.915417,1.69,G,1.22,115,
NGC5407,,210.208750,39.156222,1.37,G,0.89,97,
NGC5408,,210.837125,-41.377694,2.84,G,1.53,66,
NGC5409,,210.442000,9.490278,1.56,G,1.00,51,
NGC5410,,210.227542,40.988611,1.15,G,0.65,63,
NGC5411,,210.496917,8.937694,1.51,G,0.79,138,
NGC5412,,209.306375,73.616722,1.17,G,0.95,22,
NGC5413,,209.473042,64.910972,1.29,G,1.00,27,
NGC5414,,210.514667,9.929306,0.97,G,0.66,165,
NGC5415,,209.237167,70.754389,0.87,G,0.63,126,
NGC5416,,210.547167,9.440111,1.29,G,0.73,105,
NGC5417,,210.554333,8.037111,1.67,G,0.84,118,
NGC5418,,210.573292,7.684167,0.95,G,0.41,45,
NGC5419,,210.911375,-33.978250,3.98,G,2.95,78,
NGC5420,,210.999583,-14.616861,1.90,G,0.70,135,
NGC5421,,210.424500,33.823778,1.30,GPair,,,
NGC5421 NED01,,210.422458,33.826833,1.17,G,0.68,156,
NGC5421 NED02,,210.425458,33.821500,1.00,G,0.55,168,
NGC5422,,210.175167,55.164472,2.81,G,0.59,153,
NGC5423,,210.702583,9.341389,1.53,G,0.90,75,
NGC5424,,210.732083,9.420667,1.46,G,1.18,108,
NGC5425,,210.198625,48.443861,1.58,G,0.44,127,
NGC5426,,210.853542,-6.069111,3.06,G,1.21,1,
NGC5427,,210.858542,-6.030806,3.61,G,3.27,178,
NGC5428,,210.866792,-5.984472,,**,,,
NGC5429,,210.889000,-6.038278,,**,,,
NGC5430,,210.190583,59.328278,2.18,G,1.46,177,
NGC5431,,210.779792,9.363056,0.90,G,0.38,83,
NGC5432,,210.919375,-5.975444,,Other,,,
NGC5433,,210.650333,32.510444,1.52,G,0.36,4,
NGC5434,,210.846417,9.448083,1.48,G,1.39,35,
NGC5435,,211.000208,-5.931667,,**,,,
NGC5436,,210.921250,9.573500,1.24,G,0.53,124,
NGC5437,,210.947250,9.523694,1.07,G,0.54,1,
NGC5438,,210.950000,9.610583,1.18,G,1.11,70,
NGC5439,,210.490292,46.311917,1.27,G,0.40,10,
NGC5440,,210.754333,34.757861,2.84,G,1.45,48,
NGC5441,,210.800000,34.684611,0.44,G,0.38,111,
NGC5442,,211.180083,-9.713667,1.19,G,0.56,162,
NGC5443,,210.549167,55.814028,1.68,G,0.57,31,
NGC5444,,210.850542,35.132111,2.48,G,1.94,87,
NGC5445,,210.881250,35.025306,1.56,G,0.56,26,
NGC5447,,210.618333,54.276917,,HII,,,
NGC5448,,210.708458,49.172694,3.77,G,1.95,109,
NGC5449,,210.613625,54.330222,,Other,,,
NGC5450,,210.624125,54.271028,,HII,,,
NGC5451,,210.654375,54.362528,0.52,HII,0.31,58,
NGC5452,,208.603750,78.220556,1.25,G,0.80,110,
NGC5453,,210.734958,54.307972,,HII,,,
NGC5454,,211.190458,14.382056,1.34,G,0.79,113,
NGC5455,,210.754875,54.241472,0.63,HII,0.49,178,
NGC5456,,211.245375,11.871639,1.36,G,1.10,174,
NGC5457,,210.802250,54.348944,23.99,G,23.07,28,101
NGC5458,,210.801958,54.298333,,HII,,,
NGC5459,,211.250792,13.131889,1.27,G,1.11,7,
NGC5460,,211.865875,-48.342528,13.20,OCl,,,
NGC5461,,210.922542,54.318028,1.62,HII,0.98,49,
NGC5462,,210.970833,54.365583,0.13,HII,0.11,80,
NGC5463,,211.543917,9.353444,1.25,G,0.45,48,
NGC5464,,211.768333,-30.017111,1.38,G,0.73,82,
NGC5465,,211.613667,-5.506278,,*,,,
NGC5466,,211.364000,28.534500,6.60,GCl,,,
NGC5467,,211.622917,-5.481472,,*,,,
NGC5468,,211.645375,-5.453111,2.28,G,2.13,155,
NGC5469,,213.124583,8.647944,0.92,G,0.78,135,
NGC5470,,211.632958,6.029694,2.60,G,0.42,62,
NGC5471,,211.120917,54.396917,0.82,HII,0.61,,
NGC5472,,211.729250,-5.460472,1.46,G,0.29,29,
NGC5473,,211.180125,54.892639,1.99,G,1.54,156,
NGC5474,,211.256708,53.662222,2.39,G,1.57,100,
NGC5475,,211.301708,55.741861,1.94,G,0.58,166,
NGC5476,,212.035375,-6.092056,1.41,G,1.31,130,
NGC5477,,211.388750,54.461139,1.11,G,0.78,87,
NGC5478,,212.035458,-1.702306,0.97,G,0.66,22,
NGC5479,,211.489042,65.690750,0.93,G,0.76,20,
NGC5480,,211.589917,50.725111,1.67,G,1.28,177,
NGC5481,,211.671958,50.723333,1.76,G,1.22,113,
NGC5482,,212.127917,8.931917,1.17,G,0.81,88,
NGC5483,,212.604292,-43.324611,3.42,G,3.08,16,
NGC5484,,211.700917,55.029917,0.47,G,0.46,5,
NGC5485,,211.797292,55.001694,2.51,G,1.75,170,
NGC5486,,211.854000,55.103083,1.36,G,0.82,69,
NGC5487,,212.432917,8.069139,1.05,G,0.52,67,
NGC5488,,212.012958,-33.314917,2.63,G,0.73,26,
NGC5489,,213.003000,-46.088722,2.29,G,1.28,126,
NGC5490,,212.488708,17.545556,1.66,G,1.29,2,
NGC5490C,,212.528792,17.615750,0.75,G,0.61,34,
NGC5491,,212.738958,6.364861,1.32,G,0.75,78,
NGC5492,,212.646667,19.612333,1.58,G,0.38,151,
NGC5493,,212.872417,-5.043611,2.17,G,1.92,125,
NGC5494,,213.100750,-30.644083,2.33,G,2.18,50,
NGC5495,,213.097292,-27.108028,1.52,G,1.26,44,
NGC5496,,212.907750,-1.159111,2.69,G,0.58,176,
NGC5497,,212.631833,38.893556,0.60,G,0.49,62,
NGC5498,,212.768875,25.697972,1.23,G,0.84,118,
NGC5499,,212.698542,35.913500,1.12,G,0.74,143,
NGC5500,,212.563458,48.546111,0.92,G,0.76,136,
NGC5501,,213.084083,1.272528,0.89,G,0.65,65,
NGC5502,,212.391458,60.409583,0.63,G,0.34,81,
NGC5504,,213.065875,15.841917,1.18,G,1.03,114,
NGC5504B,,213.053000,15.868889,0.56,G,0.38,112,
NGC5504C,,213.065792,15.879333,0.81,G,0.32,78,
NGC5505,,213.132125,13.304722,0.89,G,0.71,127,
NGC5506,,213.312042,-3.207583,2.88,G,0.76,89,
NGC5507,,213.332792,-3.148889,1.60,G,0.79,80,
NGC5508,,213.121000,24.635500,0.98,G,0.65,135,
NGC5509,,213.164917,20.387000,1.19,G,0.74,92,
NGC5510,,213.405083,-17.983806,0.95,G,0.65,32,
NGC5511,,213.272583,8.631889,0.68,G,0.24,166,
NGC5512,,213.171375,30.855056,0.67,G,0.56,74,
NGC5513,,213.285958,20.416278,2.02,G,1.09,114,
NGC5514,,213.411583,7.659528,1.30,GPair,,,
NGC5514 NED01,,213.410167,7.660528,1.15,G,0.65,97,
NGC5514 NED02,,213.414083,7.658000,0.85,G,0.74,111,
NGC5515,,213.159042,39.310278,1.22,G,0.64,107,
NGC5516,,213.977875,-48.114861,2.39,G,1.56,162,
NGC5517,,213.213500,35.710889,1.01,G,0.71,123,
NGC5518,,213.448667,20.848306,1.28,G,1.09,121,
NGC5519,,213.586958,7.515917,1.77,G,1.08,76,
NGC5520,,213.094958,50.348417,1.61,G,0.80,66,
NGC5521,,213.848833,4.408528,0.61,G,0.49,40,
NGC5522,,213.709875,15.146889,1.87,G,0.42,50,
NGC5523,,213.718000,25.317611,2.04,G,0.89,92,
NGC5524,,213.502667,36.417361,,*,,,
NGC5525,,213.913458,14.282611,1.21,G,0.66,21,
NGC5526,,213.474000,57.771333,1.10,G,0.30,135,
NGC5527,,213.613458,36.404500,0.94,G,0.69,153,
NGC5528,,214.083000,8.293472,0.99,G,0.55,17,
NGC5529,,213.891958,36.226583,5.79,G,0.68,114,
NGC5530,,214.613125,-43.388583,4.86,G,2.18,127,
NGC5531,,214.180417,10.884778,1.07,GPair,0.60,170,
NGC5532,,214.220625,10.807389,2.34,G,1.94,144,
NGC5533,,214.032250,35.343833,2.86,G,1.58,28,
NGC5534,,214.417750,-7.417417,1.36,G,1.23,65,
NGC5535,,214.380292,8.208389,0.66,G,0.42,15,
NGC5536,,214.099417,39.502194,0.83,G,0.64,11,
NGC5537,,214.404542,7.055000,0.94,G,0.40,32,
NGC5538,,214.427042,7.476667,0.89,G,0.31,62,
NGC5539,,214.407375,8.179611,1.15,G,0.75,35,
NGC5540,,213.726792,60.011111,1.10,G,0.88,17,
NGC5541,,214.132500,39.589056,0.92,G,0.59,31,
NGC5542,,214.471667,7.558778,0.60,G,0.35,164,
NGC5543,,214.516958,7.654861,0.79,G,0.42,140,
NGC5544,,214.260500,36.571583,1.03,G,0.96,57,
NGC5545,,214.271500,36.575111,0.97,G,0.33,59,
NGC5546,,214.538458,7.564556,1.57,G,1.29,22,
NGC5547,,212.438333,78.601056,0.74,G,0.30,61,
NGC5548,,214.498042,25.136778,1.33,G,1.05,118,
NGC5549,,214.661708,7.377333,1.53,G,0.75,119,
NGC5550,,214.616542,12.883083,1.10,G,0.81,98,
NGC5551,,214.728500,5.451472,0.81,G,0.59,116,
NGC5552,,214.766042,7.031694,0.91,G,0.39,172,
NGC5553,,214.623875,26.287833,1.15,G,0.25,87,
NGC5554,,214.812500,7.021139,0.65,G,0.45,38,
NGC5555,,214.700333,-19.138917,0.61,G,0.37,113,
NGC5556,,215.142042,-29.241778,3.45,G,2.75,145,
NGC5557,,214.607167,36.493556,2.28,G,1.12,97,
NGC5559,,214.803250,24.798722,1.31,G,0.38,65,
NGC5560,,215.018708,3.992472,3.45,G,0.85,109,
NGC5561,,214.345125,58.750500,0.65,G,0.52,161,
NGC5562,,215.046042,10.262833,0.80,G,0.74,10,
NGC5563,,215.054542,7.055417,0.95,G,0.45,77,
NGC5565,,214.827083,6.994944,,*,,,
NGC5566,,215.082875,3.933750,5.36,G,2.08,35,
NGC5567,,214.823500,35.137944,1.06,G,0.92,53,
NGC5568,,214.838833,35.092167,0.74,G,0.57,117,
NGC5569,,215.133708,3.983222,1.11,G,0.87,56,
NGC5571,,214.883458,35.150944,,Other,,,
NGC5572,,214.897083,36.140667,0.89,G,0.72,178,
NGC5573,,215.172958,6.907306,1.24,G,0.37,106,
NGC5574,,215.233208,3.238000,1.32,G,0.83,61,
NGC5575,,215.247542,6.202667,0.91,G,0.75,95,
NGC5576,,215.265333,3.271000,2.83,G,1.87,91,
NGC5577,,215.304625,3.435778,2.86,G,0.73,61,
NGC5579,,215.110333,35.188806,1.49,G,1.12,177,
NGC5580,,215.410042,35.204861,1.54,G,1.38,137,
NGC5581,,215.317958,23.480028,0.60,G,0.48,0,
NGC5582,,215.179667,39.693583,2.20,G,1.40,24,
NGC5583,,215.418750,13.232389,0.84,G,0.64,81,
NGC5584,,215.599042,-0.387667,3.13,G,2.34,154,
NGC5585,,214.950833,56.729056,4.27,G,2.62,33,
NGC5586,,215.531917,13.184278,,Other,,,
NGC5587,,215.544625,13.918056,2.13,G,0.67,162,
NGC5588,,215.354625,35.270639,0.95,G,0.80,58,
NGC5591,,215.641667,13.716667,1.40,GPair,,,
NGC5591 NED01,,215.638708,13.717194,0.85,G,0.48,79,
NGC5591 NED02,,215.644833,13.717361,1.02,G,0.25,64,
NGC5592,,215.979375,-28.688056,1.63,G,0.75,88,
NGC5593,,216.413250,-54.798694,4.50,OCl,,,
NGC5594,,215.792958,26.265806,1.47,G,0.70,152,
NGC5595,,216.055167,-16.723000,2.12,G,1.01,54,
NGC5596,,215.619750,37.122194,1.04,G,0.72,95,
NGC5597,,216.114333,-16.762750,2.00,G,1.55,65,
NGC5598,,215.617833,40.319806,1.55,G,0.99,51,
NGC5599,,215.960875,6.576111,1.34,G,0.51,158,
NGC5600,,215.956333,14.638778,1.60,G,1.57,135,
NGC5601,,215.722000,40.309583,0.83,G,0.33,4,
NGC5602,,215.578458,50.501389,1.31,G,0.68,167,
NGC5603,,215.756375,40.377417,1.11,G,1.04,90,
NGC5604,,216.178333,-3.212167,1.80,G,0.92,6,
NGC5605,,216.281542,-13.163000,1.50,G,1.23,66,
NGC5606,,216.947000,-59.632250,3.60,OCl,,,
NGC5607,,214.861250,71.588222,0.87,G,0.73,71,
NGC5608,,215.824542,41.775889,1.66,G,0.74,98,
NGC5609,,215.951250,34.842778,0.48,G,0.39,116,
NGC5610,,216.095583,24.614139,1.73,G,0.60,105,
NGC5611,,216.019917,33.047389,1.36,G,0.59,65,
NGC5612,,218.505208,-78.387500,1.94,G,1.15,64,
NGC5613,,216.024833,34.892111,0.56,G,0.37,30,
NGC5614,,216.031625,34.858861,2.43,G,2.00,150,
NGC5615,,216.027083,34.865000,0.16,G,0.16,162,
NGC5616,,216.086250,36.461417,2.13,G,0.41,158,
NGC5617,,217.433625,-60.710833,5.10,OCl,,,
NGC5618,,216.799208,-2.262417,1.45,G,0.78,4,
NGC5619,,216.825958,4.802833,2.29,G,0.93,12,
NGC5619B,,216.884875,4.821611,1.05,G,0.44,121,
NGC5621,,216.957542,8.240250,,Other,,,
NGC5622,,216.550792,48.564000,1.34,G,0.76,86,
NGC5623,,216.786167,33.252556,1.65,G,1.08,17,
NGC5624,,216.646708,51.585361,1.02,G,0.68,7,
NGC5625,,216.756250,39.956944,1.20,GPair,,,
NGC5625 NED01,,216.752500,39.956222,0.48,G,0.28,144,
NGC5625 NED02,,216.759708,39.957278,1.00,G,0.78,67,
NGC5626,,217.454542,-29.748472,1.37,G,1.05,102,
NGC5627,,217.142833,11.378250,1.28,G,0.78,121,
NGC5628,,217.107458,17.924361,0.97,G,0.63,173,
NGC5629,,217.068208,25.848778,1.71,G,1.58,110,
NGC5630,,216.902542,41.257750,1.48,G,0.52,96,
NGC5631,,216.638750,56.582639,1.95,G,1.95,140,
NGC5633,,216.868250,46.146528,1.09,G,0.72,11,
NGC5634,,217.405333,-5.976417,4.50,GCl,,,
NGC5635,,217.132333,27.408944,2.62,G,1.00,64,
NGC5636,,217.412583,3.266306,1.36,G,0.89,56,
NGC5637,,217.248333,23.191500,0.84,G,0.44,7,
NGC5638,,217.418250,3.233306,1.94,G,1.71,154,
NGC5639,,217.193958,30.412944,1.26,G,0.81,108,
NGC5640,,215.170042,80.123111,0.78,G,0.47,22,
NGC5641,,217.319250,28.821889,2.07,G,1.03,160,
NGC5642,,217.306208,30.026444,1.77,G,1.13,126,
NGC5643,,218.169750,-44.174417,5.27,G,4.60,88,
NGC5644,,217.606583,11.928000,1.24,G,1.14,150,
NGC5645,,217.663958,7.275083,2.02,G,1.09,85,
NGC5646,,217.391708,35.461944,1.19,G,0.45,79,
NGC5647,,217.650417,11.876694,1.02,G,0.24,180,
NGC5648,,217.635833,14.023056,0.77,G,0.63,175,
NGC5650,,217.754500,5.978417,1.05,G,0.24,114,
NGC5653,,217.543417,31.215500,1.60,G,1.33,120,
NGC5654,,217.505542,36.360917,1.25,G,0.73,133,
NGC5655,,217.712208,13.968750,0.73,G,0.47,152,
NGC5656,,217.606292,35.321028,1.26,G,0.89,57,
NGC5657,,217.681667,29.180833,1.75,G,0.71,168,
NGC5659,,217.775583,25.355111,1.79,G,0.51,45,
NGC5660,,217.457542,49.622667,2.64,G,2.43,30,
NGC5661,,217.989125,6.250417,1.14,G,0.61,22,
NGC5662,,218.906583,-56.618083,8.10,OCl,,,
NGC5663,,218.484583,-16.581056,0.92,G,0.87,60,
NGC5664,,218.431750,-14.619694,0.85,G,0.39,27,
NGC5665,,218.107250,8.078639,1.88,G,1.17,150,
NGC5665A,,218.113917,8.078722,,Other,,,
NGC5666,,218.288375,10.510806,0.97,G,0.75,150,
NGC5667,,217.595458,59.469778,1.62,G,0.82,170,
NGC5668,,218.351417,4.450444,1.91,G,1.61,107,
NGC5669,,218.181208,9.890444,2.57,G,1.46,54,
NGC5670,,218.900125,-45.966972,2.59,G,1.18,67,
NGC5671,,216.925000,69.694167,1.41,G,1.02,62,
NGC5672,,218.159750,31.670167,0.91,G,0.75,49,
NGC5673,,217.878792,49.958722,2.33,G,0.45,134,
NGC5674,,218.467667,5.458222,1.15,G,0.30,6,
NGC5675,,218.165958,36.302194,2.27,G,0.72,135,
NGC5676,,218.195208,49.457889,3.59,G,1.61,46,
NGC5677,,218.553083,25.468028,0.94,G,0.70,136,
NGC5678,,218.023375,57.921444,2.96,G,1.55,2,
NGC5679,,218.786250,5.356389,1.60,GTrpl,,,
NGC5679A,,218.776625,5.356833,0.78,G,0.47,133,
NGC5679B,,218.786500,5.358944,1.08,G,0.62,124,
NGC5679C,,218.795792,5.354278,0.27,G,0.18,11,
NGC5680,,218.935542,-0.013361,0.96,G,0.67,21,
NGC5681,,218.928625,8.300611,0.86,G,0.61,2,
NGC5682,,218.687417,48.670250,0.65,G,0.24,136,
NGC5683,,218.718542,48.661917,0.57,G,0.49,95,
NGC5684,,218.959000,36.543222,1.41,G,1.12,101,
NGC5685,,219.064042,29.908389,1.05,G,0.94,20,
NGC5686,,219.010792,36.503194,0.77,G,0.73,80,
NGC5687,,218.718333,54.475861,2.41,G,1.37,103,
NGC5688,,219.896458,-45.019000,4.13,G,1.91,86,
NGC5689,,218.873708,48.741639,3.66,G,0.91,86,
NGC5690,,219.421125,2.290833,3.20,G,0.99,145,
NGC5691,,219.472250,-0.398889,1.86,G,1.40,101,
NGC5692,,219.575458,3.410333,0.95,G,0.60,36,
NGC5693,,219.046625,48.585028,1.57,G,1.07,50,
NGC5694,,219.902125,-26.538333,3.30,GCl,,,
NGC5695,,219.342167,36.567806,0.99,G,0.49,139,
NGC5696,,219.237833,41.828111,1.21,G,0.84,42,
NGC5697,,219.133583,41.685889,1.00,G,0.64,26,
NGC5698,,219.311250,38.454278,1.73,G,0.74,61,
NGC5699,,219.676500,30.465917,0.61,G,0.56,40,
NGC5700,,219.256500,48.544833,0.99,G,0.55,37,
NGC5701,,219.796167,5.363472,2.00,G,1.60,4,
NGC5702,,219.729500,20.506722,1.19,G,0.91,137,
NGC5703,,219.708417,30.442528,1.51,G,0.44,103,
NGC5704,,219.567833,40.456750,1.56,G,0.57,177,
NGC5705,,219.957042,-0.718472,1.35,G,0.60,77,
NGC5707,,219.378208,51.561861,2.38,G,0.60,33,
NGC5710,,219.817458,20.043694,1.42,G,1.03,174,
NGC5711,,219.844000,19.990889,1.03,G,0.46,71,
NGC5712,,217.423833,78.864250,0.72,G,0.68,110,
NGC5713,,220.047958,-0.288972,2.47,G,1.70,11,
NGC5714,,219.548000,46.638250,2.84,G,0.50,82,
NGC5715,,220.873708,-57.577028,3.60,OCl,,,
NGC5716,,220.273000,-17.476972,1.57,G,1.19,89,
NGC5717,,219.657042,46.663139,1.02,G,0.63,33,
NGC5718,,220.178500,3.465417,1.54,G,1.09,96,
NGC5719,,220.234833,-0.318222,3.08,G,1.29,99,
NGC5720,,219.638708,50.815222,1.90,G,1.23,132,
NGC5721,,219.720667,46.674444,0.35,G,0.28,147,
NGC5722,,219.726708,46.665611,0.72,G,0.63,114,
NGC5723,,219.741333,46.689611,0.64,G,0.23,180,
NGC5724,,219.758875,46.692028,,*,,,
NGC5725,,220.243000,2.186556,0.95,G,0.57,31,
NGC5726,,220.733542,-18.444889,1.20,G,0.93,151,
NGC5727,,220.108833,33.989111,0.78,G,0.31,141,
NGC5728,,220.599583,-17.253083,3.20,G,1.87,15,
NGC5729,,220.528667,-9.009444,2.47,G,0.62,175,
NGC5730,,219.967333,42.742361,2.01,G,0.38,89,
NGC5731,,220.038375,42.779556,1.50,G,0.37,115,
NGC5732,,220.162292,38.637806,1.23,G,0.65,42,
NGC5733,,220.691375,-0.351083,0.99,G,0.34,29,
NGC5734,,221.287708,-20.870472,1.40,G,0.92,45,
NGC5735,,220.638500,28.726444,2.00,G,1.47,51,
NGC5736,,220.878375,11.202694,0.96,G,0.62,97,
NGC5737,,220.799250,18.879944,1.14,G,0.78,177,
NGC5738,,220.984875,1.604167,0.94,G,0.48,71,
NGC5739,,220.620458,41.842333,1.75,G,1.26,44,
NGC5740,,221.101875,1.679778,2.70,G,1.34,165,
NGC5741,,221.465500,-11.914278,1.05,G,0.99,145,
NGC5742,,221.403667,-11.809639,1.17,G,0.87,72,
NGC5743,,221.295792,-20.913500,1.29,G,0.47,92,
NGC5744,,221.661042,-18.513278,1.05,G,0.69,97,
NGC5745,,221.259000,-13.946222,1.62,GTrpl,0.81,79,
NGC5746,,221.233000,1.955000,7.24,G,1.08,172,
NGC5747,,221.086667,12.129722,1.30,GPair,,,
NGC5747 NED01,,221.086667,12.128333,0.43,G,0.20,161,
NGC5747 NED02,,221.086667,12.132000,1.00,G,0.78,174,
NGC5748,,221.271292,21.916222,0.96,G,0.63,150,
NGC5749,,222.224750,-54.497694,7.20,OCl,,,
NGC5750,,221.546333,-0.222944,2.65,G,1.37,70,
NGC5751,,220.954917,53.400667,1.30,G,0.68,53,
NGC5752,,221.309000,38.728861,0.77,G,0.24,122,
NGC5753,,221.328667,38.805889,0.54,G,0.43,156,
NGC5754,,221.331875,38.731222,1.28,G,1.10,96,
NGC5755,,221.352167,38.779889,0.46,G,0.31,103,
NGC5756,,221.890542,-14.853583,2.95,G,1.13,52,
NGC5757,,221.943250,-19.078556,2.09,G,1.39,178,
NGC5758,,221.758667,13.668389,1.11,G,0.81,84,
NGC5759,,221.810875,13.457944,1.10,GPair,0.51,138,
NGC5760,,221.926083,18.502028,1.57,G,0.65,95,
NGC5761,,222.285333,-20.376028,1.79,G,1.41,85,
NGC5762,,222.177375,12.457222,1.34,G,0.97,141,
NGC5763,,222.244667,12.490139,0.64,G,0.55,90,
NGC5764,,223.384333,-52.670528,4.20,OCl,,,
NGC5765,,222.712500,5.116944,1.20,GPair,,,
NGC5765A,,222.711250,5.119444,0.80,G,0.35,96,
NGC5765B,,222.714625,5.114472,0.81,G,0.56,144,
NGC5766,,223.289833,-21.394111,0.96,G,0.63,145,
NGC5767,,222.393458,47.376167,0.95,G,0.68,160,
NGC5768,,223.033125,-2.529750,1.28,G,0.97,111,
NGC5769,,223.173042,7.931806,0.98,G,0.79,102,
NGC5770,,223.312583,3.959722,1.10,G,0.90,105,
NGC5771,,223.059708,29.845417,0.86,G,0.75,168,
NGC5772,,222.912000,40.599167,1.38,G,0.52,32,
NGC5773,,223.126750,29.807389,0.89,G,0.89,30,
NGC5774,,223.426917,3.582500,1.70,G,1.06,123,
NGC5775,,223.490000,3.544444,3.70,G,0.85,148,
NGC5776,,223.636458,2.966444,1.21,G,0.80,121,
NGC5777,,222.824375,58.977944,2.96,G,0.42,145,
NGC5778,,223.631208,18.642306,1.23,G,0.79,11,
NGC5779,,223.039833,55.899444,0.73,G,0.69,50,
NGC5780,,223.594458,28.939667,0.69,G,0.45,124,
NGC5781,,224.171750,-17.243944,1.29,G,0.70,20,
NGC5782,,223.980292,11.861528,0.95,G,0.84,153,
NGC5783,,223.367958,52.076111,2.45,G,1.49,176,
NGC5784,,223.568542,42.557917,1.48,G,1.36,65,
NGC5786,,224.734417,-42.013361,2.40,G,1.32,79,
NGC5787,,223.814917,42.506861,1.15,G,1.04,85,
NGC5788,,223.320792,52.044250,0.73,G,0.59,33,
NGC5789,,224.148000,30.234028,1.15,G,1.03,92,
NGC5790,,224.399208,8.285278,1.18,G,0.78,73,
NGC5791,,224.692583,-19.266861,2.71,G,1.43,172,
NGC5792,,224.594625,-1.091083,3.55,G,1.38,88,
NGC5793,,224.853167,-16.693361,1.94,G,0.65,148,
NGC5794,,223.973458,49.726083,1.07,G,0.91,143,
NGC5795,,224.082833,49.400056,0.78,G,0.33,63,
NGC5796,,224.850458,-16.623861,2.65,G,2.18,90,
NGC5797,,224.100208,49.696167,1.58,G,1.01,108,
NGC5798,,224.408208,29.968500,1.24,G,0.83,46,
NGC5799,,226.396708,-72.432833,1.20,G,1.09,135,
NGC5800,,225.449458,-51.918583,4.50,OCl,,,
NGC5801,,225.108083,-13.904306,0.71,G,0.53,40,
NGC5802,,225.125000,-13.919028,1.29,G,0.81,101,
NGC5803,,225.143917,-13.894528,0.67,G,0.50,111,
NGC5804,,224.278333,49.669028,1.17,G,1.05,5,
NGC5805,,224.299583,49.627778,0.70,GPair,,,
NGC5805 NED01,,224.298417,49.629000,0.66,G,0.41,148,
NGC5805 NED02,,224.300542,49.626889,0.38,G,0.38,166,
NGC5806,,225.001667,1.891306,3.03,G,1.63,172,
NGC5807,,223.952792,63.903472,0.78,G,0.65,83,
NGC5808,,223.511708,73.131694,0.95,G,0.78,88,
NGC5809,,225.218042,-14.165194,1.65,G,0.60,150,
NGC5810,,225.678042,-17.868000,0.98,G,0.52,17,
NGC5811,,225.112083,1.623889,1.02,GPair,0.91,96,
NGC5812,,225.232083,-7.457361,2.66,G,2.29,73,
NGC5813,,225.296792,1.701972,4.13,G,2.70,143,
NGC5814,,225.338125,1.637083,0.82,G,0.56,40,
NGC5815,,225.122042,-16.834306,0.78,G,0.26,5,
NGC5816,,225.020250,-16.093639,0.95,G,0.66,103,
NGC5817,,224.920208,-16.180361,1.04,G,0.85,15,
NGC5818,,224.743292,49.821417,0.99,G,0.77,152,
NGC5820,,224.665917,53.886083,1.66,G,1.13,94,
NGC5821,,224.748583,53.923278,1.49,G,0.79,146,
NGC5822,,226.088542,-54.396417,18.00,OCl,,,
NGC5823,,226.377625,-55.603750,3.90,OCl,,,
NGC5824,,225.994333,-33.068139,5.10,GCl,,,
NGC5826,,226.641000,55.479111,1.39,G,1.04,26,
NGC5827,,225.473875,25.964528,1.04,G,0.75,131,
NGC5828,,225.192125,49.993667,0.84,G,0.29,46,
NGC5829,,225.675042,23.333611,1.42,G,1.08,41,
NGC5830,,225.462125,47.875389,0.90,G,0.48,172,
NGC5831,,226.029167,1.219917,2.24,G,1.98,130,
NGC5832,,224.440458,71.682333,1.86,G,0.78,42,
NGC5833,,227.973542,-72.859417,3.10,G,0.98,129,
NGC5835,,225.605708,48.877694,1.13,G,0.78,163,
NGC5836,,224.879125,73.893222,1.16,G,0.93,38,
NGC5837,,226.169083,12.633444,1.00,G,0.62,23,
NGC5838,,226.359417,2.099333,3.86,G,1.29,40,
NGC5839,,226.364542,1.634806,1.44,G,1.29,103,
NGC5840,,226.085625,29.506028,,Other,,,
NGC5841,,226.646000,2.004806,1.19,G,0.49,150,
NGC5842,,226.216625,21.069444,0.52,G,0.50,50,
NGC5843,,226.866208,-36.327417,1.96,G,1.24,68,
NGC5844,,227.670625,-64.673667,0.88,PN,,,
NGC5845,,226.503375,1.633806,1.00,G,0.71,152,
NGC5846,,226.622000,1.605611,4.27,G,4.05,35,
NGC5846A,,226.621667,1.594861,3.16,G,2.22,112,
NGC5847,,226.592792,6.379889,0.70,G,0.47,153,
NGC5849,,226.711208,-14.571833,1.05,G,0.78,35,
NGC5850,,226.782042,1.544250,3.35,G,2.37,119,
NGC5851,,226.722583,12.858861,1.07,G,0.38,44,
NGC5852,,226.735042,12.846833,1.10,G,0.71,127,
NGC5853,,226.472042,39.522194,1.10,G,0.65,140,
NGC5854,,226.948750,2.568639,3.02,G,0.71,55,
NGC5855,,226.954333,3.984167,0.83,G,0.61,62,
NGC5856,,226.834292,18.442444,,**,,,
NGC5857,,226.863792,19.597639,1.14,G,0.57,137,
NGC5858,,227.204750,-11.207833,2.16,G,1.19,140,
NGC5859,,226.894750,19.582306,2.55,G,0.63,134,
NGC5860,,226.640833,42.641389,0.80,GPair,,,
NGC5860 NED01,,226.640083,42.640361,1.07,G,0.95,79,
NGC5860 NED02,,226.640833,42.642806,0.28,G,0.28,25,
NGC5861,,227.317042,-11.321667,2.78,G,1.11,149,
NGC5862,,226.513792,55.573861,0.77,G,0.51,35,
NGC5863,,227.701500,-18.431028,1.45,G,1.16,27,
NGC5864,,227.389833,3.052750,2.49,G,0.77,67,
NGC5865,,227.454917,0.529833,1.25,G,1.03,165,
NGC5866,,226.622917,55.763222,6.31,G,2.72,126,
NGC5866B,,228.030125,55.785083,2.33,G,1.66,16,
NGC5867,,226.601333,55.731583,0.44,G,0.36,58,
NGC5869,,227.456000,0.470028,2.17,G,1.39,114,
NGC5871,,227.519958,0.498000,,*,,,
NGC5872,,227.731917,-11.480139,1.77,G,0.96,10,
NGC5873,,228.211667,-38.125556,0.12,PN,,,
NGC5874,,226.965958,54.752778,2.38,G,1.56,51,
NGC5875,,227.304833,52.528444,2.42,G,1.08,143,
NGC5876,,227.381500,54.506500,2.46,G,1.16,48,
NGC5877,,228.221125,-4.927222,,**,,,
NGC5878,,228.440458,-14.269833,3.27,G,1.21,6,
NGC5879,,227.444708,57.000194,3.79,G,1.42,1,
NGC5880,,228.754750,-14.579028,0.87,G,0.67,145,
NGC5881,,226.586750,62.980972,0.81,G,0.58,61,
NGC5882,,229.208333,-45.649306,0.23,PN,,,
NGC5883,,228.792417,-14.617056,1.29,G,0.85,122,
NGC5884,,228.288042,31.861056,,**,,,
NGC5885,,228.767333,-10.086000,3.07,G,2.59,58,
NGC5886,,228.189333,41.233583,0.86,G,0.60,92,
NGC5887,,228.683250,1.154250,1.38,G,1.08,166,
NGC5888,,228.280708,41.264639,1.33,G,0.81,157,
NGC5889,,228.315625,41.327972,0.70,G,0.27,40,
NGC5890,,229.463208,-17.589194,1.56,G,1.08,85,
NGC5891,,229.055833,-11.494250,0.83,G,0.54,140,
NGC5892,,228.450875,-15.463889,3.05,G,2.39,165,
NGC5893,,228.392375,41.958806,1.05,G,0.97,20,
NGC5894,,227.920750,59.808944,2.98,G,0.47,14,
NGC5895,,228.458333,42.008083,0.87,G,0.23,23,
NGC5896,,228.461167,42.024278,0.29,G,0.26,65,
NGC5897,,229.351667,-21.010111,9.90,GCl,,,
NGC5898,,229.556500,-24.097944,2.66,G,2.37,51,
NGC5899,,228.763417,42.049833,2.10,G,0.85,21,
NGC5900,,228.771500,42.209417,1.49,G,0.54,130,
NGC5901,,228.760833,42.228056,,*,,,
NGC5902,,228.593333,50.329667,1.26,G,1.11,100,
NGC5903,,229.652208,-24.068583,3.00,G,2.23,164,
NGC5904,,229.640625,2.082694,15.00,GCl,,,5
NGC5905,,228.847167,55.517361,3.22,G,2.60,131,
NGC5907,,228.974042,56.328778,11.30,G,1.75,156,
NGC5908,,229.180083,55.409250,3.37,G,1.61,153,
NGC5909,,227.866792,75.383806,1.00,G,0.56,53,
NGC5910,,229.854583,20.895000,1.10,GTrpl,,,
NGC5910 NED01,,229.851083,20.890806,0.74,G,0.56,119,
NGC5910 NED02,,229.853083,20.896361,1.15,G,0.47,110,
NGC5910 NED03,,229.857625,20.899528,0.55,G,0.36,121,
NGC5911,,230.075917,3.518333,1.09,G,0.69,44,
NGC5912,,227.920417,75.384806,1.04,G,0.91,100,
NGC5913,,230.231000,-2.577944,1.85,G,0.75,173,
NGC5914,,229.682583,41.865472,0.92,G,0.36,156,
NGC5914B,,229.688792,41.890806,0.50,G,0.43,26,
NGC5915,,230.387833,-13.091750,1.67,G,1.23,125,
NGC5916,,230.408000,-13.169278,3.09,G,0.70,21,
NGC5916A,,230.307667,-13.100611,1.38,G,0.44,145,
NGC5917,,230.385708,-7.377167,1.68,G,1.05,90,
NGC5918,,229.855250,45.880250,2.01,G,0.84,85,
NGC5919,,230.403667,7.719306,1.00,G,0.59,103,
NGC5920,,230.466042,7.708806,1.28,G,0.70,100,
NGC5921,,230.485667,5.070528,3.02,G,2.03,137,
NGC5923,,230.309333,41.725944,1.33,G,1.22,45,
NGC5924,,230.508250,31.233083,0.65,G,0.33,16,
NGC5925,,231.861750,-54.528778,4.80,OCl,,,
NGC5926,,230.853750,12.715278,0.91,G,0.91,20,
NGC5927,,232.001792,-50.672778,6.60,GCl,,,
NGC5928,,231.512000,18.073639,1.64,G,1.08,103,
NGC5929,,231.525667,41.670667,0.90,G,0.83,45,
NGC5930,,231.533083,41.676056,1.85,G,0.79,173,
NGC5931,,232.373458,7.573250,1.58,G,0.93,40,
NGC5932,,231.700875,48.614972,1.10,G,1.06,160,
NGC5933,,231.756542,48.613306,0.82,G,0.59,26,
NGC5934,,232.053250,42.929917,0.61,G,0.29,5,
NGC5935,,232.069625,42.944111,0.85,G,0.40,37,
NGC5936,,232.503458,12.989333,1.18,G,1.12,60,
NGC5937,,232.692208,-2.829500,1.89,G,1.08,175,
NGC5938,,234.109458,-66.859750,2.31,G,1.59,15,
NGC5939,,231.191792,68.730639,0.82,G,0.43,33,
NGC5940,,232.825292,7.457750,0.78,G,0.74,170,
NGC5941,,232.917667,7.339000,0.90,G,0.71,55,
NGC5942,,232.903417,7.312417,0.71,G,0.67,80,
NGC5943,,232.433833,42.777972,1.24,G,1.11,170,
NGC5944,,232.948333,7.308139,0.86,G,0.21,112,
NGC5945,,232.437583,42.918667,1.66,G,0.72,20,
NGC5946,,233.869042,-50.659722,3.60,GCl,,,
NGC5947,,232.652500,42.717139,1.17,G,0.82,45,
NGC5948,,233.244333,3.982833,,**,,,
NGC5949,,232.002792,64.763194,1.84,G,0.76,148,
NGC5950,,232.878292,40.430028,1.25,G,0.63,38,
NGC5951,,233.429417,15.007278,3.03,G,0.66,4,
NGC5952,,233.735167,4.958833,0.56,G,0.43,131,
NGC5953,,233.634917,15.193778,1.47,G,1.12,50,
NGC5954,,233.645917,15.200056,1.02,G,0.48,19,
NGC5955,,233.802000,5.063000,0.72,G,0.50,31,
NGC5956,,233.743917,11.750278,1.49,G,1.49,30,
NGC5957,,233.846708,12.047611,2.44,G,2.34,95,
NGC5958,,233.704792,28.655250,1.07,G,1.00,175,
NGC5959,,234.343458,-16.595778,2.09,G,1.44,1,
NGC5960,,234.076792,5.665361,0.88,G,0.71,99,
NGC5961,,233.818000,30.864167,0.81,G,0.33,103,
NGC5962,,234.132000,16.607778,2.48,G,1.61,108,
NGC5963,,233.366083,56.559694,3.14,G,2.47,58,
NGC5964,,234.400917,5.974028,3.42,G,2.56,147,
NGC5965,,233.510250,56.685611,5.08,G,0.78,52,
NGC5966,,233.967250,39.768944,1.53,G,0.98,88,
NGC5967,,237.066375,-75.672944,2.37,G,1.55,90,
NGC5967A,,236.744667,-75.787444,1.50,G,1.14,36,
NGC5968,,234.988208,-30.552778,2.29,G,2.13,20,
NGC5969,,233.712583,56.451083,0.79,G,0.65,160,
NGC5970,,234.624875,12.186611,2.77,G,1.91,88,
NGC5971,,233.903708,56.461694,1.25,G,0.53,132,
NGC5972,,234.725708,17.026194,0.70,G,0.57,10,
NGC5973,,235.064458,-8.600944,0.92,G,0.26,138,
NGC5974,,234.760083,31.759917,0.58,G,0.33,111,
NGC5975,,234.991542,21.470806,0.93,G,0.24,171,
NGC5976,,234.199875,59.397750,0.98,G,0.33,125,
NGC5977,,235.139375,17.127972,0.91,G,0.82,80,
NGC5978,,235.613417,-13.234444,0.81,G,0.74,135,
NGC5979,,236.921083,-61.217861,0.13,PN,,,
NGC5980,,235.376667,15.787667,1.63,G,0.52,14,
NGC5981,,234.472708,59.391750,2.73,G,0.37,139,
NGC5982,,234.665958,59.355833,3.07,G,2.00,110,
NGC5983,,235.690125,8.241111,0.97,G,0.92,55,
NGC5984,,235.721542,14.231472,2.48,G,0.57,144,
NGC5985,,234.904542,59.331944,3.98,G,2.01,15,
NGC5986,,236.514333,-37.786139,5.40,GCl,,,
NGC5987,,234.989042,58.079528,3.84,G,1.32,60,
NGC5988,,236.141083,10.293139,1.12,G,0.77,110,
NGC5989,,235.386667,59.755222,0.88,G,0.82,130,
NGC5990,,236.568167,2.415417,1.59,G,0.95,107,
NGC5991,,236.319917,24.630528,1.00,G,0.78,129,
NGC5992,,236.089625,41.086361,0.69,G,0.47,156,
NGC5993,,236.115083,41.120806,0.95,G,0.60,140,
NGC5994,,236.721917,17.872611,0.60,G,0.30,93,
NGC5995,,237.103958,-13.757778,1.02,G,0.79,147,
NGC5996,,236.745333,17.884194,1.50,G,0.68,1,
NGC5997,,236.865292,8.321194,0.68,G,0.30,87,
NGC5998,,237.409208,-28.578222,5.40,OCl,,,
NGC5999,,238.035958,-56.472806,3.30,OCl,,,
NGC6000,,237.456458,-29.386833,1.91,G,1.66,159,
NGC6001,,236.941500,28.641694,1.06,G,0.95,163,
NGC6002,,236.934958,28.609694,,*,,,
NGC6003,,237.356833,19.032083,0.97,G,0.87,101,
NGC6004,,237.594667,18.939278,1.89,G,1.49,95,
NGC6005,,238.952917,-57.437389,4.20,OCl,,,
NGC6006,,238.260708,12.005361,0.71,G,0.42,157,
NGC6007,,238.346583,11.959194,1.55,G,1.19,53,
NGC6008,,238.233458,21.100500,1.16,G,0.89,94,
NGC6009,,238.350333,12.058667,0.66,G,0.26,167,
NGC6010,,238.579792,0.543056,1.82,G,0.40,100,
NGC6011,,236.637042,72.169222,1.77,G,0.48,108,
NGC6012,,238.558083,14.601250,1.77,G,1.27,164,
NGC6013,,238.220167,40.646722,1.44,G,0.76,174,
NGC6014,,238.989167,5.931889,1.75,G,1.42,20,
NGC6015,,237.855125,62.310028,5.81,G,2.57,28,
NGC6016,,238.978625,26.966500,0.98,G,0.48,25,
NGC6017,,239.314333,5.998389,0.80,G,0.75,140,
NGC6018,,239.374042,15.872611,1.32,G,0.62,67,
NGC6019,,238.038083,64.840667,0.43,G,0.39,135,
NGC6020,,239.283917,22.404583,1.74,G,1.10,136,
NGC6021,,239.377875,15.956056,1.55,G,0.91,158,
NGC6022,,239.449042,16.282306,0.80,G,0.57,62,
NGC6023,,239.456750,16.310194,1.61,G,1.16,67,
NGC6024,,238.282792,64.918056,0.98,G,0.73,130,
NGC6025,,240.824125,-60.431361,11.40,OCl,,,
NGC6026,,240.337125,-34.544222,0.67,PN,,,
NGC6027,,239.802250,20.763361,1.64,G,1.02,18,
NGC6027A,,239.796417,20.754861,1.79,G,1.73,75,
NGC6027B,,239.795125,20.762194,0.91,G,0.41,,
NGC6027C,,239.799458,20.747611,1.10,G,0.22,174,
NGC6027D,,239.803750,20.759917,0.30,G,0.26,110,
NGC6027E,,239.810333,20.765917,2.28,G,1.29,81,
NGC6028,,240.370667,19.359889,1.31,G,1.18,54,
NGC6029,,240.495292,12.574000,0.80,G,0.45,14,
NGC6030,,240.464250,17.957500,1.29,G,0.94,43,
NGC6031,,241.897417,-54.014944,4.80,OCl,,,
NGC6032,,240.754667,20.955944,0.83,G,0.51,1,
NGC6033,,241.116583,-2.120972,1.00,G,0.91,144,
NGC6034,,240.883667,17.198694,1.15,G,0.83,64,
NGC6035,,240.850750,20.891250,0.97,G,0.85,137,
NGC6036,,241.128125,3.868472,1.04,G,0.39,146,
NGC6037,,241.124583,3.815139,0.75,G,0.67,64,
NGC6038,,240.668958,37.359500,1.21,G,1.05,63,
NGC6039,,241.164875,17.700861,1.00,G,0.81,46,
NGC6040,,241.110958,17.745139,1.41,GPair,0.44,47,
NGC6041,,241.147000,17.719250,1.48,GPair,1.17,44,
NGC6043,,241.255000,17.773889,0.74,GPair,0.50,35,
NGC6044,,241.248667,17.870361,0.65,G,0.60,150,
NGC6045,,241.282875,17.757667,1.40,G,0.32,78,
NGC6047,,241.287458,17.729889,1.18,G,0.73,117,
NGC6048,,239.376042,70.689111,1.95,G,1.32,137,
NGC6049,,241.408042,8.096250,,*,,,
NGC6050,,241.347375,17.757167,0.86,G,0.57,114,
NGC6050B,,241.342583,17.754194,0.62,G,0.42,9,
NGC6051,,241.236125,23.932694,2.69,G,0.79,166,
NGC6052,,241.304125,20.542361,1.20,GPair,,,
NGC6052 NED01,,241.303625,20.542389,0.83,G,0.65,5,
NGC6052 NED02,,241.305125,20.542417,0.69,G,0.30,2,
NGC6054,,241.408958,17.767889,0.83,G,0.48,71,
NGC6055,,241.415208,18.164361,0.68,G,0.52,135,
NGC6056,,241.380333,17.963639,0.98,G,0.59,56,
NGC6057,,241.385667,18.159583,1.22,G,0.69,41,
NGC6058,,241.110583,40.683056,0.38,PN,,,
NGC6059,,241.700000,-6.393056,,**,,,
NGC6060,,241.466583,21.484972,1.89,G,1.02,103,
NGC6061,,241.566792,18.249944,1.13,G,0.95,94,
NGC6062,,241.595083,19.777972,1.19,G,0.79,21,
NGC6062B,,241.579042,19.763250,0.54,G,0.49,150,
NGC6063,,241.804125,7.979000,1.63,G,0.85,157,
NGC6065,,241.845667,13.887917,0.98,G,0.94,150,
NGC6066,,241.897292,13.943722,1.00,G,0.77,112,
NGC6067,,243.296042,-54.218944,8.10,OCl,,,
NGC6068,,238.858292,78.996778,1.29,G,0.79,158,
NGC6068A,,238.697958,78.985111,0.94,G,0.35,1,
NGC6069,,241.923500,38.930750,1.09,G,1.02,140,
NGC6070,,242.494542,0.709306,3.49,G,1.84,63,
NGC6071,,240.529292,70.417028,0.75,G,0.56,105,
NGC6072,,243.242500,-36.230000,1.17,PN,,,
NGC6073,,242.545208,16.699611,1.31,G,0.65,127,
NGC6074,,242.820833,14.256944,0.80,GPair,,,
NGC6074 NED01,,242.819833,14.255028,0.46,G,0.36,45,
NGC6074 NED02,,242.821750,14.258750,0.85,G,0.71,0,
NGC6075,,242.844125,23.965000,1.03,G,0.80,93,
NGC6076,,242.805833,26.872500,0.80,GPair,,,
NGC6076 NED01,,242.804208,26.872028,1.00,G,0.46,62,
NGC6076 NED02,,242.807500,26.873333,0.57,G,0.53,48,
NGC6077,,242.808833,26.923417,1.16,G,1.09,45,
NGC6078,,243.022708,14.208778,0.93,G,0.48,15,
NGC6079,,241.121708,69.665778,1.37,G,0.94,150,
NGC6080,,243.245833,2.179167,1.30,GPair,,,
NGC6080 NED01,,243.244333,2.177278,1.23,G,1.17,30,
NGC6080 NED02,,243.247750,2.181056,1.20,G,0.66,179,
NGC6081,,243.236917,9.867111,1.55,G,0.56,131,
NGC6082,,243.864833,-34.232750,,Other,,,
NGC6083,,243.302750,14.185417,0.79,G,0.56,33,
NGC6084,,243.569667,17.757444,1.24,G,0.79,29,
NGC6085,,243.146750,29.365083,1.31,G,1.09,161,
NGC6086,,243.148042,29.484778,1.90,G,1.23,2,
NGC6087,S Nor Cluster,244.710750,-57.934583,10.20,OCl,,,
NGC6088,,242.681250,57.464167,1.10,GPair,,,
NGC6088 NED01,,242.677625,57.466528,1.07,G,0.62,170,
NGC6088 NED02,,242.684917,57.462139,0.78,G,0.72,96,
NGC6089,,243.169583,33.036389,1.10,GPair,,,
NGC6089 NED01,,243.167292,33.034889,0.85,G,0.68,17,
NGC6089 NED02,,243.172250,33.037722,1.41,G,0.71,45,
NGC6090,,242.919583,52.456667,0.80,GPair,,,
NGC6090 NED01,,242.918042,52.456583,0.85,G,0.74,96,
NGC6090 NED02,,242.920083,52.457472,0.44,G,0.19,,
NGC6091,,241.970792,69.904778,0.93,G,0.66,113,
NGC6092,,243.519167,28.125611,,**,,,
NGC6093,,244.260458,-22.975111,5.70,GCl,,,80
NGC6094,,241.641250,72.494389,1.85,G,1.38,113,
NGC6095,,242.795708,61.267972,1.90,G,1.25,154,
NGC6096,,243.694583,26.558833,0.99,G,0.50,124,
NGC6097,,243.609042,35.109167,1.12,G,0.59,159,
NGC6098,,243.892417,19.461972,1.56,G,1.10,154,
NGC6099,,243.898167,19.453389,1.42,G,0.97,139,
NGC6100,,244.218208,0.841306,1.42,G,0.99,112,
NGC6101,,246.452375,-72.201556,4.50,GCl,,,
NGC6102,,243.903833,28.158583,0.78,G,0.57,68,
NGC6103,,243.935917,31.963944,0.72,G,0.45,77,
NGC6104,,244.127875,35.708056,0.87,G,0.69,62,
NGC6105,,244.288792,34.878889,0.71,G,0.57,110,
NGC6106,,244.696542,7.410889,2.19,G,1.18,139,
NGC6107,,244.333875,34.901944,1.59,G,1.02,36,
NGC6108,,244.356792,35.135722,0.95,G,0.64,105,
NGC6109,,244.418833,35.004278,1.02,G,0.97,85,
NGC6110,,244.433208,35.086972,0.69,G,0.33,105,
NGC6111,,243.595000,63.261111,0.85,GPair,0.72,12,
NGC6112,,244.502333,35.110278,0.78,G,0.73,135,
NGC6113,,244.793917,14.133639,1.23,G,0.58,153,
NGC6114,,244.598458,35.174306,0.93,G,0.53,112,
NGC6115,,246.109917,-51.948250,4.5,OCl,,,
NGC6116,,244.727500,35.153972,0.94,G,0.58,15,
NGC6117,,244.825667,37.095222,1.05,G,0.87,84,
NGC6118,,245.452583,-2.283444,4.45,G,1.78,59,
NGC6119,,244.924875,37.806306,0.60,G,0.46,73,
NGC6120,,244.950417,37.774472,0.48,G,0.37,35,
NGC6121,,245.897500,-26.525528,28.20,GCl,,,4
NGC6122,,245.039708,37.798222,1.10,G,0.25,160,
NGC6123,,244.332250,61.939111,0.91,G,0.32,4,
NGC6124,,246.333583,-40.653694,13.50,OCl,,,
NGC6125,,244.798125,57.984222,1.38,G,1.38,40,
NGC6126,,245.366375,36.376639,0.93,G,0.77,22,
NGC6129,,245.430292,37.996028,0.93,G,0.84,120,
NGC6130,,244.889333,57.614972,1.22,G,0.78,32,
NGC6131,,245.467708,38.932444,1.08,G,1.04,25,
NGC6132,,245.911833,11.786250,1.28,G,0.43,127,
NGC6133,,245.071708,56.652417,,Other,,,
NGC6134,,246.943750,-49.151167,6.90,OCl,,,
NGC6135,,243.603667,64.982750,1.01,G,0.35,45,
NGC6136,,245.247583,55.970500,0.91,G,0.49,94,
NGC6137,,245.762917,37.922361,1.78,G,0.92,180,
NGC6139,,246.918792,-38.849750,4.50,GCl,,,
NGC6140,,245.242333,65.390556,2.09,G,1.78,83,
NGC6141,,245.776708,40.858306,0.43,G,0.35,150,
NGC6142,,245.837792,37.258389,1.49,G,0.48,165,
NGC6143,,245.426208,55.086056,1.10,G,0.99,175,
NGC6144,,246.808917,-26.024722,5.40,GCl,,,
NGC6145,,246.259833,40.946639,0.98,G,0.51,2,
NGC6146,,246.293167,40.892861,1.66,G,1.26,83,
NGC6147,,246.274333,40.928778,0.57,G,0.48,50,
NGC6148,,246.766792,24.093278,0.42,G,0.24,54,
NGC6149,,246.850958,19.597194,1.24,G,0.43,18,
NGC6150,,246.458458,40.488556,1.61,G,0.85,74,
NGC6151,,249.600917,-73.252444,,Other,,,
NGC6152,,248.190083,-52.644000,6.60,OCl,,,
NGC6153,,247.877667,-40.253444,0.40,PN,,,
NGC6154,,246.377000,49.840250,1.40,G,1.00,150,
NGC6155,,246.534750,48.366806,1.33,G,0.85,147,
NGC6156,,248.718958,-60.618806,1.87,G,1.60,149,
NGC6157,,246.451625,55.360583,0.90,G,0.74,19,
NGC6158,,246.920375,39.383000,1.22,G,0.99,81,
NGC6159,,246.855125,42.679722,1.50,G,1.02,126,
NGC6160,,246.921375,40.927000,1.79,G,1.22,72,
NGC6161,,247.085958,32.810639,0.72,G,0.26,153,
NGC6162,,247.093208,32.849333,1.11,G,0.72,49,
NGC6163,,247.116292,32.846389,0.90,G,0.61,24,
NGC6164,,248.424333,-48.080056,1.41,Neb,0.60,,
NGC6165,,248.514375,-48.150500,2.50,Neb,0.50,,
NGC6166,,247.160333,39.551556,2.14,G,1.54,35,
NGC6166B,,247.221708,39.560000,0.43,G,0.35,176,
NGC6166C,,247.097125,39.570306,0.74,G,0.71,90,
NGC6167,,248.645750,-49.771889,7.20,OCl,,,
NGC6168,,247.838750,20.184944,1.65,G,0.48,111,
NGC6169,,248.519292,-44.045639,4.20,OCl,,,
NGC6170,,246.902083,59.562500,0.80,G,0.67,85,
NGC6171,,248.133000,-13.053639,7.80,GCl,,,107
NGC6172,,245.542917,-1.514861,0.90,G,0.89,80,
NGC6173,,247.437083,40.811611,2.03,G,1.40,145,
NGC6174,,247.448667,40.871972,0.90,GPair,,,
NGC6174 NED01,,247.443750,40.874861,0.41,G,0.29,150,
NGC6174 NED02,,247.447167,40.872722,0.72,G,0.65,123,
NGC6175,,247.491250,40.629167,1.50,GPair,,,
NGC6175 NED01,,247.489708,40.630722,1.45,G,0.85,97,
NGC6175 NED02,,247.491917,40.628556,1.32,G,1.05,121,
NGC6177,,247.662000,35.056444,1.62,G,1.09,19,
NGC6178,,248.946875,-45.643750,6.90,OCl,,,
NGC6179,,247.696042,35.102250,0.36,G,0.31,24,
NGC6180,,247.641333,40.539444,1.09,G,0.85,22,
NGC6181,,248.087333,19.826556,2.39,G,0.99,177,
NGC6182,,247.391667,55.517778,1.51,G,0.56,144,
NGC6183,,250.424583,-69.372167,2.36,G,0.80,37,
NGC6184,,247.893875,40.565611,0.93,G,0.56,121,
NGC6185,,248.324292,35.342333,1.47,G,0.80,3,
NGC6186,,248.606167,21.540889,1.57,G,0.70,59,
NGC6187,,247.902917,57.706667,0.75,G,0.62,140,
NGC6188,Rim Nebula,250.024333,-48.662278,20.00,Neb,12.00,,
NGC6189,,247.920417,59.626111,1.49,G,0.75,27,
NGC6190,,248.027917,58.438972,1.42,G,1.04,77,
NGC6191,,242.877042,58.785833,1.30,G,0.49,180,
NGC6192,,250.099458,-43.366806,7.50,OCl,,,
NGC6193,,250.334292,-48.762528,8.10,OCl,,,
NGC6194,,249.154792,36.200444,0.90,G,0.70,112,
NGC6195,,249.135708,39.027889,1.44,G,0.97,41,
NGC6196,,249.474667,36.073056,1.14,G,0.82,140,
NGC6197,,249.499500,35.995500,0.75,G,0.38,38,
NGC6198,,248.877708,57.486778,0.88,G,0.60,92,
NGC6199,,249.870708,36.058972,,*,,,
NGC6200,,251.030625,-47.462667,8.10,OCl,,,
NGC6201,,250.060042,23.765333,0.56,G,0.48,50,
NGC6202,,250.846792,61.983944,0.72,G,0.40,69,
NGC6203,,250.114208,23.774833,1.07,G,1.07,0,
NGC6204,,251.539583,-47.016972,4.50,OCl,,,
NGC6205,Hercules Globular Cluster,250.423458,36.461306,16.50,GCl,,,13
NGC6206,,250.032917,58.617361,0.72,G,0.63,94,
NGC6207,,250.765625,36.832417,3.46,G,1.61,17,
NGC6208,,252.367458,-53.728333,8.40,OCl,,,
NGC6209,,253.740250,-72.586639,2.11,G,1.54,14,
NGC6210,,251.123000,23.799833,0.50,PN,,,
NGC6211,,250.365167,57.783639,1.30,G,0.95,95,
NGC6212,,250.846417,39.806444,0.91,G,0.81,84,
NGC6213,,250.404958,57.814861,0.69,G,0.31,62,
NGC6214,,249.883042,66.039528,0.96,G,0.82,156,
NGC6215,,252.778375,-58.993472,2.64,G,2.34,83,
NGC6215A,,253.247708,-58.948000,1.96,G,0.64,11,
NGC6216,,252.348375,-44.731528,4.20,OCl,,,
NGC6217,,248.163333,78.198167,2.24,G,1.63,155,
NGC6218,,251.810500,-1.947833,11.10,GCl,,,12
NGC6219,,251.593792,9.037861,0.80,G,0.65,158,
NGC6220,,251.805333,-0.275472,1.53,G,0.97,134,
NGC6221,,253.192000,-59.218611,4.84,G,3.15,1,
NGC6223,,250.767958,61.578917,3.16,G,2.33,90,
NGC6224,,252.077250,6.312222,1.10,G,1.01,140,
NGC6225,,252.089917,6.222778,1.18,G,0.79,149,
NGC6227,,252.890500,-41.230528,,*,,,
NGC6228,,252.011083,26.213556,0.93,G,0.39,133,
NGC6229,,251.745250,47.527806,4.80,GCl,,,
NGC6230,,252.686250,4.605000,1.70,GPair,,,
NGC6230 NED01,,252.678042,4.605000,0.58,G,0.35,124,
NGC6230 NED02,,252.694583,4.604639,0.72,G,0.52,60,
NGC6231,,253.545500,-41.824250,13.80,OCl,,,
NGC6232,,250.834333,70.632528,1.47,G,1.16,176,
NGC6233,,252.565417,23.579833,1.46,G,0.73,28,
NGC6234,,252.988917,4.383528,0.74,G,0.67,39,
NGC6235,,253.355667,-22.177444,4.20,GCl,,,
NGC6236,,251.144375,70.780222,1.82,G,1.07,12,
NGC6237,,251.031417,70.634806,,Other,,,
NGC6238,,251.819292,62.147028,0.68,G,0.41,16,
NGC6239,,252.520750,42.739694,2.30,G,1.07,113,
NGC6240,,253.245292,2.400917,2.20,G,1.03,12,
NGC6241,,252.545625,45.420611,0.52,G,0.36,80,
NGC6242,,253.889333,-39.460944,6.60,OCl,,,
NGC6243,,253.109542,23.332583,1.21,G,0.60,152,
NGC6244,,252.016292,62.200444,1.54,G,0.34,139,
NGC6245,,251.343667,70.804583,,Other,,,
NGC6246,,252.469667,55.542056,1.38,G,0.73,46,
NGC6246A,,252.558250,55.384611,2.17,G,1.28,164,
NGC6247,,252.084333,62.976417,0.89,G,0.28,56,
NGC6248,,251.591625,70.358806,1.23,G,0.76,157,
NGC6249,,254.422917,-44.811889,7.60,OCl,,,
NGC6250,,254.483625,-45.936639,9.60,Cl+N,,,
NGC6251,,248.133208,82.537889,1.67,G,1.44,20,
NGC6252,,248.169042,82.576778,0.76,G,0.36,63,
NGC6253,,254.771375,-52.708806,6.00,OCl,,,
NGC6254,,254.287458,-4.099333,9.30,GCl,,,10
NGC6255,,253.699792,36.501111,3.10,G,1.37,95,
NGC6256,,254.886208,-37.121417,4.20,GCl,,,
NGC6257,,254.014625,39.645500,0.87,G,0.27,122,
NGC6258,,253.124125,60.514528,0.87,G,0.67,65,
NGC6259,,255.189167,-44.654972,6.00,OCl,,,
NGC6260,,252.960875,63.714583,0.93,G,0.77,130,
NGC6261,,254.127167,27.977500,1.09,G,0.44,85,
NGC6262,,254.678333,57.098389,0.78,G,0.32,77,
NGC6263,,254.180000,27.822083,1.05,G,0.31,109,
NGC6264,,254.317208,27.849611,0.82,G,0.52,24,
NGC6265,,254.371250,27.844222,0.88,G,0.57,35,
NGC6266,,255.302500,-30.112361,7.80,GCl,,,62
NGC6267,,254.536083,22.985111,1.30,G,0.99,33,
NGC6268,,255.543292,-39.728222,6.00,OCl,,,
NGC6269,,254.492042,27.854333,1.84,G,1.32,80,
NGC6270,,254.683542,27.859111,0.72,G,0.47,93,
NGC6271,,254.711542,27.964639,0.67,G,0.54,20,
NGC6272,,254.742750,27.930917,0.56,G,0.29,159,
NGC6273,,255.657000,-26.267944,7.50,GCl,,,19
NGC6274,,254.837167,29.943833,1.20,GPair,,,
NGC6274 NED01,,254.835417,29.946417,0.60,G,0.43,16,
NGC6274 NED02,,254.839292,29.940556,0.83,G,0.17,117,
NGC6275,,253.889042,63.242194,0.76,G,0.47,146,
NGC6276,,255.187875,23.044000,0.64,G,0.55,130,
NGC6277,,255.203708,23.039361,,*,,,
NGC6278,,255.209708,23.011028,1.73,G,0.86,128,
NGC6279,,254.755958,47.237167,1.04,G,0.87,34,
NGC6280,,255.489542,6.665750,0.71,GPair,0.62,137,
NGC6281,,256.172083,-37.985222,10.20,OCl,,,
NGC6282,,255.196292,29.820611,0.73,G,0.54,45,
NGC6283,,254.860708,49.921972,1.11,G,0.98,56,
NGC6284,,256.119792,-24.764333,6.60,GCl,,,
NGC6285,,254.600042,58.955972,1.08,G,0.57,110,
NGC6286,,254.630750,58.936250,1.22,G,1.12,35,
NGC6287,,256.288917,-22.708000,5.40,GCl,,,
NGC6288,,254.351875,68.457028,0.72,G,0.52,110,
NGC6289,,254.437458,68.514722,1.10,G,0.76,14,
NGC6290,,255.235125,58.970500,0.99,G,0.90,135,
NGC6291,,255.233000,58.937556,0.62,G,0.50,176,
NGC6292,,255.764458,61.043889,1.32,G,0.63,102,
NGC6293,,257.543375,-26.581750,4.50,GCl,,,
NGC6294,,257.567625,-26.574556,,**,,,
NGC6295,,255.813958,60.337750,0.98,G,0.42,77,
NGC6296,,257.185292,3.894083,0.89,G,0.70,124,
NGC6297,,255.902292,62.025611,0.64,G,0.45,84,
NGC6299,,256.268375,62.457833,0.95,G,0.59,50,
NGC6300,,259.247792,-62.820556,5.33,G,3.37,119,
NGC6301,,257.136417,42.339111,1.77,G,1.00,113,
NGC6302,Bug Nebula,258.435958,-37.103139,0.74,PN,,,
NGC6303,,256.261542,68.827583,1.47,G,0.67,61,
NGC6304,,258.635458,-29.462278,3.60,GCl,,,
NGC6305,,259.503833,-59.172083,1.69,G,1.32,137,
NGC6306,,256.904083,60.728889,1.32,G,0.49,161,
NGC6307,,256.918625,60.750778,1.36,G,1.03,153,
NGC6308,,257.998792,23.379944,1.19,G,0.95,156,
NGC6309,Box Nebula,258.517917,-12.910556,0.26,PN,,,
NGC6310,,256.989458,60.990167,1.68,G,0.35,70,
NGC6311,,257.681542,41.651111,1.23,G,1.17,5,
NGC6312,,257.700667,42.287694,0.87,G,0.74,5,
NGC6313,,257.586667,48.331750,1.45,G,0.52,156,
NGC6314,,258.161292,23.270056,1.37,G,0.70,174,
NGC6315,,258.192292,23.223556,0.76,G,0.59,5,
NGC6316,,259.155875,-28.140028,4.80,GCl,,,
NGC6317,,257.247958,62.898000,0.96,G,0.61,44,
NGC6318,,259.048292,-39.424972,3.30,OCl,,,
NGC6319,,257.433667,62.973056,1.17,G,1.14,170,
NGC6320,,258.232250,40.266500,1.26,G,0.82,98,
NGC6321,,258.600917,20.313917,1.00,G,0.91,95,
NGC6322,,259.607458,-42.934028,6.30,OCl,,,
NGC6323,,258.325333,43.782444,1.20,G,0.55,175,
NGC6324,,256.355500,75.407028,0.98,G,0.52,74,
NGC6325,,259.496958,-23.766028,4.02,GCl,,,
NGC6326,,260.193167,-51.754389,0.21,PN,,,
NGC6327,,258.509542,43.649472,0.58,G,0.56,120,
NGC6328,,260.920958,-65.010167,1.61,G,1.56,160,
NGC6329,,258.562625,43.684694,1.18,G,1.15,75,
NGC6330,,258.935083,29.404306,1.19,G,0.55,165,
NGC6331,,255.899875,78.629000,1.04,G,1.00,30,
NGC6332,,258.762083,43.660194,1.74,G,0.89,45,
NGC6333,,259.799083,-18.516250,6.90,GCl,,,9
NGC6334,,260.207083,-36.102722,8.40,SNR,,,
NGC6335,,259.883000,-30.164167,,*Ass,,,
NGC6336,,259.069042,43.820472,1.05,G,0.73,167,
NGC6337,,260.565042,-38.483722,0.85,PN,,,
NGC6338,,258.845792,57.411194,1.73,G,1.04,16,
NGC6339,,259.277083,40.844972,1.86,G,1.17,170,
NGC6340,,257.603542,72.304444,3.04,G,2.88,155,
NGC6341,,259.280292,43.136528,14.40,GCl,,,92
NGC6342,,260.292250,-19.587417,6.60,GCl,,,
NGC6343,,259.317792,41.052722,1.24,G,0.94,130,
NGC6344,,259.325625,42.434194,,**,,,
NGC6345,,258.851167,57.350306,0.95,G,0.39,35,
NGC6346,,258.852042,57.322528,0.91,G,0.58,94,
NGC6347,,259.977792,16.660694,1.22,G,0.57,98,
NGC6348,,259.588292,41.647611,0.85,G,0.57,118,
NGC6349,,259.777292,36.060917,1.07,G,0.25,80,
NGC6350,,259.676042,41.694333,1.24,G,1.04,89,
NGC6351,,259.797500,36.060556,0.40,GPair,,,
NGC6351 NED01,,259.796167,36.060417,0.31,G,0.27,110,
NGC6351 NED02,,259.798625,36.061056,0.08,G,0.07,43,
NGC6352,,261.371500,-48.422694,7.20,GCl,,,
NGC6353,,260.301958,15.688556,,Other,,,
NGC6354,,261.142833,-38.541611,,Other,,,
NGC6355,,260.994375,-26.353417,2.70,GCl,,,
NGC6356,,260.895792,-17.813028,5.40,GCl,,,
NGC6357,the War and Peace Nebula,261.181542,-34.201333,3.90,Cl+N,,,
NGC6358,,259.720875,52.615278,1.00,G,0.40,110,
NGC6359,,259.470792,61.780806,1.06,G,0.75,141,
NGC6360,,261.115083,-29.871583,5.10,*Ass,,,
NGC6361,,259.671208,60.608167,2.06,G,0.56,52,
NGC6362,,262.978500,-67.047861,8.40,GCl,,,
NGC6363,,260.666750,41.101694,1.02,G,0.84,145,
NGC6364,,261.113875,29.390167,1.38,G,1.08,7,
NGC6365,,260.682083,62.170000,1.50,GPair,,,
NGC6365A,,260.682542,62.166083,0.98,G,0.78,150,
NGC6365B,,260.681375,62.173722,1.13,G,0.24,32,
NGC6366,,261.934708,-5.076639,13.80,GCl,,,
NGC6367,,261.287542,37.759889,0.99,G,0.79,161,
NGC6368,,261.798083,11.543611,3.44,G,0.80,43,
NGC6369,Little Ghost Nebula,262.335417,-23.759444,0.63,PN,,,
NGC6370,,260.854917,56.974528,1.31,G,1.08,112,
NGC6371,,261.835792,26.505056,0.72,G,0.55,165,
NGC6372,,261.882708,26.475139,1.61,G,0.94,75,
NGC6373,,261.033708,58.995083,1.04,G,0.70,84,
NGC6374,,263.677250,-32.581361,6.90,OCl,,,
NGC6375,,262.341208,16.206667,1.53,G,1.48,145,
NGC6376,,261.329917,58.817444,0.52,G,0.29,172,
NGC6377,,261.346708,58.822750,0.64,G,0.27,64,
NGC6378,,262.674917,6.282278,1.13,G,0.77,2,
NGC6379,,262.645458,16.288750,1.04,G,0.85,36,
NGC6380,,263.618417,-39.069667,3.90,GCl,,,
NGC6381,,261.820208,60.014056,1.22,G,0.85,34,
NGC6382,,261.979917,56.868722,1.16,G,0.71,95,
NGC6384,,263.101250,7.060278,2.45,G,1.11,20,
NGC6385,,262.005875,57.521806,1.14,G,1.08,70,
NGC6386,,262.215750,52.723361,0.97,G,0.97,75,
NGC6387,,262.099292,57.545389,0.31,G,0.15,63,
NGC6388,,264.072625,-44.735611,8.40,GCl,,,
NGC6389,,263.165708,16.401778,1.20,G,0.92,135,
NGC6390,,262.117042,60.094167,0.88,G,0.45,11,
NGC6391,,262.204125,58.850889,0.75,G,0.52,87,
NGC6392,,265.876542,-69.785194,1.94,G,1.71,60,
NGC6393,,262.535208,59.531806,0.43,G,0.40,126,
NGC6394,,262.589250,59.639889,1.14,G,0.43,40,
NGC6395,,261.630292,71.096278,2.25,G,0.73,17,
NGC6396,,264.401417,-35.025861,3.30,OCl,,,
NGC6397,,265.172333,-53.673694,15.30,GCl,,,
NGC6398,,265.682250,-61.694278,2.44,G,0.85,161,
NGC6399,,262.959583,59.615528,1.21,G,0.58,13,
NGC6400,,265.053333,-36.947722,6.00,OCl,,,
NGC6401,,264.653875,-23.908778,4.50,GCl,,,
NGC6402,,264.400667,-3.245917,9.9,GCl,,,14
NGC6403,,265.848167,-61.682111,1.15,G,0.89,19,
NGC6404,,264.905667,-33.246722,4.20,OCl,,,
NGC6405,Butterfly Cluster,265.086458,-32.254167,15.60,OCl,,,6
NGC6406,,264.579375,18.833056,,**,,,
NGC6407,,266.240375,-60.739806,2.47,G,1.93,56,
NGC6408,,264.697333,18.877861,1.55,G,1.26,155,
NGC6409,,264.147500,50.765889,0.72,G,0.61,55,
NGC6410,,263.835333,60.793056,,**,,,
NGC6411,,263.886875,60.813389,1.76,G,1.15,69,
NGC6412,,262.406292,75.704417,2.13,G,1.84,142,
NGC6413,,265.169667,12.623944,,Other,,,
NGC6414,,262.653583,74.376139,1.00,G,0.47,141,
NGC6415,,266.085625,-35.071028,,*Ass,,,
NGC6416,,266.083292,-32.361000,6.90,OCl,,,
NGC6417,,265.449250,23.672194,1.42,G,1.17,27,
NGC6418,,264.538833,58.714917,0.65,G,0.52,171,
NGC6419,,264.024583,68.155778,0.97,G,0.25,131,
NGC6420,,264.067917,68.052361,1.02,G,0.56,62,
NGC6421,,266.434208,-33.692639,,*Ass,,,
NGC6422,,264.125042,68.058611,1.17,G,0.93,58,
NGC6423,,264.222208,68.171472,0.63,G,0.59,170,
NGC6424,,264.050292,69.988889,0.81,G,0.78,75,
NGC6425,,266.757000,-31.529389,4.80,OCl,,,
NGC6426,,266.227958,3.170139,5.70,GCl,,,
NGC6427,,265.910792,25.493917,1.55,G,0.52,36,
NGC6428,,265.970042,25.554778,,**,,,
NGC6429,,266.022292,25.350722,1.82,G,0.70,32,
NGC6430,,266.309458,18.138944,1.68,G,0.58,96,
NGC6432,,266.843375,-24.887472,,Other,,,
NGC6433,,265.984208,36.800111,1.91,G,0.50,162,
NGC6434,,264.203417,72.088972,2.09,G,0.86,95,
NGC6435,,265.046167,62.641750,0.87,G,0.58,7,
NGC6436,,265.305167,60.449694,1.04,G,0.60,168,
NGC6437,,267.088000,-35.366194,,*Ass,,,
NGC6438,,275.572833,-85.402056,1.76,G,1.49,131,
NGC6438A,,275.647875,-85.406333,3.44,G,1.36,48,
NGC6439,,267.082500,-16.478889,0.08,PN,,,
NGC6440,,267.219458,-20.359583,5.10,GCl,,,
NGC6441,,267.553500,-37.051083,4.80,GCl,,,
NGC6442,,266.713917,20.761083,1.42,G,0.97,135,
NGC6443,,266.141042,48.114056,1.13,G,0.50,127,
NGC6444,,267.396583,-34.819667,6.90,OCl,,,
NGC6445,Little Gem,267.312750,-20.009500,0.55,PN,,,
NGC6446,,266.531292,35.569389,0.58,G,0.42,29,
NGC6447,,266.571792,35.571972,1.35,G,0.73,150,
NGC6448,,265.928333,53.546111,,Other,,,
NGC6449,,265.943083,56.804139,0.90,G,0.75,136,
NGC6450,,266.884833,18.575222,,Other,,,
NGC6451,,267.669333,-30.211611,7.20,OCl,,,
NGC6452,,266.993875,20.837806,0.70,G,0.55,10,
NGC6453,,267.715458,-34.599889,5.40,GCl,,,
NGC6454,,266.235875,55.704778,1.41,G,1.07,180,
NGC6455,,267.783750,-35.337806,7.80,*Ass,,,
NGC6456,,265.632708,67.592306,0.51,G,0.41,145,
NGC6457,,265.720167,66.476000,1.08,G,0.72,131,
NGC6458,,267.295875,20.804278,1.08,G,0.72,147,
NGC6459,,266.446625,55.776750,0.86,G,0.46,75,
NGC6460,,267.376500,20.763667,1.72,G,0.98,154,
NGC6461,,264.985458,74.034222,0.82,G,0.47,21,
NGC6462,,266.203583,61.910583,0.55,G,0.52,85,
NGC6463,,265.893000,67.603500,0.95,G,0.81,161,
NGC6464,,266.448042,60.897472,0.56,G,0.53,175,
NGC6465,,268.231583,-25.397694,,Other,,,
NGC6466,,267.033750,51.399222,0.70,G,0.41,120,
NGC6467,,267.667333,17.537778,1.41,G,0.75,76,
NGC6469,,268.300542,-22.275111,9.00,OCl,,,
NGC6470,,266.061958,67.619389,1.08,G,0.69,157,
NGC6471,,266.065000,67.591944,1.20,GPair,,,
NGC6471 NED01,,266.054333,67.593056,0.93,G,0.31,172,
NGC6471 NED02,,266.075667,67.591083,0.52,G,0.47,70,
NGC6472,,266.012917,67.630333,0.65,G,0.45,10,
NGC6473,,266.491000,57.257111,0.91,G,0.71,40,
NGC6474,,266.773167,57.301167,0.87,G,0.42,72,
NGC6475,Ptolemy's Cluster,268.463250,-34.792833,22.20,OCl,,,7
NGC6476,,268.508375,-29.144167,,*Ass,,,
NGC6477,,266.125083,67.610583,0.55,G,0.35,126,
NGC6478,,267.159792,51.157250,1.45,G,0.44,35,
NGC6479,,267.089958,54.149000,0.94,G,0.83,151,
NGC6480,,268.608500,-30.452056,2.70,*Ass,,,
NGC6481,,268.203792,4.167833,3.90,Other,,,
NGC6482,,267.953375,23.071944,2.03,G,1.71,68,
NGC6483,,269.878375,-63.668722,1.83,G,1.49,117,
NGC6484,,267.945750,24.483472,1.74,G,0.91,77,
NGC6485,,267.969750,31.461778,1.23,G,1.16,15,
NGC6486,,268.147083,29.818000,0.61,G,0.56,70,
NGC6487,,268.174375,29.838639,1.80,G,1.57,20,
NGC6488,,267.337375,62.222917,0.65,G,0.25,82,
NGC6489,,267.505458,60.092222,0.51,G,0.40,32,
NGC6490,,268.626958,18.375833,1.01,G,0.78,112,
NGC6491,,267.502917,61.531778,1.25,G,0.46,37,
NGC6492,,270.701458,-66.430639,2.38,G,1.38,79,
NGC6493,,267.594417,61.559417,1.07,G,1.02,25,
NGC6494,,269.269875,-18.985333,16.80,OCl,,,23
NGC6495,,268.711500,18.326917,1.44,G,1.07,75,
NGC6496,,269.765417,-44.266306,4.62,GCl,,,
NGC6497,,267.824875,59.470889,1.45,G,0.66,110,
NGC6499,,268.833375,18.359750,,**,,,
NGC6500,,268.999083,18.338250,2.08,G,1.65,45,
NGC6501,,269.015583,18.373083,1.73,G,1.52,15,
NGC6502,,271.057167,-65.409944,1.40,G,1.23,45,
NGC6503,,267.360125,70.144361,5.94,G,1.98,123,
NGC6504,,269.023792,33.208389,1.94,G,0.41,95,
NGC6505,,267.781000,65.530778,1.15,G,0.84,149,
NGC6506,,269.972875,-24.685333,,OCl,,,
NGC6507,,269.961625,-17.450278,4.80,OCl,,,
NGC6508,,267.443500,72.021111,1.29,G,1.09,23,
NGC6509,,269.855292,6.287028,1.45,G,1.24,104,
NGC6510,,268.663750,60.817917,0.83,G,0.48,15,
NGC6512,,268.709625,62.645083,0.81,G,0.66,36,
NGC6513,,269.893875,24.880528,1.08,G,0.77,32,
NGC6514,Trifid Nebula,270.675458,-22.971889,28.00,Neb,28.00,,20
NGC6515,,269.354958,50.728111,1.53,G,1.14,17,
NGC6516,,268.819917,62.669861,0.74,G,0.32,146,
NGC6517,,270.459958,-8.959500,4.80,GCl,,,
NGC6518,,269.932250,28.866667,0.80,G,0.64,53,
NGC6519,,270.833875,-29.804250,,**,,,
NGC6520,,270.850583,-27.886111,5.40,OCl,,,
NGC6521,,268.951833,62.612250,1.55,G,1.01,157,
NGC6522,,270.891958,-30.033972,3.90,GCl,,,
NGC6523,Lagoon Nebula,270.921958,-24.380167,45.00,Neb,30.00,,8
NGC6524,,269.811292,45.887083,1.63,G,0.99,156,
NGC6525,,270.519792,11.038333,5.40,OCl,,,
NGC6526,,271.025625,-24.441889,40.00,Neb,40.00,,
NGC6527,,270.443042,19.728722,1.48,G,1.13,146,
NGC6528,,271.206708,-30.055778,3.60,GCl,,,
NGC6529,,271.370250,-36.295389,,*Ass,,,
NGC6530,,271.129292,-24.358056,6.00,Cl+N,,,
NGC6531,,271.056042,-22.490056,6.00,OCl,,,21
NGC6532,,269.808125,56.231778,1.69,G,0.66,120,
NGC6534,,269.035667,64.283694,0.93,G,0.49,17,
NGC6535,,270.961208,-0.296917,3.60,GCl,,,
NGC6536,,269.318125,64.938083,1.14,G,0.92,125,
NGC6537,Red Spider Nebula,271.304583,-19.842972,0.17,PN,,,
NGC6538,,268.569208,73.423944,0.94,G,0.52,50,
NGC6539,,271.207292,-7.585861,6.00,GCl,,,
NGC6540,,271.533125,-27.762806,4.08,GCl,,,
NGC6541,,272.009708,-43.715889,7.50,GCl,,,
NGC6542,,269.910917,61.359389,1.38,G,0.40,97,
NGC6543,Cat's Eye Nebula,269.639125,66.633194,0.90,PN,,,
NGC6544,,271.833333,-24.998361,6.00,GCl,,,
NGC6545,,273.061542,-63.776139,1.11,G,0.97,151,
NGC6546,,271.843958,-23.296222,6.90,OCl,,,
NGC6547,,271.291750,25.232611,1.63,G,0.58,134,
NGC6548,,271.496833,18.587250,2.65,G,2.37,155,
NGC6549,,271.456250,18.538028,1.22,G,0.30,52,
NGC6551,,272.248583,-29.557667,,Other,,,
NGC6552,,270.030125,66.615111,1.06,G,0.73,103,
NGC6553,,272.322833,-25.907861,5.40,GCl,,,
NGC6554,,272.349917,-18.378694,8.70,OCl,,,
NGC6555,,271.954875,17.604889,1.96,G,1.61,115,
NGC6556,,272.489958,-27.524806,,*Ass,,,
NGC6557,,275.353417,-76.582972,1.38,G,0.92,77,
NGC6558,,272.576583,-31.763472,5.40,GCl,,,
NGC6559,,272.486875,-24.106389,15.00,Neb,10.00,,
NGC6560,,271.308250,46.881583,1.12,G,0.61,62,
NGC6561,,272.628583,-16.725667,6.00,OCl,,,
NGC6562,,271.253792,56.263111,1.00,G,0.95,60,
NGC6563,,273.010417,-33.868333,0.79,PN,,,
NGC6564,,272.259875,17.394639,,Other,,,
NGC6565,,272.969167,-28.178333,0.23,PN,,,
NGC6566,,271.752792,52.260111,0.67,G,0.60,21,
NGC6567,,273.438333,-19.075833,0.13,PN,,,
NGC6568,,273.184375,-21.628028,7.80,OCl,,,
NGC6569,,273.411125,-31.827667,4.50,GCl,,,
NGC6570,,272.780417,14.093083,1.59,G,0.86,24,
NGC6571,,272.705667,21.238500,0.79,G,0.58,50,
NGC6572,,273.025875,6.853722,0.18,PN,,,
NGC6573,,273.595750,-22.174361,3.18,*Ass,,,
NGC6574,,272.963458,14.981778,1.57,G,1.20,160,
NGC6575,,272.739542,31.116194,1.50,G,1.08,64,
NGC6576,,272.950083,21.428250,0.76,G,0.65,139,
NGC6577,,273.005125,21.463389,1.23,G,1.06,179,
NGC6578,,274.068750,-20.450917,0.14,PN,,,
NGC6579,,273.132542,21.420694,1.15,G,0.78,33,
NGC6580,,273.140417,21.426139,1.39,G,0.82,98,
NGC6581,,273.076750,25.662361,0.60,G,0.44,5,
NGC6582,,272.764583,49.910556,1.40,GPair,,,
NGC6582 NED01,,272.757792,49.911889,0.76,G,0.76,113,
NGC6582 NED02,,272.771500,49.909222,1.45,G,1.00,146,
NGC6583,,273.953875,-22.137639,3.60,OCl,,,
NGC6584,,274.656875,-52.215167,5.10,GCl,,,
NGC6585,,273.090792,39.633000,2.01,G,0.45,50,
NGC6586,,273.410417,21.090083,1.15,G,0.59,104,
NGC6587,,273.462042,18.825194,1.82,G,1.82,20,
NGC6588,,275.245250,-63.809972,5.40,Other,,,
NGC6589,,274.230708,-19.777083,4.00,Neb,3.00,,
NGC6590,,274.270792,-19.866056,4.00,RfN,3.00,,
NGC6591,,273.516250,21.063889,0.54,G,0.21,54,
NGC6592,,272.461167,61.421972,0.81,G,0.65,116,
NGC6593,,273.514792,22.283917,0.81,G,0.67,0,
NGC6594,,272.523000,61.133472,0.86,G,0.50,93,
NGC6596,,274.390542,-16.650444,6.60,OCl,,,
NGC6597,,272.806042,61.180667,0.89,G,0.50,87,
NGC6598,,272.233333,69.067889,1.18,G,0.87,35,
NGC6599,,273.929083,24.912389,1.23,G,1.14,35,
NGC6601,,272.934792,61.453306,0.79,G,0.49,45,
NGC6602,,274.142875,25.044028,0.77,G,0.57,178,
NGC6603,,274.612375,-18.406056,4.20,OCl,,,
NGC6604,,274.512333,-12.243111,9.60,OCl,,,
NGC6605,,274.090333,-15.015194,6.30,OCl,,,
NGC6606,,273.673292,43.268639,0.91,G,0.71,87,
NGC6607,,273.061417,61.332917,0.55,G,0.48,54,
NGC6608,,273.120333,61.298167,0.86,G,0.19,43,
NGC6609,,273.139875,61.331917,0.83,G,0.72,81,
NGC6611,Eagle Nebula,274.700708,-13.807222,120.00,Neb,25.00,,16
NGC6612,,274.045208,36.078556,1.02,G,0.66,170,
NGC6613,,274.993708,-17.101972,6.00,OCl,,,18
NGC6614,,276.280042,-63.248361,1.64,G,1.26,69,
NGC6615,,274.639458,13.265028,1.37,G,0.87,170,
NGC6616,,274.421167,22.238444,1.35,G,0.57,55,
NGC6617,,273.510500,61.319556,0.90,G,0.52,73,
NGC6618,Checkmark Nebula,275.196292,-16.171528,12.60,Neb,,,17
NGC6619,,274.731417,23.655611,1.38,G,0.89,104,
NGC6620,,275.725625,-26.821694,0.13,PN,,,
NGC6621,,273.230458,68.363444,2.15,G,0.87,143,
NGC6622,,273.249167,68.353889,0.97,G,0.87,117,
NGC6623,,274.928750,23.705556,1.30,GPair,,,
NGC6623 NED01,,274.928417,23.701778,0.15,G,0.15,,
NGC6623 NED02,,274.928583,23.709556,1.35,G,1.20,140,
NGC6624,,275.919042,-30.361278,3.30,GCl,,,
NGC6625,,275.697083,-11.955000,6.00,OCl,,,
NGC6626,,276.137042,-24.869833,5.10,GCl,,,28
NGC6627,,275.662167,15.698000,1.07,G,0.96,75,
NGC6628,,275.591292,23.478556,1.52,G,0.91,89,
NGC6629,,276.426917,-23.202889,0.26,PN,,,
NGC6630,,278.146417,-63.293250,0.81,G,0.68,102,
NGC6631,,276.797333,-12.031222,5.70,OCl,,,
NGC6632,,276.262875,27.535306,2.40,G,1.16,156,
NGC6633,,276.813458,6.508222,12.00,OCl,,,
NGC6635,,276.904625,14.819056,1.14,G,1.03,5,
NGC6636,,275.514583,66.620222,2.20,GPair,,,
NGC6636 NED01,,275.511958,66.616556,1.91,G,0.46,6,
NGC6636 NED02,,275.521292,66.622000,0.72,G,0.39,8,
NGC6637,,277.846792,-32.347972,5.70,GCl,,,69
NGC6638,,277.734375,-25.496417,4.20,GCl,,,
NGC6639,,277.747083,-13.155833,6.00,OCl,,,
NGC6640,,277.034458,34.302667,0.83,G,0.18,146,
NGC6641,,277.239042,22.903000,0.93,G,0.81,100,
NGC6642,,277.975917,-23.476139,3.90,GCl,,,
NGC6643,,274.943375,74.568361,3.32,G,1.63,37,
NGC6644,,278.144708,-25.129361,0.04,PN,,,
NGC6645,,278.157917,-16.883889,5.40,OCl,,,
NGC6646,,277.411417,39.865139,1.49,G,1.25,67,
NGC6647,,278.205583,-17.228667,3.60,OCl,,,
NGC6648,,276.407500,64.976167,,Other,,,
NGC6649,,278.366500,-10.402806,5.58,OCl,,,
NGC6650,,276.366625,68.005833,0.73,G,0.66,40,
NGC6651,,276.082125,71.601917,1.34,G,0.71,32,
NGC6652,,278.940625,-32.990306,5.10,GCl,,,
NGC6653,,281.159875,-73.263417,1.64,G,1.41,56,
NGC6654,,276.031542,73.183222,2.91,G,2.23,5,
NGC6654A,,279.853917,73.579750,2.11,G,0.44,59,
NGC6655,,278.628750,-5.920861,,**,,,
NGC6656,,279.100833,-23.903417,12.60,GCl,,,22
NGC6657,,278.256083,34.060472,0.77,G,0.44,135,
NGC6658,,278.481875,22.888278,1.50,G,0.25,5,
NGC6659,,278.499708,23.594889,5.40,OCl,,,
NGC6660,,278.652792,22.909667,1.95,G,1.13,143,
NGC6662,,278.546583,32.064583,1.65,G,0.51,18,
NGC6663,,278.390333,40.048944,0.86,G,0.74,147,
NGC6664,,279.138958,-8.220750,6.00,OCl,,,
NGC6665,,278.625042,30.720556,0.95,G,0.47,25,
NGC6666,,278.687208,33.587639,,Other,,,
NGC6667,,277.665792,67.987028,1.88,G,1.05,99,
NGC6669,,279.312875,22.195722,,Other,,,
NGC6670,,278.397708,59.888806,1.20,GTrpl,,,
NGC6670A,,278.407167,59.889667,0.68,G,0.32,116,
NGC6670B,,278.392042,59.888222,0.78,G,0.25,69,
NGC6670 NED03,,278.412625,59.888139,0.27,G,0.17,72,
NGC6671,,279.359000,26.417194,1.39,G,1.39,5,
NGC6672,,279.059958,42.947639,,**,,,
NGC6673,,281.276333,-62.297222,2.60,G,1.44,27,
NGC6674,,279.641125,25.375139,4.01,G,2.04,144,
NGC6675,,279.360333,40.057722,1.31,G,0.94,131,
NGC6676,,278.291500,66.959056,1.50,G,0.37,141,
NGC6677,,278.400542,67.110750,0.84,G,0.35,103,
NGC6679,,278.377083,67.137306,0.60,G,0.35,99,
NGC6680,,279.933208,22.316417,0.63,G,0.41,60,
NGC6681,,280.802667,-32.291889,6.60,GCl,,,70
NGC6682,,279.905667,-4.813694,4.50,OCl,,,
NGC6683,,280.558208,-6.212250,3.00,OCl,,,
NGC6684,,282.241167,-65.173444,4.19,G,2.96,29,
NGC6684A,,283.095042,-64.831472,1.95,G,1.34,140,
NGC6685,,279.994333,39.981778,0.95,G,0.70,38,
NGC6686,,280.029250,40.137639,0.63,G,0.56,153,
NGC6687,,279.342125,59.642972,1.25,G,0.94,46,
NGC6688,,280.167208,36.289639,1.64,G,1.59,40,
NGC6689,,278.709375,70.523917,3.29,G,0.91,171,
NGC6691,,279.801042,55.641806,1.47,G,1.37,35,
NGC6692,,280.422917,34.843611,1.05,GPair,0.55,119,
NGC6694,,281.327750,-9.383611,6.00,OCl,,,26
NGC6695,,280.678083,40.366889,1.21,G,0.67,13,
NGC6696,,280.021000,59.333972,0.91,G,0.23,1,
NGC6697,,281.312333,25.512583,1.19,G,0.95,65,
NGC6698,,282.020875,-25.477167,4.98,OCl,,,
NGC6699,,283.008500,-57.320750,1.74,G,1.71,95,
NGC6700,,281.518292,32.279611,1.52,G,1.01,114,
NGC6701,,280.801917,60.653333,1.42,G,1.36,120,
NGC6702,,281.739917,45.705667,1.64,G,1.42,58,
NGC6703,,281.828458,45.550639,2.43,G,2.38,85,
NGC6704,,282.690708,-5.205417,3.30,OCl,,,
NGC6705,Amas de l'Ecu de Sobieski,282.774958,-6.270028,9.00,OCl,,,11
NGC6706,,284.212667,-63.166222,1.70,G,0.77,124,
NGC6707,,283.841917,-53.818444,2.62,G,1.05,143,
NGC6708,,283.898500,-53.723444,1.16,G,0.86,163,
NGC6709,,282.828917,10.318750,8.70,OCl,,,
NGC6710,,282.642292,26.838389,1.68,G,0.93,38,
NGC6711,,282.253667,47.658111,1.03,G,0.94,70,
NGC6712,,283.270375,-8.705472,5.70,GCl,,,
NGC6713,,282.685667,33.959778,0.48,G,0.44,110,
NGC6714,,281.708333,66.745000,,*Ass,,,
NGC6715,,283.763625,-30.478500,5.10,GCl,,,54
NGC6716,,283.643208,-19.901083,7.20,OCl,,,
NGC6717,,283.775167,-22.701611,3.90,GCl,,,
NGC6718,,285.369292,-66.110194,1.48,G,0.74,171,
NGC6719,,285.781208,-68.588361,1.66,G,0.84,109,
NGC6720,Ring Nebula,283.395875,33.028583,1.27,PN,,,57
NGC6721,,285.211708,-57.759444,1.90,G,1.58,155,
NGC6722,,285.918208,-64.894472,2.93,G,0.51,164,
NGC6723,,284.888125,-36.631472,9.30,GCl,,,
NGC6724,,284.195333,10.428556,3.18,OCl,,,
NGC6725,,285.485917,-53.863083,2.65,G,0.52,40,
NGC6726,,285.413750,-36.891306,9.00,RfN,7.00,,
NGC6727,,285.426125,-36.876250,80.00,RfN,80.00,,
NGC6728,,284.687667,-8.966000,4.50,OCl,,,
NGC6729,,285.480833,-36.957639,25.00,Neb,20.00,,
NGC6730,,286.890208,-68.912806,2.20,G,1.83,31,
NGC6731,,284.306125,43.076778,,**,,,
NGC6732,,284.100083,52.377611,0.94,G,0.68,103,
NGC6733,,286.544292,-62.196917,1.96,G,1.39,109,
NGC6734,,286.809708,-65.461861,1.38,G,0.90,14,
NGC6735,,285.155667,-0.475389,5.10,OCl,,,
NGC6736,,286.871875,-65.428611,1.11,G,0.88,67,
NGC6737,,285.572792,-18.546972,6.60,OCl,,,
NGC6738,,285.339833,11.615611,5.40,*Ass,,,
NGC6739,,286.953167,-61.368111,2.65,G,0.89,173,
NGC6740,,285.210458,28.771222,1.09,G,0.76,31,
NGC6741,Phantom Streak Nebula,285.654167,-0.449389,0.13,PN,,,
NGC6742,,284.832917,48.465278,0.55,PN,,,
NGC6743,,285.336125,29.277472,6.90,OCl,,,
NGC6744,,287.442083,-63.857528,15.67,G,9.75,15,
NGC6744A,,287.182333,-63.730500,1.64,G,0.60,106,
NGC6745,,285.423750,40.753056,2.30,GTrpl,,,
NGC6745 NED01,,285.422667,40.747861,0.95,G,0.46,32,
NGC6745 NED02,,285.423875,40.759972,0.69,G,0.22,174,
NGC6745 NED03,,285.424917,40.751361,0.33,G,0.18,7,
NGC6746,,287.591708,-61.970167,1.56,G,1.09,170,
NGC6747,,283.840208,72.771528,0.65,G,0.50,126,
NGC6749,,286.315000,1.900611,5.10,GCl,,,
NGC6750,,285.150458,59.166750,1.08,G,0.69,2,
NGC6751,,286.481458,-5.992306,0.34,PN,,,
NGC6752,,287.715750,-59.981861,13.20,GCl,,,
NGC6753,,287.848500,-57.049556,2.97,G,2.60,25,
NGC6754,,287.857167,-50.641806,2.02,G,1.08,77,
NGC6755,,286.954375,4.266417,6.00,OCl,,,
NGC6756,,287.177375,4.705778,3.60,OCl,,,
NGC6757,,286.264083,55.715167,1.71,G,1.15,92,
NGC6758,,288.468083,-56.309944,2.75,G,2.14,111,
NGC6759,,286.736833,50.344222,0.97,G,0.67,40,
NGC6760,,287.800250,1.030472,5.40,GCl,,,
NGC6761,,288.770000,-50.656833,1.63,G,1.42,22,
NGC6762,,286.404500,63.934028,1.55,G,0.34,119,
NGC6764,,287.068208,50.933222,2.49,G,1.22,64,
NGC6765,,287.777083,30.545556,0.67,PN,,,
NGC6767,,287.891292,37.725444,,**,,,
NGC6768,,289.135833,-40.209167,1.26,G,1.00,36,
NGC6769,,289.594500,-60.501083,2.86,G,2.19,120,
NGC6770,,289.655500,-60.496472,2.39,G,1.72,33,
NGC6771,,289.664625,-60.546000,2.38,G,0.54,121,
NGC6772,,288.651250,-2.706806,1.07,PN,,,
NGC6773,,288.785208,4.856556,,OCl,,,
NGC6774,,289.067917,-16.260694,30.00,OCl,,,
NGC6775,,289.178583,-0.933361,4.80,OCl,,,
NGC6776,,291.329792,-63.860167,2.00,G,1.62,14,
NGC6776A,,291.272417,-63.683444,1.44,G,0.36,83,
NGC6778,,289.603542,-1.596361,0.26,PN,,,
NGC6779,,289.147958,30.184500,5.80,GCl,,,56
NGC6780,,290.712000,-55.775833,2.01,G,1.55,4,
NGC6781,,289.617750,6.539722,1.80,PN,,,
NGC6782,,290.991250,-59.922472,2.45,G,1.49,18,
NGC6783,,289.198417,46.017222,0.66,G,0.62,135,
NGC6784,,291.649958,-65.617694,1.04,G,0.56,46,
NGC6784A,,291.629917,-65.626111,0.95,G,0.54,167,
NGC6786,,287.724625,73.410167,0.81,G,0.48,20,
NGC6787,,289.044083,60.417528,0.80,G,0.74,70,
NGC6788,,291.707292,-54.951306,3.20,G,1.05,69,
NGC6789,,289.175667,63.971472,0.97,G,0.84,145,
NGC6790,,290.737083,1.513333,0.12,PN,,,
NGC6791,,290.221750,37.771889,6.30,OCl,,,
NGC6792,,290.239208,43.132500,2.08,G,1.11,24,
NGC6793,,290.809958,22.141028,8.10,OCl,,,
NGC6794,,292.016167,-38.918750,1.51,G,1.26,85,
NGC6795,,291.591750,3.514361,,OCl,,,
NGC6796,,290.378625,61.144889,1.73,G,0.40,1,
NGC6797,,292.253125,-25.666556,,Other,,,
NGC6798,,291.013208,53.624778,1.78,G,0.80,147,
NGC6799,,293.068875,-55.907917,1.83,G,1.36,107,
NGC6800,,291.782000,25.140472,6.00,OCl,,,
NGC6801,,291.899208,54.372889,1.36,G,0.71,38,
NGC6802,,292.646000,20.260972,4.50,OCl,,,
NGC6803,,292.818542,10.056028,0.09,PN,,,
NGC6804,,292.897458,9.225167,0.58,PN,,,
NGC6805,,294.190458,-37.554361,1.16,G,1.03,159,
NGC6806,,294.271042,-42.296278,1.22,G,0.96,52,
NGC6807,,293.639583,5.684167,0.03,PN,,,
NGC6808,,295.975000,-70.633389,0.80,G,0.25,42,
NGC6809,,294.997500,-30.962083,12.00,GCl,,,55
NGC6810,,295.892708,-58.655583,3.79,G,1.05,175,
NGC6811,,294.324625,46.388833,7.20,OCl,,,
NGC6812,,296.350917,-55.346806,1.75,G,1.12,87,
NGC6813,,295.093500,27.309556,3.00,PN,,,
NGC6814,,295.669333,-10.323500,3.08,G,0.74,110,
NGC6815,,295.184625,26.759000,,*Ass,,,
NGC6816,,296.009292,-28.400833,1.72,G,1.40,80,
NGC6817,,294.343333,62.383056,0.90,GPair,,,
NGC6817 NED01,,294.338500,62.382694,0.26,G,0.18,47,
NGC6817 NED02,,294.347417,62.383639,0.66,G,0.55,115,
NGC6818,Little Gem Nebula,295.990542,-14.153167,0.77,PN,,,
NGC6819,Foxhead Cluster,295.325375,40.186750,6.90,OCl,,,
NGC6820,,295.616750,23.088083,0.50,Neb,0.50,,
NGC6821,,296.100250,-6.833444,1.03,G,0.93,130,
NGC6822,Barnard's Galaxy,296.240583,-14.803444,17.38,G,16.75,27,
NGC6823,,295.791208,23.299944,6.00,Cl+N,,,
NGC6824,,295.919583,56.109472,1.91,G,1.39,53,
NGC6825,,295.478333,64.073056,0.72,GPair,0.32,170,
NGC6826,Blinking Planetary,296.200458,50.525028,0.42,PN,,,
NGC6827,,297.222667,21.215056,2.10,OCl,,,
NGC6828,,297.573375,7.902556,6.00,OCl,,,
NGC6829,,296.781500,59.907083,1.49,G,0.35,31,
NGC6830,,297.748250,23.100139,4.20,OCl,,,
NGC6831,,296.988750,59.892528,1.29,G,1.17,115,
NGC6832,,297.063583,59.421167,3.30,OCl,,,
NGC6833,,297.444167,48.961111,0.03,PN,,,
NGC6834,,298.052333,29.408167,4.50,OCl,,,
NGC6835,,298.637292,-12.567583,2.74,G,0.61,70,
NGC6836,,298.666917,-12.687944,1.42,G,1.11,119,
NGC6837,,298.285958,11.699000,3.00,OCl,,,
NGC6838,,298.442125,18.778389,6.90,GCl,,,71
NGC6839,,298.500000,18.003333,,Other,,,
NGC6840,,298.817708,12.114611,4.50,OCl,,,
NGC6841,,299.454417,-31.810694,1.63,G,1.46,162,
NGC6842,,298.759417,29.289167,0.95,PN,,,
NGC6843,,299.025917,12.163833,3.60,OCl,,,
NGC6844,,300.708875,-65.229861,1.26,G,0.97,5,
NGC6845,,300.242833,-47.069972,4.10,GGroup,,,
NGC6845A,,300.243417,-47.070250,1.08,G,0.61,47,
NGC6845B,,300.272083,-47.059083,0.78,G,0.60,24,
NGC6845C,,300.236708,-47.084222,0.94,G,0.31,138,
NGC6845D,,300.223292,-47.095222,0.79,G,0.22,157,
NGC6846,,299.117167,32.349694,2.40,OCl,,,
NGC6847,,299.157583,30.212917,10.00,Cl+N,10.00,,
NGC6848,,300.696875,-56.090306,2.34,G,1.38,158,
NGC6849,,301.565083,-40.198306,2.15,G,1.42,19,
NGC6850,,300.875417,-54.844778,2.03,G,1.09,146,
NGC6851,,300.893208,-48.284500,2.18,G,1.70,161,
NGC6851A,,301.452125,-47.978250,1.35,G,0.70,50,
NGC6851B,,301.416417,-47.979056,1.12,G,0.18,67,
NGC6852,,300.163167,1.728111,0.47,PN,,,
NGC6853,Dumbbell Nebula,299.901583,22.721028,6.70,PN,,,27
NGC6854,,301.411667,-54.375611,2.28,G,1.62,166,
NGC6855,,301.707958,-56.389917,1.27,G,0.95,95,
NGC6856,,299.821375,56.130889,3.00,OCl,,,
NGC6857,,300.450542,33.525917,0.63,HII,0.63,,
NGC6858,,300.747458,11.259417,4.20,OCl,,,
NGC6859,,300.956292,0.444639,,Other,,,
NGC6860,,302.195375,-61.100194,1.31,G,0.75,32,
NGC6861,,301.831167,-48.370222,3.18,G,2.36,133,
NGC6861B,,301.522625,-48.474444,1.21,G,0.40,100,
NGC6861C,,301.671167,-48.649778,1.11,G,0.42,34,
NGC6861D,,302.081167,-48.211417,2.36,G,0.85,157,
NGC6861E,,302.756333,-48.690583,1.48,G,0.31,37,
NGC6861F,,302.799167,-48.275833,1.82,G,0.35,85,
NGC6862,,302.227417,-56.391750,1.43,G,1.32,125,
NGC6863,,301.280500,-3.555139,,Other,,,
NGC6864,,301.520167,-21.922222,3.60,GCl,,,75
NGC6865,,301.485333,-9.040917,0.63,G,0.48,135,
NGC6866,,300.979917,44.159111,5.10,OCl,,,
NGC6867,,302.623583,-54.783250,1.61,G,0.55,156,
NGC6868,,302.475292,-48.379556,3.58,G,3.13,81,
NGC6869,,300.176708,66.227528,1.44,G,1.44,100,
NGC6870,,302.545250,-48.287083,2.56,G,1.08,86,
NGC6871,,301.497667,35.777250,9.30,OCl,,,
NGC6872,,304.235667,-70.767944,4.70,G,1.80,45,
NGC6873,,301.807875,21.102250,3.00,OCl,,,
NGC6874,,301.887833,38.246111,,*Ass,,,
NGC6875,,303.301958,-46.161639,2.15,G,1.30,22,
NGC6875A,,302.982750,-46.144083,2.97,G,0.61,74,
NGC6876,,304.579792,-70.858806,3.46,G,3.00,110,
NGC6876A,,302.820208,-71.012944,1.38,G,0.46,178,
NGC6877,,304.650833,-70.853056,2.38,G,1.14,163,
NGC6878,,303.471833,-44.526750,1.61,G,1.26,98,
NGC6878A,,303.400000,-44.816167,1.87,G,0.86,69,
NGC6879,,302.610833,16.922806,0.08,PN,,,
NGC6880,,304.873458,-70.859861,2.46,G,1.06,25,
NGC6881,,302.718750,37.411389,0.07,PN,,,
NGC6882,,302.982750,26.488806,7.50,OCl,,,
NGC6883,,302.832292,35.832194,4.50,OCl,,,
NGC6884,,302.598750,46.460833,0.10,PN,,,
NGC6886,,303.178750,19.989722,0.09,PN,,,
NGC6887,,304.322042,-52.796750,3.44,G,1.18,103,
NGC6888,Crescent Nebula,303.027292,38.354944,20.00,HII,10.00,,
NGC6889,,304.721792,-53.957083,1.71,G,1.08,60,
NGC6890,,304.575417,-44.806722,1.59,G,1.27,155,
NGC6891,,303.786833,12.704361,0.25,PN,,,
NGC6892,,304.238500,18.019667,,Other,,,
NGC6893,,305.206833,-48.239083,2.87,G,1.78,9,
NGC6894,,304.100208,30.565083,0.67,PN,,,
NGC6895,,304.134833,50.240472,5.10,OCl,,,
NGC6896,,304.514917,30.640056,,**,,,
NGC6897,,305.255292,-12.254694,0.94,G,0.60,39,
NGC6898,,305.283458,-12.358889,1.03,G,0.94,145,
NGC6899,,306.092667,-50.433944,1.79,G,0.89,112,
NGC6900,,305.396292,-2.569222,0.94,G,0.74,100,
NGC6901,,305.589625,6.429861,1.25,G,0.49,62,
NGC6902,,306.117250,-43.653528,2.69,G,2.11,158,
NGC6902A,,305.749000,-44.271528,0.98,G,0.74,57,
NGC6902B,,305.779375,-43.868611,1.32,G,1.20,160,
NGC6903,,305.936917,-19.325417,2.24,G,2.04,145,
NGC6904,,305.450625,25.741500,4.20,OCl,,,
NGC6905,Blue Flash Nebula,305.595792,20.104528,0.67,PN,,,
NGC6906,,305.891292,6.443667,1.12,G,0.48,45,
NGC6907,,306.277625,-24.809167,3.33,G,2.68,67,
NGC6908,,306.287375,-24.801139,1.87,G,1.01,65,
NGC6909,,306.912042,-47.027028,2.36,G,1.29,69,
NGC6910,,305.800208,40.778611,6.30,OCl,,,
NGC6911,,304.909708,66.728333,1.84,G,1.01,122,
NGC6912,,306.717000,-18.617278,1.30,G,1.03,77,
NGC6913,,305.990708,38.507667,3.60,OCl,,,29
NGC6914,,306.180417,42.482639,3.00,RfN,3.00,,
NGC6915,,306.941917,-3.077056,1.65,G,1.15,85,
NGC6916,,305.887833,58.344056,1.64,G,1.11,89,
NGC6917,,306.868167,8.098083,1.11,G,0.45,48,
NGC6918,,307.696333,-47.473722,0.99,G,0.76,5,
NGC6919,,307.908833,-44.216417,1.39,G,1.11,132,
NGC6920,,310.989167,-80.000833,2.30,G,1.86,132,
NGC6921,,307.120250,25.723417,1.08,G,0.35,141,
NGC6922,,307.470417,-2.191194,1.17,G,0.92,139,
NGC6923,,307.912792,-30.831889,2.54,G,1.24,76,
NGC6924,,308.330125,-25.474444,1.70,G,1.45,140,
NGC6925,,308.585708,-31.980889,4.68,G,1.16,4,
NGC6926,,308.275458,-2.027500,1.33,G,0.37,178,
NGC6927,,308.159208,9.916389,0.60,G,0.20,5,
NGC6927A,,308.152875,9.883917,0.38,G,0.13,20,
NGC6928,,308.209250,9.926417,2.08,G,0.51,106,
NGC6929,,308.340333,-2.037194,0.43,G,0.33,81,
NGC6930,,308.245000,9.874444,1.43,G,0.46,9,
NGC6931,,308.422292,-11.368861,1.27,G,0.46,125,
NGC6932,,310.535750,-73.619361,2.45,G,1.44,105,
NGC6933,,308.409083,7.387333,,*,,,
NGC6934,,308.547875,7.404111,5.40,GCl,,,
NGC6935,,309.584250,-52.110444,2.18,G,1.91,14,
NGC6936,,308.984583,-25.279972,1.82,G,0.91,5,
NGC6937,,309.690958,-52.143250,2.55,G,1.69,155,
NGC6938,,308.677042,22.214583,5.40,OCl,,,
NGC6939,,307.875542,60.662083,12.00,OCl,,,
NGC6940,,308.611208,28.282722,10.80,OCl,,,
NGC6941,,309.097792,-4.618750,1.73,G,1.20,126,
NGC6942,,310.157708,-54.303056,2.24,G,1.71,134,
NGC6943,,311.140583,-68.747722,3.75,G,2.22,125,
NGC6944,,309.599417,6.996444,1.12,G,0.79,48,
NGC6944A,,309.547125,6.902667,0.97,G,0.69,67,
NGC6945,,309.752583,-4.972583,1.58,G,1.01,121,
NGC6946,Fireworks Galaxy,308.718000,60.153917,11.40,G,10.84,52,
NGC6947,,310.313000,-32.486417,1.74,G,0.69,41,
NGC6948,,310.871417,-53.356722,2.00,G,0.95,113,
NGC6949,,308.778833,64.802806,1.31,G,1.05,95,
NGC6950,,310.273250,16.622222,4.50,OCl,,,
NGC6951,,309.308708,66.105639,3.19,G,2.09,149,
NGC6953,,309.442583,65.764861,,Other,,,
NGC6954,,311.013250,3.209444,1.27,G,0.80,84,
NGC6955,,311.074917,2.594833,1.27,G,0.98,115,
NGC6956,,310.973792,12.511917,1.75,G,1.37,112,
NGC6957,,311.198167,2.581222,0.62,G,0.57,150,
NGC6958,,312.177458,-37.997417,2.44,G,1.88,97,
NGC6959,,311.780167,0.430194,0.50,G,0.34,63,
NGC6960,Veil Nebula,311.492417,30.595139,210.00,SNR,160.00,,
NGC6961,,311.793792,0.363278,0.76,G,0.73,150,
NGC6962,,311.829417,0.320806,2.70,G,2.00,68,
NGC6963,,311.831125,0.510639,,**,,,
NGC6964,,311.851250,0.300833,1.68,G,1.26,165,
NGC6965,,311.834875,0.484056,0.73,G,0.63,68,
NGC6966,,311.861500,0.367694,,**,,,
NGC6967,,311.892083,0.411611,1.19,G,0.71,95,
NGC6968,,312.135333,-8.360306,1.97,G,1.18,135,
NGC6969,,312.115125,7.739972,1.21,G,0.37,15,
NGC6970,,313.039417,-48.777778,1.54,G,0.87,115,
NGC6971,,312.349000,5.995583,1.05,G,0.87,60,
NGC6972,,312.495583,9.899139,1.23,G,0.49,142,
NGC6973,,313.024667,-5.895194,,*,,,
NGC6974,,312.768000,31.828111,,SNR,,,
NGC6975,,313.108458,-5.772306,1.02,G,0.92,165,
NGC6977,,313.123792,-5.746111,1.25,G,0.93,168,
NGC6978,,313.147625,-5.711139,1.51,G,0.57,126,
NGC6979,,312.616708,32.025889,7.00,SNR,3.00,,
NGC6980,,313.203917,-5.837889,,*,,,
NGC6981,,313.366292,-12.537056,4.50,GCl,,,72
NGC6982,,314.326583,-51.862278,1.00,G,0.49,66,
NGC6983,,314.180958,-43.986028,0.85,G,0.66,151,
NGC6984,,314.474917,-51.870833,1.80,G,1.16,101,
NGC6985,,311.262417,-11.104194,1.25,G,0.51,106,
NGC6985A,,311.255292,-11.107667,1.02,G,0.44,160,
NGC6986,,314.127750,-18.566556,0.98,G,0.64,6,
NGC6987,,314.543167,-48.630306,2.03,G,1.63,125,
NGC6988,,313.954000,10.507861,0.68,G,0.59,21,
NGC6989,,313.528833,45.239278,5.40,OCl,,,
NGC6990,,314.987167,-55.561972,1.24,G,0.56,179,
NGC6991,,313.716667,47.461667,23.00,OCl,,,
NGC6992,Eastern Veil,314.079458,31.742750,60.00,SNR,8.00,,
NGC6993,,313.475208,-25.472528,1.47,G,1.17,98,
NGC6994,,314.733208,-12.635500,,Other,,,73
NGC6995,Eastern Veil,314.294833,31.235167,12.00,SNR,12.00,,
NGC6996,,314.125042,45.473028,,*Ass,,,
NGC6997,,314.164375,44.631500,6.90,Cl+N,,,
NGC6998,,315.407000,-28.031917,0.94,G,0.89,135,
NGC6999,,315.498083,-28.058917,1.21,G,0.99,1,
NGC7000,North America Nebula,314.821417,44.528778,120.00,HII,30.00,,
NGC7001,,315.282292,-0.195167,1.38,G,1.03,169,
NGC7002,,315.936667,-49.029750,2.10,G,1.66,12,
NGC7003,,315.176750,17.804889,0.99,G,0.66,116,
NGC7004,,316.009083,-49.114250,1.26,G,0.48,70,
NGC7005,,315.490208,-12.882611,,Other,,,
NGC7006,,315.371875,16.187528,4.20,GCl,,,
NGC7007,,316.366333,-52.551972,3.39,G,1.23,1,
NGC7008,,315.136667,54.543194,1.43,PN,,,
NGC7009,Saturn Nebula,316.044958,-11.363250,0.70,PN,0.52,70,
NGC7010,,316.164583,-12.338389,2.18,G,1.12,47,
NGC7011,,315.455750,47.354306,,OCl,,,
NGC7012,,316.689667,-44.814722,1.65,G,0.81,98,
NGC7013,,315.889917,29.897472,4.16,G,1.33,158,
NGC7014,,316.967375,-47.179000,2.03,G,1.77,130,
NGC7015,,316.405750,11.414167,1.70,G,1.51,170,
NGC7016,,316.817833,-25.468944,1.02,G,0.86,90,
NGC7017,,316.835542,-25.486861,0.85,GPair,0.60,85,
NGC7018,,316.855625,-25.427750,0.93,GTrpl,0.59,93,
NGC7019,,316.607208,-24.412667,0.74,G,0.39,127,
NGC7020,,317.833708,-64.025333,4.10,G,1.67,165,
NGC7022,,317.396833,-49.303667,1.52,G,1.08,7,
NGC7023,Iris Nebula,315.398417,68.169556,10.00,Neb,8.00,,
NGC7024,,316.533792,41.484583,4.92,OCl,,,
NGC7025,,316.947250,16.335861,2.02,G,1.32,45,
NGC7026,,316.577000,47.852194,0.33,PN,,,
NGC7027,,316.756375,42.236528,0.23,PN,,,
NGC7028,,316.458500,18.468194,0.64,G,0.27,5,
NGC7029,,317.966875,-49.283722,2.75,G,1.57,68,
NGC7030,,317.805542,-20.485861,0.86,G,0.65,36,
NGC7031,,316.802292,50.875556,3.90,OCl,,,
NGC7032,,318.845333,-68.287889,1.17,G,0.99,20,
NGC7033,,317.401083,15.124889,0.88,G,0.60,4,
NGC7034,,317.409083,15.150667,0.96,G,0.70,122,
NGC7035,,317.693333,-23.135833,1.20,GPair,,,
NGC7035A,,317.689417,-23.135139,0.89,G,0.65,110,
NGC7035B,,317.697083,-23.137083,1.23,G,0.91,88,
NGC7036,,317.551625,15.376111,4.50,OCl,,,
NGC7037,,317.690500,33.728333,6.00,OCl,,,
NGC7038,,318.781292,-47.220500,3.22,G,1.69,127,
NGC7039,,317.699167,45.621806,7.80,OCl,,,
NGC7040,,318.318750,8.864972,1.04,G,0.74,155,
NGC7041,,319.134917,-48.363556,3.46,G,1.47,84,
NGC7042,,318.441083,13.574917,1.78,G,1.56,138,
NGC7043,,318.517375,13.626028,0.82,G,0.64,129,
NGC7044,,318.289208,42.496194,6.00,OCl,,,
NGC7045,,318.708583,4.506778,,**,,,
NGC7046,,318.733500,2.834833,1.10,G,0.77,113,
NGC7047,,319.115208,-0.826500,1.34,G,0.65,104,
NGC7048,,318.563333,46.288611,1.02,PN,,,
NGC7049,,319.751250,-48.562167,3.94,G,2.69,64,
NGC7050,,318.785625,36.175250,3.60,OCl,,,
NGC7051,,319.963875,-8.782944,1.25,G,0.92,75,
NGC7052,,319.637708,26.447028,1.82,G,0.90,66,
NGC7053,,320.281708,23.084806,1.57,G,1.47,25,
NGC7055,,319.875458,57.545611,3.00,OCl,,,
NGC7056,,320.531500,18.665667,1.10,G,1.03,60,
NGC7057,,321.244583,-42.460444,1.36,G,0.81,107,
NGC7058,,320.473250,50.819028,5.10,OCl,,,
NGC7059,,321.839458,-60.014583,3.69,G,1.31,101,
NGC7060,,321.473250,-42.411278,2.02,G,1.09,153,
NGC7061,,321.861875,-49.063500,1.63,G,0.94,138,
NGC7062,,320.864500,46.378528,3.60,OCl,,,
NGC7063,,321.090417,36.487500,6.30,OCl,,,
NGC7064,,322.262417,-52.767611,3.74,G,0.70,92,
NGC7065,,321.677125,-6.994917,1.00,G,0.79,29,
NGC7065A,,321.741042,-7.021528,1.10,G,1.04,130,
NGC7066,,321.558333,14.181944,0.83,GPair,0.81,160,
NGC7067,,321.096333,48.009250,2.40,OCl,,,
NGC7068,,321.634875,12.184306,0.76,G,0.33,175,
NGC7069,,322.024458,-1.646861,1.15,G,0.70,17,
NGC7070,,322.605625,-43.087111,2.50,G,2.16,178,
NGC7070A,,322.947042,-42.847667,2.21,G,1.70,6,
NGC7071,,321.663875,47.919583,,*Ass,,,
NGC7072,,322.653833,-43.153528,0.82,G,0.63,81,
NGC7072A,,322.607000,-43.202611,0.80,G,0.61,108,
NGC7073,,322.358417,-11.488139,0.92,G,0.81,170,
NGC7074,,322.411833,6.682556,0.83,G,0.48,120,
NGC7075,,322.887417,-38.617917,1.45,G,1.09,114,
NGC7076,,321.597917,62.892500,0.93,PN,,,
NGC7077,,322.498375,2.414167,0.90,G,0.56,12,
NGC7078,,322.493250,12.166833,11.10,GCl,,,15
NGC7079,,323.146875,-44.067556,2.30,G,1.44,77,
NGC7080,,322.508125,26.717806,1.63,G,1.54,100,
NGC7081,,322.850500,2.491278,0.77,G,0.65,155,
NGC7082,,322.323917,47.126278,9.00,OCl,,,
NGC7083,,323.936208,-63.902833,3.56,G,1.98,6,
NGC7084,,323.138042,17.508528,6.00,OCl,,,
NGC7085,,323.105125,6.581250,0.99,G,0.42,148,
NGC7086,,322.614792,51.600528,4.80,OCl,,,
NGC7087,,323.639458,-40.818639,0.86,G,0.62,47,
NGC7088,,323.342167,-0.382611,,Other,,,
NGC7089,,323.362542,-0.823306,8.40,GCl,,,2
NGC7090,,324.120250,-54.557333,8.15,G,1.63,128,
NGC7091,,323.533083,-36.653722,1.86,G,1.31,86,
NGC7092,,322.951333,48.438167,19.50,OCl,,,39
NGC7093,,323.590417,45.965000,3.60,OCl,,,
NGC7094,,324.220708,12.788639,1.65,PN,,,
NGC7095,,328.110167,-81.530833,2.71,G,2.21,135,
NGC7096,,325.330333,-63.908694,2.10,G,1.98,125,
NGC7096A,,324.701125,-64.350194,2.00,G,0.69,104,
NGC7097,,325.053792,-42.539389,1.89,G,1.36,17,
NGC7097A,,325.157750,-42.480278,0.70,G,0.44,131,
NGC7098,,326.067167,-75.111333,1.78,G,0.91,62,
NGC7099,,325.091750,-23.179083,9.00,GCl,,,30
NGC7100,,324.779333,8.951528,,*,,,
NGC7101,,324.894208,8.876944,0.82,G,0.75,165,
NGC7102,,324.935375,6.286306,1.48,G,0.89,141,
NGC7103,,324.964583,-22.473889,1.42,G,0.92,63,
NGC7104,,325.013250,-22.424806,0.79,G,0.73,55,
NGC7105,,325.422292,-10.635500,1.51,G,0.74,136,
NGC7106,,325.652458,-52.699528,1.66,G,1.12,85,
NGC7107,,325.610333,-44.790278,1.91,G,0.94,127,
NGC7108,,325.473958,-6.708833,1.17,G,0.79,53,
NGC7109,,325.493875,-34.445889,0.87,G,0.81,105,
NGC7110,,325.550625,-34.162222,1.40,G,0.73,74,
NGC7112,,325.611000,12.569250,0.99,G,0.99,40,
NGC7114,Schmidt's Nova Cygni,325.433458,42.841806,,*,,,
NGC7115,,325.910542,-25.351611,1.91,G,0.59,69,
NGC7116,,325.667583,28.946583,1.22,G,0.50,105,
NGC7117,,326.446000,-48.420417,1.71,G,1.00,30,
NGC7118,,326.540583,-48.353806,1.70,G,1.36,45,
NGC7119,,326.564583,-46.518056,1.00,GPair,,,
NGC7119A,,326.566875,-46.516139,0.70,G,0.46,141,
NGC7119B,,326.563250,-46.518417,0.64,G,0.21,24,
NGC7120,,326.138417,-6.523167,0.84,G,0.46,136,
NGC7121,,326.219083,-3.619722,1.17,G,0.62,2,
NGC7122,,326.449250,-8.829611,,**,,,
NGC7123,,327.694292,-70.334139,2.63,G,1.12,145,
NGC7124,,327.022458,-50.565222,2.56,G,1.06,146,
NGC7125,,327.316583,-60.713167,2.94,G,1.84,95,
NGC7126,,327.325542,-60.609222,2.55,G,1.09,79,
NGC7127,,325.924958,54.629972,2.70,OCl,,,
NGC7128,,325.990875,53.715139,3.00,OCl,,,
NGC7129,,325.745958,66.112972,2.10,Cl+N,,,
NGC7130,,327.081333,-34.951250,1.56,G,1.33,160,
NGC7131,,326.900458,-13.182611,1.13,G,0.87,114,
NGC7132,,326.819083,10.241167,0.90,G,0.72,101,
NGC7133,,326.111250,66.168417,,Other,,,
NGC7134,,327.234417,-12.973139,,Other,,,
NGC7135,,327.441708,-34.876278,2.60,G,2.03,45,
NGC7136,,327.429708,-11.793306,,**,,,
NGC7137,,327.054333,22.159583,1.84,G,1.65,50,
NGC7138,,327.254542,12.514222,1.20,G,0.62,176,
NGC7139,,326.535833,63.791944,1.28,PN,,,
NGC7140,,328.063792,-55.569667,3.04,G,2.07,18,
NGC7142,,326.289625,65.774444,9.60,OCl,,,
NGC7143,,327.223625,29.954972,,Other,,,
NGC7144,,328.176792,-48.253750,3.41,G,3.20,10,
NGC7145,,328.334333,-47.882444,2.95,G,0.76,150,
NGC7146,,327.947375,3.017028,0.73,G,0.42,89,
NGC7147,,327.993458,3.071694,0.99,G,0.76,90,
NGC7148,,328.035292,3.341472,,**,,,
NGC7149,,328.048667,3.301139,1.30,G,0.86,15,
NGC7150,,327.599958,49.756083,,Other,,,
NGC7151,,328.767250,-50.657889,2.66,G,0.89,73,
NGC7152,,328.496000,-29.289083,1.27,G,0.31,18,
NGC7153,,328.647542,-29.063611,1.91,G,0.28,66,
NGC7154,,328.837667,-34.814139,2.26,G,1.91,116,
NGC7155,,329.040542,-49.521944,2.15,G,1.91,97,
NGC7156,,328.640125,2.943028,1.40,G,1.22,120,
NGC7157,,329.236250,-25.350528,1.17,G,0.55,12,
NGC7158,,329.367167,-11.592528,,Other,,,
NGC7159,,329.106708,13.562639,0.71,G,0.56,115,
NGC7160,,328.417792,62.603306,4.20,OCl,,,
NGC7161,,329.241208,2.916222,,Other,,,
NGC7162,,329.913042,-43.305972,3.04,G,1.10,10,
NGC7162A,,330.148958,-43.141722,2.39,G,1.73,42,
NGC7163,,329.835167,-31.883167,2.17,G,1.04,101,
NGC7164,,329.098500,1.363944,0.72,G,0.40,113,
NGC7165,,329.858750,-16.512333,1.12,G,0.92,38,
NGC7166,,330.137167,-43.389722,0.81,G,0.52,10,
NGC7167,,330.127667,-24.632611,1.83,G,1.30,137,
NGC7168,,330.530833,-51.743083,2.23,G,1.64,69,
NGC7169,,330.702667,-47.697833,1.08,G,0.56,75,
NGC7170,,330.359417,-5.432778,1.12,G,0.74,166,
NGC7171,,330.258375,-13.269750,2.37,G,1.22,119,
NGC7172,,330.507875,-31.869667,2.75,G,1.82,105,
NGC7173,,330.513292,-31.973694,1.88,G,1.53,141,
NGC7174,,330.526875,-31.992972,2.51,G,2.20,85,
NGC7175,,329.665958,54.806361,4.50,OCl,,,
NGC7176,,330.535167,-31.989750,1.15,G,0.92,75,
NGC7177,,330.171833,17.738056,2.85,G,1.93,87,
NGC7178,,330.605000,-35.790361,1.17,G,0.45,174,
NGC7179,,331.205500,-64.046833,2.03,G,1.00,48,
NGC7180,,330.576917,-20.547750,1.66,G,0.77,65,
NGC7181,,330.431208,-1.960556,0.73,G,0.60,69,
NGC7182,,330.465250,-2.196583,0.79,G,0.43,90,
NGC7183,,330.590083,-18.916500,3.89,G,1.14,82,
NGC7184,,330.665917,-20.812833,5.98,G,1.26,61,
NGC7185,,330.736458,-20.471278,2.31,G,1.61,26,
NGC7186,,330.271750,35.078833,,Other,,,
NGC7187,,330.685667,-32.802167,1.15,G,1.05,65,
NGC7188,,330.870833,-20.317972,1.76,G,0.74,49,
NGC7189,,330.816667,0.571111,0.99,G,0.64,121,
NGC7190,,330.777833,11.199306,0.96,G,0.48,64,
NGC7191,,331.715792,-64.634556,1.83,G,0.73,138,
NGC7192,,331.709000,-64.316250,2.42,G,2.31,0,
NGC7193,,330.756500,10.803833,,OCl,,,
NGC7194,,330.878917,12.636778,1.31,G,0.89,18,
NGC7195,,330.876167,12.660833,0.69,G,0.53,46,
NGC7196,,331.478375,-50.119333,2.76,G,2.06,59,
NGC7197,,330.741875,41.059000,1.67,G,0.85,111,
NGC7198,,331.309333,-0.648278,0.98,G,0.75,180,
NGC7199,,332.124333,-64.706139,1.21,G,0.90,30,
NGC7200,,331.789667,-49.995472,1.28,G,1.00,45,
NGC7201,,331.633042,-31.263000,1.66,G,0.55,128,
NGC7202,,331.680167,-31.217889,,*,,,
NGC7203,,331.682833,-31.162417,1.08,G,0.58,68,
NGC7204,,331.725833,-31.051389,1.60,GPair,,,
NGC7204A,,331.725000,-31.050611,0.93,G,0.44,78,
NGC7204B,,331.730250,-31.053083,1.07,G,0.28,88,
NGC7205,,332.142875,-57.442583,3.70,G,1.71,63,
NGC7205A,,331.883375,-57.464028,1.15,G,0.84,72,
NGC7206,,331.420375,16.785250,1.19,G,0.92,142,
NGC7207,,331.440333,16.767750,0.66,G,0.26,102,
NGC7208,,332.101750,-29.051167,0.91,G,0.60,136,
NGC7209,,331.282667,46.483528,6.00,OCl,,,
NGC7211,,331.591125,-8.089972,0.77,G,0.63,74,
NGC7212,,331.755417,10.231111,1.35,GTrpl,0.46,32,
NGC7213,,332.317958,-47.166611,4.84,G,3.89,121,
NGC7214,,332.282000,-27.809472,1.94,G,1.35,45,
NGC7215,,332.143667,0.511694,0.91,G,0.37,90,
NGC7216,,333.149333,-68.661861,1.61,G,1.10,127,
NGC7217,,331.968292,31.359333,4.52,G,3.84,90,
NGC7218,,332.548792,-16.661000,2.55,G,1.07,35,
NGC7219,,333.287583,-64.848972,1.83,G,1.10,38,
NGC7220,,332.879167,-22.952861,0.90,G,0.72,7,
NGC7221,,332.813542,-30.563167,2.29,G,1.46,13,
NGC7222,,332.715667,2.105806,1.07,G,1.06,65,
NGC7223,,332.538167,41.017278,1.41,G,1.13,126,
NGC7224,,332.897417,25.864500,1.51,G,0.91,108,
NGC7225,,333.283625,-26.148333,1.96,G,1.02,140,
NGC7226,,332.612042,55.398583,3.00,OCl,,,
NGC7227,,332.880542,38.721361,1.24,G,0.59,9,
NGC7228,,332.952500,38.699167,1.38,G,0.84,145,
NGC7229,,333.513417,-29.382750,1.46,G,1.25,116,
NGC7230,,333.554958,-17.074056,1.00,G,0.91,10,
NGC7231,,333.125500,45.328472,1.69,G,0.60,87,
NGC7232,,333.908333,-45.850083,2.86,G,1.04,100,
NGC7232A,,333.422667,-45.893722,2.17,G,0.31,110,
NGC7232B,,333.968542,-45.780639,1.68,G,1.48,1,
NGC7233,,333.954083,-45.846444,1.74,G,1.55,75,
NGC7234,,333.104250,57.271333,2.40,OCl,,,
NGC7236,,333.687458,13.846528,1.38,G,0.81,156,
NGC7237,,333.695333,13.840861,1.98,G,0.86,143,
NGC7238,,333.835458,22.519222,,Other,,,
NGC7239,,333.755833,-5.053333,0.97,G,0.66,82,
NGC7240,,333.844000,37.280667,0.60,G,0.60,125,
NGC7241,,333.957792,19.232361,2.75,G,0.72,26,
NGC7242,,333.918750,37.300556,1.40,GPair,,,
NGC7242 NED01,,333.914542,37.298722,1.23,G,0.31,26,
NGC7242 NED02,,333.923208,37.302778,0.29,G,0.22,72,
NGC7243,,333.785750,49.897500,15.00,OCl,,,
NGC7244,,334.111792,16.471444,0.91,G,0.46,0,
NGC7245,,333.797958,54.342556,3.90,OCl,,,
NGC7246,,334.427833,-15.571278,2.26,G,0.86,174,
NGC7247,,334.421875,-23.731028,1.28,G,0.67,6,
NGC7248,,334.224750,40.502333,1.72,G,0.78,133,
NGC7249,,335.129167,-55.124861,0.97,G,0.69,132,
NGC7250,,334.574167,40.562389,2.12,G,0.94,160,
NGC7251,,335.113083,-15.773556,1.67,G,1.48,10,
NGC7252,,335.186458,-24.678278,1.85,G,1.71,95,
NGC7253,,334.870417,29.391667,2.60,GPair,,,
NGC7253A,,334.865458,29.395806,1.56,G,0.41,124,
NGC7253B,,334.875417,29.387778,1.28,G,0.44,68,
NGC7254,,335.650958,-21.737222,1.30,G,0.64,114,
NGC7255,,335.783333,-15.541417,1.47,G,0.31,116,
NGC7257,,335.651833,-4.120750,1.81,G,1.23,5,
NGC7258,,335.741958,-28.345139,1.54,G,0.65,142,
NGC7259,,335.773000,-28.954833,1.25,G,0.97,57,
NGC7261,,335.026625,58.051833,6.90,OCl,,,
NGC7262,,335.868917,-32.364250,0.86,G,0.78,140,
NGC7263,,335.438542,36.350000,0.94,G,0.76,55,
NGC7264,,335.557417,36.387000,1.99,G,0.30,56,
NGC7265,,335.614333,36.209611,2.48,G,1.79,166,
NGC7266,,335.995667,-4.073417,0.72,G,0.58,90,
NGC7267,,336.090875,-33.694083,1.73,G,1.50,121,
NGC7268,,336.422500,-31.200556,1.40,GPair,,,
NGC7268 NED01,,336.419667,-31.200750,1.29,G,0.72,78,
NGC7268 NED02,,336.425667,-31.200000,1.00,G,0.44,73,
NGC7269,,336.444292,-13.166389,1.02,G,0.74,142,
NGC7270,,335.948042,32.403028,0.93,G,0.55,88,
NGC7271,,335.989958,32.366861,0.61,G,0.29,118,
NGC7272,,336.132125,16.588167,1.09,G,0.97,52,
NGC7273,,336.038458,36.199833,0.85,G,0.54,10,
NGC7274,,336.046292,36.125861,1.83,G,1.52,60,
NGC7275,,336.071792,32.446250,1.16,G,0.26,36,
NGC7276,,336.059875,36.087556,1.00,G,0.85,156,
NGC7277,,336.545583,-31.145250,1.28,G,0.54,125,
NGC7278,,337.093375,-60.169833,0.76,G,0.38,1,
NGC7279,,336.802750,-35.140444,1.24,G,0.88,67,
NGC7280,,336.614917,16.148222,2.01,G,1.29,76,
NGC7281,,336.337417,57.821139,4.80,OCl,,,
NGC7282,,336.474417,40.314861,0.79,G,0.20,40,
NGC7283,,337.136417,17.470333,0.87,G,0.38,15,
NGC7284,,337.149708,-24.844139,1.82,G,1.44,64,
NGC7285,,337.158333,-24.840778,2.68,G,1.54,65,
NGC7286,,336.960500,29.095972,1.81,G,0.56,97,
NGC7287,,337.202917,-22.202500,0.70,GPair,,,
NGC7287A,,337.202042,-22.203361,0.62,G,0.34,170,
NGC7287B,,337.202875,-22.201778,0.62,G,0.32,68,
NGC7288,,337.062375,-2.884556,1.92,G,1.01,83,
NGC7289,,337.334375,-35.471972,1.63,G,1.21,141,
NGC7290,,337.110125,17.147444,1.49,G,0.72,158,
NGC7291,,337.122917,16.783139,1.62,G,1.05,59,
NGC7292,,337.107958,30.292306,1.82,G,1.22,113,
NGC7293,Helix Nebula,337.410708,-20.837333,16.33,PN,,,
NGC7294,,338.033583,-25.397778,2.10,G,1.15,42,
NGC7295,,337.011833,52.289083,2.70,OCl,,,
NGC7297,,337.792833,-37.826444,0.84,G,0.49,121,
NGC7298,,337.711042,-14.188250,1.28,G,1.00,4,
NGC7299,,337.887958,-37.809556,0.67,G,0.65,175,
NGC7300,,337.749625,-14.003528,2.06,G,0.80,162,
NGC7301,,337.644667,-17.573778,0.85,G,0.27,180,
NGC7302,,338.099167,-14.120528,1.73,G,1.09,95,
NGC7303,,337.886792,30.955972,1.54,G,1.19,117,
NGC7304,,337.935417,30.979667,,Other,,,
NGC7305,,338.058083,11.712139,0.86,G,0.83,90,
NGC7306,,338.318625,-27.246611,1.81,G,0.79,60,
NGC7307,,338.468917,-40.932722,3.83,G,0.87,9,
NGC7308,,338.633917,-12.933861,1.27,G,0.92,152,
NGC7309,,338.585792,-10.357000,2.08,G,1.86,120,
NGC7310,,338.653792,-22.485083,0.95,G,0.73,37,
NGC7311,,338.527958,5.569889,1.47,G,0.68,11,
NGC7312,,338.644958,5.817361,0.93,G,0.63,79,
NGC7313,,338.885667,-26.101778,0.70,G,0.42,165,
NGC7314,,338.942458,-26.050472,4.21,G,1.71,3,
NGC7315,,338.882125,34.803389,1.58,G,1.58,20,
NGC7316,,338.984750,20.322250,1.19,G,1.01,66,
NGC7317,,338.966167,33.944889,0.80,G,0.77,150,
NGC7318,,338.990000,33.965556,2.50,GPair,,,
NGC7318A,,338.986458,33.965472,1.47,G,1.33,90,
NGC7318B,,338.993375,33.965917,2.37,G,1.32,24,
NGC7319,,339.014792,33.975722,1.67,G,1.04,112,
NGC7320,,339.014083,33.948111,2.55,G,1.40,132,
NGC7320C,,339.084875,33.984972,0.59,G,0.48,29,
NGC7321,,339.116750,21.621806,1.41,G,0.97,18,
NGC7322,,339.464417,-37.231194,1.04,G,0.62,115,
NGC7323,,339.223708,19.143861,1.17,G,0.87,175,
NGC7324,,339.253833,19.146250,1.14,G,0.63,163,
NGC7325,,339.202167,34.368028,,**,,,
NGC7326,,339.217042,34.423111,,**,,,
NGC7327,,339.141833,34.503611,0.51,G,0.29,0,
NGC7328,,339.372000,10.531583,1.95,G,0.67,87,
NGC7329,,340.100917,-66.478972,3.12,G,2.37,105,
NGC7330,,339.234083,38.548056,1.71,G,1.59,70,
NGC7331,,339.266708,34.415528,9.27,G,3.76,170,
NGC7332,,339.352250,23.798333,2.95,G,0.71,154,
NGC7333,,339.298500,34.437833,,*,,,
NGC7335,,339.330792,34.447750,1.26,G,0.54,150,
NGC7336,,339.341417,34.481750,0.61,G,0.47,131,
NGC7337,,339.360917,34.374306,1.02,G,0.80,5,
NGC7338,,339.380500,34.414472,,**,,,
NGC7339,,339.446833,23.786694,3.21,G,0.95,92,
NGC7340,,339.434250,34.410000,0.86,G,0.55,170,
NGC7341,,339.773083,-22.666667,2.39,G,0.95,93,
NGC7342,,339.554792,35.498861,1.31,G,1.25,125,
NGC7343,,339.657750,34.071444,0.91,G,0.73,169,
NGC7344,,339.901042,-4.158972,1.23,G,0.55,10,
NGC7345,,339.686917,35.540583,1.09,G,0.19,40,
NGC7346,,339.897708,11.083333,0.38,G,0.28,52,
NGC7347,,339.984042,11.027556,1.55,G,0.34,131,
NGC7348,,340.151167,11.906222,1.01,G,0.58,12,
NGC7349,,340.312083,-21.798500,1.20,G,0.41,165,
NGC7350,,340.202333,12.006528,,**,,,
NGC7351,,340.362250,-4.444722,1.60,G,0.84,2,
NGC7352,,339.932083,57.394361,,Other,,,
NGC7353,,340.552125,11.877306,0.65,G,0.47,130,
NGC7354,,340.081708,61.284833,0.38,PN,,,
NGC7355,,340.877333,-36.865167,1.04,G,0.44,44,
NGC7356,,340.509792,30.708806,1.26,G,0.58,75,
NGC7357,,340.599750,30.171361,0.58,G,0.37,123,
NGC7358,,341.401833,-65.121833,2.13,G,0.69,174,
NGC7359,,341.200000,-23.688083,2.18,G,0.50,57,
NGC7360,,340.891458,4.151167,0.81,G,0.42,153,
NGC7361,,340.574625,-30.057667,3.14,G,0.85,8,
NGC7362,,340.955333,8.705444,1.30,G,0.89,175,
NGC7363,,340.832958,34.001500,0.86,G,0.86,35,
NGC7364,,341.101542,-0.162083,1.65,G,1.12,66,
NGC7365,,341.291833,-19.952028,1.79,G,1.08,23,
NGC7366,,341.110958,10.781361,0.34,G,0.34,150,
NGC7367,,341.143542,3.646389,1.43,G,0.37,123,
NGC7368,,341.382000,-39.341833,2.85,G,0.56,130,
NGC7369,,341.051250,34.351222,0.86,G,0.73,27,
NGC7370,,341.405125,11.057806,0.65,G,0.49,120,
NGC7371,,341.515583,-11.001139,2.09,G,1.92,160,
NGC7372,,341.441667,11.130833,1.01,G,0.73,67,
NGC7373,,341.580875,3.210056,1.04,G,0.55,8,
NGC7374,,341.503958,10.853611,0.87,G,0.71,60,
NGC7374B,,341.496625,10.867500,0.78,G,0.46,166,
NGC7375,,341.633500,21.083639,0.92,G,0.67,57,
NGC7376,,341.822417,3.645583,0.69,G,0.44,140,
NGC7377,,341.947917,-22.312111,3.92,G,3.13,99,
NGC7378,,341.948750,-11.816639,1.52,G,0.85,180,
NGC7379,,341.887292,40.238806,1.25,G,0.92,93,
NGC7380,,341.837542,58.132417,25.00,Cl+N,20.00,,
NGC7381,,342.533958,-19.725111,0.68,G,0.47,108,
NGC7382,,342.599667,-36.857306,0.74,G,0.30,109,
NGC7383,,342.398417,11.556389,0.86,G,0.73,166,
NGC7384,,342.427292,11.487444,,*,,,
NGC7385,,342.477458,11.608556,1.93,G,1.19,83,
NGC7386,,342.508958,11.698361,2.04,G,1.30,144,
NGC7387,,342.573500,11.636722,1.00,G,0.63,45,
NGC7388,,342.587583,11.710944,,*,,,
NGC7389,,342.566875,11.566194,1.45,G,0.71,168,
NGC7390,,342.581750,11.531028,0.82,G,0.65,173,
NGC7391,,342.650542,-1.544833,1.49,G,1.29,96,
NGC7392,,342.953083,-20.608083,2.24,G,1.19,120,
NGC7393,,342.908708,-5.557306,2.04,G,0.60,92,
NGC7394,,342.532000,52.180111,,OCl,,,
NGC7395,,342.762208,37.087806,1.15,G,1.04,110,
NGC7396,,343.094333,1.092389,1.77,G,1.03,98,
NGC7397,,343.194583,1.132778,0.71,G,0.47,162,
NGC7398,,343.205292,1.201111,1.05,G,0.70,74,
NGC7399,,343.163583,-9.267778,1.13,G,0.73,149,
NGC7400,,343.586750,-45.347028,2.42,G,0.57,2,
NGC7401,,343.244000,1.142667,0.75,G,0.47,90,
NGC7402,,343.268667,1.144444,0.42,G,0.29,46,
NGC7403,,343.276667,1.482722,,*,,,
NGC7404,,343.577542,-39.314944,1.63,G,0.93,2,
NGC7405,,343.238208,12.593611,0.33,G,0.23,95,
NGC7406,,343.484333,-6.579250,0.92,G,0.65,75,
NGC7407,,343.337000,32.130667,1.67,G,0.79,154,
NGC7408,,343.986917,-63.694722,1.91,G,0.70,168,
NGC7409,,343.450500,20.210389,0.58,G,0.45,159,
NGC7410,,343.753958,-39.661333,6.01,G,1.77,43,
NGC7411,,343.645500,20.236167,1.00,G,0.90,127,
NGC7412,,343.940625,-42.642028,3.79,G,2.79,75,
NGC7412A,,344.287500,-42.804472,0.59,G,0.42,92,
NGC7413,,343.762917,13.220472,1.14,G,0.80,64,
NGC7414,,343.851750,13.248278,0.62,G,0.28,172,
NGC7415,,343.723417,20.261556,0.82,G,0.21,128,
NGC7416,,343.923750,-5.495333,3.08,G,0.60,110,
NGC7417,,344.456292,-65.038556,2.21,G,1.45,11,
NGC7418,,344.150667,-37.030083,3.66,G,2.83,139,
NGC7418A,,344.171875,-36.772722,1.75,G,0.88,81,
NGC7419,,343.583583,60.815528,4.08,OCl,,,
NGC7420,,343.883542,29.805000,0.85,G,0.77,50,
NGC7421,,344.226375,-37.347250,2.38,G,1.95,85,
NGC7422,,344.051583,3.926778,0.83,G,0.63,146,
NGC7423,,343.785583,57.096917,3.60,OCl,,,
NGC7424,,344.326542,-41.070583,5.01,G,2.69,125,
NGC7425,,344.314750,-10.950000,0.97,G,0.59,63,
NGC7426,,344.011917,36.361361,1.57,G,1.22,72,
NGC7427,,344.291333,8.505583,0.58,G,0.50,102,
NGC7428,,344.331375,-1.049000,0.91,G,0.83,65,
NGC7429,,344.002500,59.973861,4.50,OCl,,,
NGC7430,,344.373833,8.794306,0.60,G,0.27,60,
NGC7431,,344.411208,26.164306,0.26,G,0.20,125,
NGC7432,,344.508083,13.134500,1.57,G,0.92,40,
NGC7433,,344.465458,26.162167,0.78,G,0.30,47,
NGC7434,,344.589375,-1.183944,0.61,G,0.30,80,
NGC7435,,344.476958,26.138861,1.31,G,0.42,112,
NGC7436,,344.487083,26.150000,1.20,GPair,,,
NGC7436A,,344.484042,26.149972,0.72,G,0.25,98,
NGC7436B,,344.489750,26.149944,1.95,G,1.48,49,
NGC7437,,344.541917,14.308500,1.71,G,1.64,145,
NGC7438,,344.334875,54.309306,5.70,OCl,,,
NGC7439,,344.541500,29.228417,1.03,G,0.56,165,
NGC7440,,344.635583,35.802417,1.16,G,0.93,50,
NGC7441,,344.172417,-7.379056,1.29,G,0.77,160,
NGC7442,,344.860625,15.548389,1.01,G,0.95,95,
NGC7443,,345.036875,-12.807889,1.73,G,0.69,41,
NGC7444,,345.037333,-12.834278,1.45,G,0.58,1,
NGC7445,,344.843500,39.107528,0.67,G,0.17,85,
NGC7446,,344.870833,39.082889,1.26,G,1.14,110,
NGC7447,,345.108667,-10.528000,,Other,,,
NGC7448,,345.014958,15.980333,2.07,G,0.81,171,
NGC7449,,344.906833,39.145861,1.02,G,0.80,130,
NGC7450,,345.199250,-12.918528,1.54,G,1.46,25,
NGC7451,,345.170250,8.467917,1.11,G,0.54,65,
NGC7452,,345.197917,6.745528,0.51,G,0.37,25,
NGC7453,,345.355875,-6.356500,,Other,,,
NGC7454,,345.277125,16.388361,1.54,G,0.75,140,
NGC7455,,345.170708,7.303056,0.70,G,0.40,163,
NGC7456,,345.543417,-39.569389,5.15,G,1.76,22,
NGC7457,,345.249708,30.144944,3.95,G,2.25,128,
NGC7458,,345.369333,1.753389,1.03,G,0.82,14,
NGC7459,,345.249583,6.750000,1.00,GPair,,,
NGC7459 NED01,,345.248500,6.749417,1.32,G,0.78,61,
NGC7459 NED02,,345.250875,6.751083,0.27,G,0.23,141,
NGC7460,,345.428792,2.263611,1.14,G,0.81,25,
NGC7461,,345.451375,15.582472,0.94,G,0.83,166,
NGC7462,,345.693708,-40.835250,4.99,G,0.84,76,
NGC7463,,345.466583,15.981861,1.58,G,0.44,92,
NGC7464,,345.473750,15.973750,0.52,G,0.49,35,
NGC7465,,345.504042,15.964778,1.06,G,0.64,162,
NGC7466,,345.514292,27.052639,1.54,G,0.59,25,
NGC7467,,345.614500,15.554083,0.81,G,0.58,26,
NGC7468,,345.746917,16.605250,0.82,G,0.67,28,
NGC7469,,345.815083,8.874000,1.38,G,1.21,126,
NGC7470,,346.308583,-50.111583,1.55,G,1.02,93,
NGC7471,,345.974250,-22.906917,,Other,,,
NGC7472,,346.410875,3.059250,0.75,G,0.49,55,
NGC7473,,345.987875,30.160139,1.09,G,0.49,42,
NGC7474,,346.018458,20.067194,0.79,G,0.62,8,
NGC7475,,346.045417,20.081139,1.30,GPair,,,
NGC7475 NED01,,346.042708,20.079500,1.41,G,0.91,62,
NGC7475 NED02,,346.048458,20.085028,0.45,G,0.45,,
NGC7476,,346.299458,-43.099361,1.33,G,1.06,178,
NGC7477,,346.169417,3.118000,0.38,G,0.17,23,
NGC7478,,346.235875,2.577778,0.43,G,0.38,9,
NGC7479,,346.236042,12.322889,3.65,G,2.72,26,
NGC7480,,346.306750,2.549417,1.32,G,0.27,101,
NGC7481,,346.465083,-19.939667,,Other,,,
NGC7483,,346.451208,3.545111,1.43,G,0.83,116,
NGC7484,,346.770458,-36.275361,1.09,G,1.00,0,
NGC7485,,346.520250,34.107694,1.51,G,0.76,145,
NGC7486,,346.554083,34.101500,,Other,,,
NGC7487,,346.710583,28.179028,1.80,G,1.14,166,
NGC7488,,346.953958,0.940528,0.62,G,0.41,22,
NGC7489,,346.886292,22.998000,1.22,G,0.65,165,
NGC7490,,346.854875,32.375056,1.81,G,1.76,70,
NGC7491,,347.024917,-5.966667,0.84,G,0.58,174,
NGC7492,,347.111167,-15.611472,3.00,GCl,,,
NGC7493,,347.131792,0.910000,,*,,,
NGC7494,,347.244083,-24.369583,0.87,G,0.65,85,
NGC7495,,347.238250,12.048028,1.61,G,1.44,12,
NGC7496,,347.447042,-43.427944,3.40,G,2.17,169,
NGC7496A,,348.097000,-43.778194,1.44,G,1.23,84,
NGC7497,,347.264208,18.177194,2.75,G,0.97,45,
NGC7498,,347.484167,-24.425056,0.95,G,0.44,3,
NGC7499,,347.593292,7.580667,1.55,G,0.86,11,
NGC7500,,347.624208,11.012306,1.51,G,1.03,121,
NGC7501,,347.626750,7.589028,1.02,G,0.90,157,
NGC7502,,347.582458,-21.737583,,Other,,,
NGC7503,,347.676167,7.567694,0.95,G,0.84,76,
NGC7504,,347.671542,14.386306,,*,,,
NGC7505,,347.752708,13.631556,1.00,G,0.39,110,
NGC7506,,347.920750,-2.160028,1.25,G,0.61,94,
NGC7507,,348.031625,-28.539611,3.33,G,3.20,90,
NGC7508,,347.954958,12.940417,0.81,G,0.26,160,
NGC7509,,348.089208,14.609361,1.32,G,1.22,155,
NGC7510,,347.765750,60.570889,3.90,OCl,,,
NGC7511,,348.109542,13.726583,1.01,G,0.51,130,
NGC7512,,348.087208,31.125611,1.90,G,1.12,36,
NGC7513,,348.308458,-28.357500,3.19,G,1.92,100,
NGC7514,,348.107750,34.881500,1.30,G,0.89,134,
NGC7515,,348.202792,12.679278,1.65,G,1.43,10,
NGC7516,,348.216083,20.248417,1.26,G,0.91,99,
NGC7517,,348.307625,-2.100417,0.57,G,0.35,163,
NGC7518,,348.303042,6.321667,1.26,G,0.75,117,
NGC7519,,348.296833,10.772167,1.11,G,0.83,168,
NGC7520,,348.437000,-23.794194,,Other,,,
NGC7521,,348.397292,-1.731500,0.52,G,0.40,172,
NGC7522,,348.901667,-22.894861,,*,,,
NGC7523,,348.394667,13.986806,1.32,G,0.29,2,
NGC7524,,348.443958,-1.730083,0.81,G,0.25,176,
NGC7525,,348.418167,14.022972,0.90,GPair,,,
NGC7525 NED01,,348.417792,14.024389,0.12,G,0.10,23,
NGC7525 NED02,,348.418750,14.021000,0.79,G,0.69,16,
NGC7526,,348.509708,-9.221639,,Other,,,
NGC7527,,348.424042,24.902278,1.20,G,0.79,163,
NGC7528,,348.584417,10.231444,0.65,G,0.48,0,
NGC7529,,348.513292,8.992500,0.80,G,0.73,65,
NGC7530,,348.549292,-2.779333,0.95,G,0.38,115,
NGC7531,,348.702083,-43.599944,4.11,G,1.72,17,
NGC7532,,348.592625,-2.728194,1.32,G,0.42,161,
NGC7533,,348.592000,-2.033722,0.66,G,0.22,126,
NGC7534,,348.611167,-2.698250,0.99,G,0.52,6,
NGC7535,,348.553208,13.581889,1.46,G,1.44,40,
NGC7536,,348.554917,13.426389,1.59,G,0.70,56,
NGC7537,,348.643750,4.498361,1.84,G,0.48,74,
NGC7538,,348.410958,61.512389,8.00,Cl+N,7.00,,
NGC7539,,348.622667,23.684833,1.16,G,0.95,151,
NGC7540,,348.650292,15.950306,0.66,G,0.48,141,
NGC7541,,348.682875,4.534361,3.03,G,1.00,102,
NGC7542,,348.673458,10.643250,0.95,G,0.65,112,
NGC7543,,348.644083,28.327222,1.39,G,0.95,145,
NGC7544,,348.737417,-2.199333,0.75,G,0.27,76,
NGC7545,,348.883750,-38.535583,1.28,G,0.78,84,
NGC7546,,348.773500,-2.324750,0.66,G,0.53,12,
NGC7547,,348.764167,18.973444,1.06,G,0.44,104,
NGC7548,,348.796292,25.281944,1.06,G,0.88,22,
NGC7549,,348.821792,19.041694,1.85,G,0.75,33,
NGC7550,,348.816708,18.961806,1.45,G,1.41,150,
NGC7551,,348.841792,15.941000,0.62,G,0.47,155,
NGC7552,,349.044833,-42.584750,3.88,G,3.58,95,
NGC7553,,348.887875,19.048167,0.69,G,0.52,150,
NGC7554,,348.922250,-2.378611,0.98,G,0.73,159,
NGC7555,,348.878542,12.572861,,Other,,,
NGC7556,,348.935292,-2.381500,2.15,G,1.34,104,
NGC7556A,,348.932208,-2.385556,0.28,G,0.20,32,
NGC7557,,348.915708,6.708333,0.68,G,0.62,163,
NGC7558,,348.909292,18.919694,0.89,G,0.71,65,
NGC7559,,348.942917,13.293889,1.50,GPair,,,
NGC7559A,,348.941625,13.296944,0.60,G,0.43,38,
NGC7559B,,348.944000,13.290278,1.29,G,1.17,66,
NGC7560,,348.974000,4.495861,,**,,,
NGC7561,,348.989250,4.522722,,*,,,
NGC7562,,348.989583,6.687528,2.18,G,1.59,84,
NGC7562A,,349.006083,6.652278,1.32,G,0.32,179,
NGC7563,,348.983042,13.196111,1.53,G,0.92,143,
NGC7564,,349.004958,7.348056,,*,,,
NGC7565,,349.082542,-0.058611,,Other,,,
NGC7566,,349.155958,-2.330556,1.58,G,0.65,99,
NGC7567,,349.042833,15.850028,0.91,G,0.26,73,
NGC7568,,349.103625,24.497028,0.90,G,0.60,123,
NGC7569,,349.185625,8.905444,0.96,G,0.62,92,
NGC7570,,349.186125,13.483000,1.58,G,0.80,29,
NGC7571,,349.626083,18.688750,1.20,G,0.91,133,
NGC7572,,349.209875,18.483167,1.01,G,0.50,162,
NGC7573,,349.109792,-22.154389,1.24,G,0.90,33,
NGC7575,,349.336958,5.660778,0.77,G,0.40,107,
NGC7576,,349.344750,-4.727861,1.00,G,0.69,160,
NGC7577,,349.321250,7.365417,0.38,G,0.27,65,
NGC7578,,349.302917,18.704444,2.00,GPair,,,
NGC7578A,,349.299750,18.701306,0.69,G,0.59,166,
NGC7578B,,349.306500,18.708250,1.74,G,1.20,7,
NGC7579,,349.411875,9.433306,0.45,G,0.33,49,
NGC7580,,349.401667,14.001194,0.79,G,0.65,41,
NGC7582,,349.597917,-42.370556,6.95,G,3.18,156,
NGC7583,,349.469875,7.379444,0.91,G,0.91,75,
NGC7584,,349.470833,9.433333,0.85,G,0.77,18,
NGC7585,,349.505583,-4.650306,2.55,G,1.92,95,
NGC7586,,349.481667,8.584083,0.63,G,0.54,146,
NGC7587,,349.496375,9.680194,1.12,G,0.27,124,
NGC7588,,349.490875,18.752167,0.46,G,0.21,101,
NGC7589,,349.565292,0.261167,0.96,G,0.57,91,
NGC7590,,349.728375,-42.239056,3.03,G,1.23,34,
NGC7591,,349.567833,6.585806,1.61,G,0.72,147,
NGC7592,,349.592500,-4.416944,1.20,GTrpl,,,
NGC7592A,,349.590833,-4.415750,0.56,G,0.24,25,
NGC7592B,,349.594125,-4.416139,0.87,G,0.35,90,
NGC7592C,,349.592208,-4.418889,0.22,G,0.15,56,
NGC7593,,349.487458,11.349167,1.04,G,0.60,103,
NGC7594,,349.558000,10.298306,1.29,G,0.72,23,
NGC7595,,349.625958,9.932417,0.70,G,0.60,125,
NGC7596,,349.300000,-6.912000,0.93,G,0.45,7,
NGC7598,,349.638625,18.749361,0.30,G,0.30,90,
NGC7599,,349.838083,-42.256833,4.81,G,1.58,55,
NGC7600,,349.724417,-7.580444,2.09,G,0.99,62,
NGC7601,,349.696042,9.233611,1.01,G,0.75,91,
NGC7602,,349.681375,18.698361,0.62,G,0.49,142,
NGC7603,,349.735917,0.243944,1.20,G,0.63,163,
NGC7604,,349.466250,7.429889,0.42,G,0.26,102,
NGC7606,,349.769917,-8.485083,5.26,G,4.47,145,
NGC7607,,349.746833,11.341722,,**,,,
NGC7608,,349.813875,8.350139,1.43,G,0.39,19,
NGC7609,,349.877083,9.505278,1.10,GPair,,,
NGC7609 NED01,,349.875208,9.508222,1.17,G,0.87,88,
NGC7609 NED02,,349.879542,9.502972,0.74,G,0.34,26,
NGC7610,,349.922375,10.185000,2.17,G,0.90,79,
NGC7611,,349.902500,8.063250,1.70,G,0.79,139,
NGC7612,,349.934167,8.576389,1.63,G,0.72,3,
NGC7613,,349.965667,0.198861,,Other,,,
NGC7614,,349.965667,0.198861,,Other,,,
NGC7615,,349.976833,8.399417,0.83,G,0.29,143,
NGC7617,,350.037375,8.165778,0.94,G,0.63,20,
NGC7618,,349.946750,42.852639,1.23,G,0.99,5,
NGC7619,,350.060542,8.206250,2.53,G,1.97,30,
NGC7620,,350.023667,24.221139,0.94,G,0.91,105,
NGC7621,,350.102583,8.366306,0.68,G,0.18,175,
NGC7622,,350.410542,-62.117750,1.35,G,0.43,61,
NGC7623,,350.125083,8.395806,1.34,G,0.95,180,
NGC7624,,350.094208,27.315694,1.30,G,0.88,31,
NGC7625,,350.125542,17.225556,1.48,G,1.43,35,
NGC7626,,350.177292,8.216972,2.50,G,2.10,21,
NGC7627,,350.628875,11.892556,1.47,G,0.46,138,
NGC7628,,350.228667,25.898556,1.36,G,1.09,123,
NGC7629,,350.330708,1.403139,0.94,G,0.61,179,
NGC7630,,350.317958,11.397333,0.89,G,0.33,163,
NGC7631,,350.361125,8.217639,1.86,G,0.83,78,
NGC7632,,350.503750,-42.480500,2.56,G,1.29,96,
NGC7633,,350.763750,-67.653722,2.20,G,1.34,85,
NGC7634,,350.424000,8.886917,1.21,G,0.88,97,
NGC7635,Bubble Nebula,350.190000,61.212361,15.00,HII,8.00,,
NGC7636,,350.637333,-29.280694,1.03,G,0.42,31,
NGC7637,,351.615250,-81.911583,2.08,G,1.83,5,
NGC7638,,350.638000,11.328806,0.65,GPair,0.46,175,
NGC7639,,350.700958,11.372861,0.74,G,0.55,141,
NGC7640,,350.527417,40.845417,8.09,G,1.67,167,
NGC7642,,350.722500,1.442778,0.49,G,0.45,65,
NGC7643,,350.710000,11.988833,1.47,G,0.81,44,
NGC7645,,350.947042,-29.388028,1.58,G,1.08,1,
NGC7646,,351.029000,-11.860694,0.97,G,0.54,135,
NGC7647,,350.989292,16.777278,1.81,G,0.91,176,
NGC7648,,350.975083,9.667472,1.56,G,0.98,84,
NGC7649,,351.083708,14.647139,1.63,G,1.03,76,
NGC7650,,351.339375,-57.791361,1.44,G,0.58,149,
NGC7651,,351.107500,13.970000,1.10,GPair,,,
NGC7651 NED01,,351.108208,13.972278,1.26,G,1.12,120,
NGC7651 NED02,,351.106958,13.967111,0.48,G,0.41,50,
NGC7652,,351.405958,-57.887389,1.20,G,0.77,92,
NGC7653,,351.205667,15.275583,1.62,G,1.40,172,
NGC7654,,351.201667,61.593167,9.90,OCl,,,52
NGC7655,,351.691417,-68.027528,0.76,G,0.66,78,
NGC7656,,351.130875,-19.059056,0.97,G,0.33,34,
NGC7657,,351.697958,-57.805750,1.46,G,0.37,110,
NGC7658,,351.602917,-39.221806,1.50,GPair,,,
NGC7658A,,351.602792,-39.215972,0.67,G,0.36,136,
NGC7658B,,351.603542,-39.226611,1.00,G,0.38,128,
NGC7659,,351.482000,14.209833,0.99,G,0.37,109,
NGC7660,,351.452750,27.029889,1.94,G,0.66,26,
NGC7661,,351.809542,-65.270417,1.84,G,1.18,26,
NGC7662,Copeland's Blue Snowball,351.474583,42.534944,0.28,PN,,,
NGC7663,,351.688417,-4.966667,0.39,G,0.27,2,
NGC7664,,351.665667,25.080139,1.52,G,0.95,88,
NGC7665,,351.811667,-9.387000,0.76,G,0.72,15,
NGC7666,,351.852125,-4.186306,,Other,,,
NGC7667,,351.096250,-0.108056,1.05,G,0.35,80,
NGC7668,,351.840917,-0.191306,,Other,,,
NGC7669,,351.840917,-0.191306,,Other,,,
NGC7670,,351.840917,-0.191306,,Other,,,
NGC7671,,351.830583,12.467417,1.39,G,0.74,137,
NGC7672,,351.881000,12.385194,0.85,G,0.64,60,
NGC7673,,351.920917,23.589028,1.04,G,0.43,123,
NGC7674,,351.986333,8.779028,1.12,G,1.01,165,
NGC7675,,352.024667,8.768583,0.75,G,0.48,43,
NGC7676,,352.257167,-59.716667,2.07,G,0.65,86,
NGC7677,,352.025500,23.531389,1.13,G,0.61,29,
NGC7678,,352.116250,22.421194,2.00,G,1.47,17,
NGC7679,,352.194583,3.511472,1.23,G,0.78,86,
NGC7680,,352.146250,32.415722,1.67,G,1.67,45,
NGC7681,,352.228708,17.309639,1.44,G,0.67,63,
NGC7682,,352.266375,3.533333,1.15,G,1.07,160,
NGC7683,,352.265917,11.445167,1.97,G,0.94,140,
NGC7684,,352.633500,0.081056,1.58,G,0.46,18,
NGC7685,,352.639583,3.901583,1.67,G,1.21,174,
NGC7686,,352.530750,49.134111,3.60,OCl,,,
NGC7687,,352.726875,3.546611,1.09,G,0.94,88,
NGC7688,,352.772917,21.411528,0.94,G,0.67,95,
NGC7689,,353.319708,-54.094472,3.10,G,1.97,141,
NGC7690,,353.260667,-51.698361,2.16,G,0.85,130,
NGC7691,,353.101750,15.847833,1.67,G,1.35,161,
NGC7692,,353.194833,-5.596889,0.50,G,0.42,77,
NGC7693,,353.293792,-1.291861,0.82,G,0.51,171,
NGC7694,,353.315708,-2.702889,1.37,G,0.75,92,
NGC7695,,353.312500,-2.720194,0.56,G,0.33,68,
NGC7696,,353.458792,4.870806,0.76,G,0.42,100,
NGC7697,,353.720750,-65.396028,1.68,G,0.37,86,
NGC7698,,353.506583,24.944611,1.05,G,0.84,171,
NGC7699,,353.612625,-2.899444,0.69,G,0.39,97,
NGC7700,,353.626208,-2.953667,2.04,G,0.38,155,
NGC7701,,353.631250,-2.854278,1.24,G,0.83,8,
NGC7702,,353.870333,-56.012278,2.15,G,1.05,118,
NGC7703,,353.695292,16.075778,2.24,G,0.42,145,
NGC7704,,353.754292,4.897528,1.10,G,0.84,71,
NGC7705,,353.760500,4.803806,0.58,G,0.42,105,
NGC7706,,353.793542,4.964194,1.13,G,0.89,123,
NGC7707,,353.714167,44.304056,1.35,G,1.01,20,
NGC7708,,353.756083,72.833167,5.10,OCl,,,
NGC7709,,353.864458,-16.705083,2.22,G,0.37,69,
NGC7710,,353.942250,-2.880917,1.18,G,0.52,134,
NGC7711,,353.914042,15.301972,2.43,G,0.94,93,
NGC7712,,353.965167,23.618750,0.90,G,0.71,109,
NGC7713,,354.062458,-37.938083,4.91,G,2.13,170,
NGC7713A,,354.284542,-37.714139,1.59,G,1.26,81,
NGC7714,,354.058750,2.155167,2.18,G,1.58,8,
NGC7715,,354.092250,2.156528,2.06,G,0.39,79,
NGC7716,,354.131042,0.297278,1.83,G,1.27,34,
NGC7717,,354.431958,-15.118500,1.71,G,1.33,5,
NGC7718,,354.520875,25.719722,1.03,G,0.75,153,
NGC7719,,354.510708,-22.974417,0.90,G,0.51,51,
NGC7720,,354.622458,27.031444,1.20,GPair,,,
NGC7720 NED01,,354.622500,27.031472,1.51,G,1.26,25,
NGC7720A,,354.623083,27.034750,0.68,G,0.66,,
NGC7721,,354.702708,-6.517861,3.08,G,0.77,16,
NGC7722,,354.671667,15.954639,2.11,G,1.60,148,
NGC7723,,354.737833,-12.961083,3.29,G,2.32,55,
NGC7724,,354.779833,-12.224056,1.47,G,1.00,45,
NGC7725,,354.811583,-4.539389,0.86,G,0.74,96,
NGC7726,,354.799625,27.115333,1.36,G,0.56,64,
NGC7727,,354.973833,-12.292778,3.61,G,2.75,27,
NGC7728,,355.003500,27.133722,1.42,G,1.14,78,
NGC7729,,355.140208,29.188167,1.69,G,0.57,7,
NGC7730,,355.191458,-20.508806,0.76,G,0.29,135,
NGC7731,,355.371125,3.740028,1.05,G,0.77,79,
NGC7732,,355.391125,3.724944,1.49,G,0.47,92,
NGC7733,,355.637292,-65.956500,1.26,G,0.60,104,
NGC7734,,355.678875,-65.944639,1.40,G,1.00,144,
NGC7735,,355.572125,26.231750,1.39,G,1.09,86,
NGC7736,,355.607417,-19.452306,1.66,G,1.50,77,
NGC7737,,355.693375,27.052944,1.09,G,0.46,146,
NGC7738,,356.008583,0.516639,1.19,G,0.59,55,
NGC7739,,356.125333,0.320472,0.76,G,0.66,92,
NGC7740,,355.884500,27.311889,1.08,G,0.68,140,
NGC7741,,355.976542,26.075611,3.63,G,2.38,158,
NGC7742,,356.065542,10.767083,1.71,G,1.64,15,
NGC7743,,356.088083,9.934083,2.61,G,2.18,86,
NGC7744,,356.246833,-42.910917,2.48,G,2.11,109,
NGC7745,,356.190792,25.908972,0.68,G,0.68,170,
NGC7746,,356.333333,-1.684889,1.16,G,0.84,164,
NGC7747,,356.384375,27.360944,1.41,G,0.54,38,
NGC7748,,356.236125,69.754861,,*,,,
NGC7749,,356.448125,-29.517806,1.75,G,1.17,33,
NGC7750,,356.657667,3.799806,1.50,G,0.73,175,
NGC7751,,356.743083,6.861806,1.48,G,1.45,115,
NGC7752,,356.744000,29.458917,0.92,G,0.46,106,
NGC7753,,356.770125,29.483444,2.01,G,0.54,61,
NGC7754,,357.296708,-16.600583,0.65,G,0.32,132,
NGC7755,,356.965667,-30.522028,3.70,G,2.27,27,
NGC7756,,357.119167,4.125167,,*,,,
NGC7757,,357.189667,4.171139,1.83,G,1.34,108,
NGC7758,,357.229917,-22.024194,0.77,G,0.52,108,
NGC7759,,357.227917,-16.541167,1.53,G,1.11,103,
NGC7760,,357.299750,30.983139,1.14,G,1.05,0,
NGC7761,,357.870375,-13.381583,1.23,G,1.08,68,
NGC7762,,357.507292,68.037972,6.50,OCl,,,
NGC7763,,357.565417,-16.590000,0.73,G,0.39,161,
NGC7764,,357.724917,-40.728222,1.95,G,1.45,146,
NGC7764A,,358.343750,-40.810278,0.74,G,0.46,77,
NGC7765,,357.717333,27.166278,0.69,G,0.54,113,
NGC7766,,357.732958,27.126306,0.87,G,0.24,31,
NGC7767,,357.734792,27.087139,1.10,G,0.25,141,
NGC7768,,357.744083,27.147389,1.48,G,0.95,57,
NGC7769,,357.766542,20.150417,1.75,G,0.67,85,
NGC7770,,357.843917,20.096528,0.97,G,0.85,105,
NGC7771,,357.853375,20.111750,2.51,G,1.24,68,
NGC7772,,357.941500,16.248139,13.20,Other,,,
NGC7773,,358.041208,31.276611,1.10,G,0.99,50,
NGC7774,,358.046667,11.470000,1.20,GPair,,,
NGC7774 NED01,,358.044542,11.470306,1.32,G,1.20,105,
NGC7774 NED02,,358.048708,11.469722,0.91,G,0.74,,
NGC7775,,358.101875,28.772667,0.99,G,0.83,28,
NGC7776,,358.569000,-13.586444,1.00,G,0.43,154,
NGC7777,,358.302083,28.283444,1.26,G,0.66,48,
NGC7778,,358.331958,7.870917,1.02,G,0.98,55,
NGC7779,,358.361625,7.875667,1.49,G,1.07,5,
NGC7780,,358.384042,8.118139,0.99,G,0.54,0,
NGC7781,,358.441583,7.860472,1.07,G,0.25,10,
NGC7782,,358.474542,7.970556,2.43,G,1.41,175,
NGC7783,,358.546083,0.379944,1.90,GPair,,,
NGC7783 NED01,,358.542000,0.382861,1.55,G,0.72,109,
NGC7783 NED02,,358.550333,0.377028,0.83,G,0.51,153,
NGC7784,,358.806958,21.762167,0.73,G,0.58,114,
NGC7785,,358.829292,5.915833,1.95,G,1.09,142,
NGC7786,,358.839750,21.588056,0.56,G,0.35,7,
NGC7787,,359.032583,0.549472,1.09,G,0.43,95,
NGC7788,,359.189917,61.399917,2.40,OCl,,,
NGC7789,,359.350250,56.708278,14.40,OCl,,,
NGC7790,,359.601083,61.208306,3.60,OCl,,,
NGC7791,,359.488750,10.765722,,**,,,
NGC7792,,359.514875,16.501417,0.77,G,0.77,95,
NGC7793,,359.457625,-32.591028,10.42,G,6.05,89,
NGC7794,,359.642167,10.728139,1.17,G,0.72,10,
NGC7795,,359.656000,60.034972,2.22,OCl,,,
NGC7796,,359.749042,-55.458306,2.73,G,2.38,178,
NGC7797,,359.745292,3.634639,0.90,G,0.84,35,
NGC7798,,359.856250,20.749861,1.45,G,1.33,100,
NGC7799,,359.881458,31.295611,,*,,,
NGC7800,,359.901333,14.805583,1.74,G,0.72,45,
NGC7801,,0.089333,50.745000,4.20,OCl,,,
NGC7802,,0.251750,6.242056,1.18,G,0.80,53,
NGC7803,,0.333208,13.111250,0.86,G,0.51,80,
NGC7804,,0.328333,7.749694,,**,,,
NGC7805,,0.361542,31.433750,1.42,G,0.69,47,
NGC7806,,0.375208,31.441861,1.21,G,0.65,20,
NGC7807,,0.110750,-18.841889,0.73,G,0.60,35,
NGC7808,,0.883875,-10.744667,1.08,G,1.00,60,
NGC7809,,0.539375,2.941056,0.45,G,0.38,65,
NGC7810,,0.579833,12.971639,0.96,G,0.64,78,
NGC7811,,0.610292,3.351917,0.39,G,0.37,130,
NGC7812,,0.726958,-34.235639,1.10,G,0.73,112,
NGC7813,,1.038000,-11.983889,0.81,G,0.26,158,
NGC7814,,0.812042,16.145417,4.37,G,1.88,135,
NGC7815,,0.853458,20.704167,,*,,,
NGC7816,,0.953583,7.478639,1.64,G,1.53,105,
NGC7817,,0.995458,20.752333,3.29,G,0.73,46,
NGC7818,,1.036875,7.379389,0.93,G,0.80,162,
NGC7819,,1.102250,31.472056,1.44,G,0.79,97,
NGC7820,,1.128292,5.200278,1.54,G,0.60,167,
NGC7821,,1.319667,-16.476917,1.14,G,0.38,116,
NGC7822,,0.897292,67.161639,20.00,HII,4.00,,
NGC7823,,1.189958,-62.061556,1.13,G,0.70,30,
NGC7824,,1.275958,6.920111,1.59,G,1.04,151,
NGC7825,,1.277500,5.203667,0.95,G,0.37,134,
NGC7826,,1.330500,-20.688278,,Other,,,
NGC7827,,1.365250,5.222333,1.29,G,1.18,40,
NGC7828,,1.612792,-13.416111,2.07,G,0.82,137,
NGC7829,,1.620750,-13.420611,2.07,G,0.82,110,
NGC7830,,1.507750,8.342778,,*,,,
NGC7831,,1.831375,32.609250,1.80,G,0.39,40,
NGC7832,,1.618583,-3.716139,1.68,G,0.38,23,
NGC7833,,1.631083,27.639667,,Other,,,
NGC7834,,1.657583,8.367889,0.93,G,0.83,16,
NGC7835,,1.694875,8.425944,0.56,G,0.24,150,
NGC7836,,2.006833,33.070778,0.90,G,0.39,133,
NGC7837,,1.714125,8.351389,0.67,G,0.38,169,
NGC7838,,1.724792,8.350861,1.30,G,0.57,93,
NGC7839,,1.752625,27.635222,,**,,,
NGC7840,,1.786667,8.383500,0.68,G,0.46,127,
Sh21,,239.713366,-26.120520,150.00,HII,,,
Sh22,,256.027602,-38.142490,60.00,HII,,,
Sh23,,258.437642,-38.503106,12.00,HII,,,
Sh24,,259.953265,-39.338753,5.00,HII,,,
Sh25,,260.014460,-38.454770,100.00,HII,,,
Sh26,,258.767140,-37.116545,4.00,HII,,,
Sh27,,240.082349,-22.950642,240.00,HII,,,
Sh28,,260.353529,-36.034691,120.00,HII,,,
Sh29,,245.295389,-25.589444,80.00,HII,,,
Sh210,,259.750056,-34.090316,60.00,HII,,,
Sh211,,261.628966,-34.205691,90.00,HII,,,
Sh212,,263.984075,-32.599595,120.00,HII,,,
Sh213,,262.619000,-31.562676,40.00,HII,,,
Sh214,,262.576996,-30.262997,2.00,HII,,,
Sh215,,267.643312,-31.264091,30.00,HII,,,
Sh216,,266.967541,-29.303855,20.00,HII,,,
Sh217,,266.536694,-28.858004,25.00,HII,,,
Sh218,,267.191969,-29.251675,4.00,HII,,,
Sh219,,267.340314,-29.116895,12.00,HII,,,
Sh220,,267.309613,-28.667165,10.00,HII,,,
Sh221,,267.912701,-28.894660,5.00,HII,,,
Sh222,,268.765749,-25.036147,60.00,HII,,,
Sh223,,243.352583,-8.372276,50.00,HII,,,
Sh224,,242.765860,-7.077277,30.00,HII,,,
Sh225,,271.358484,-24.394248,90.00,HII,,,
Sh226,,269.745959,-23.326526,20.00,HII,,,
Sh227,,249.301709,-10.569733,480.00,HII,,,
Sh228,,270.674025,-23.584187,40.00,HII,,,
Sh229,,272.628815,-23.998547,40.00,HII,,,
Sh230,,270.892483,-23.015365,20.00,HII,,,
Sh231,,272.826450,-23.796616,8.00,HII,,,
Sh232,,272.724732,-23.647595,8.00,HII,,,
Sh233,,239.968230,-1.617448,35.00,HII,,,
Sh234,,271.602081,-21.658393,90.00,HII,,,
Sh235,,273.961233,-20.252068,20.00,HII,,,
Sh236,,241.376397,0.394481,45.00,HII,,,
Sh237,,274.429700,-19.664158,20.00,HII,,,
Sh238,,272.189772,-18.269167,3.00,HII,,,
Sh239,,274.193705,-18.649727,3.00,HII,,,
Sh240,,273.009094,-17.744513,15.00,HII,,,
Sh241,,273.964267,-18.235265,90.00,HII,,,
Sh242,,272.574219,-16.815356,3.00,HII,,,
Sh243,,274.105310,-17.400520,15.00,HII,,,
Sh244,,274.123225,-16.733645,60.00,HII,,,
Sh245,,275.192160,-16.173250,60.00,HII,,,
Sh246,,271.546426,-14.158540,25.00,HII,,,
Sh247,,274.436407,-15.613882,5.00,HII,,,
Sh248,,275.600545,-14.585880,10.00,HII,,,
Sh249,,274.669233,-13.961541,90.00,HII,,,
Sh250,,276.376704,-14.711707,35.00,HII,,,
Sh251,,280.194711,-16.558348,35.00,HII,,,
Sh252,,296.945185,-23.087477,2.00,HII,,,
Sh253,,276.311480,-13.228931,15.00,HII,,,
Sh254,,274.471479,-11.730014,140.00,HII,,,
Sh255,,278.046277,-11.762104,5.00,HII,,,
Sh256,,277.775865,-9.714613,7.00,HII,,,
Sh257,,277.640006,-8.615871,2.00,HII,,,
Sh258,,277.863475,-8.463708,8.00,HII,,,
Sh259,,279.254798,-7.600271,20.00,HII,,,
Sh260,,279.171028,-6.701034,20.00,HII,,,
Sh261,,278.229667,-5.010015,2.00,HII,,,
Sh262,,276.893525,-3.856186,4.00,HII,,,
Sh263,,299.429930,-14.115665,55.00,HII,,,
Sh264,,277.899709,-1.913050,25.00,HII,,,
Sh265,,281.742181,-3.742939,7.00,HII,,,
Sh266,,281.375485,-1.996359,8.00,HII,,,
Sh267,,282.353870,-2.353714,10.00,HII,,,
Sh268,,276.297914,0.854944,8.00,HII,,,
Sh269,,281.109098,-0.282159,20.00,HII,,,
Sh270,,273.662166,7.063032,5.00,HII,,,
Sh271,,285.511295,2.159682,3.00,HII,,,
Sh272,,285.959908,2.313897,25.00,HII,,,
Sh273,,242.781771,21.874001,75.00,HII,,,
Sh274,,287.204253,5.609001,3.00,HII,,,
Sh275,,284.814141,7.120011,10.00,HII,,,
Sh276,,284.107244,7.813373,7.00,HII,,,
Sh277,,297.072002,1.147923,8.00,HII,,,
Sh278,,285.796388,14.129562,12.00,HII,,,
Sh279,,290.826825,13.976087,40.00,HII,,,
Sh280,,287.870583,16.865698,2.00,HII,,,
Sh281,,300.306158,11.792703,10.00,HII,,,
Sh282,,292.586491,18.275551,9.00,HII,,,
Sh283,,291.133967,20.795858,2.00,HII,,,
Sh284,,297.266643,18.400282,15.00,HII,,,
Sh285,,285.821783,25.830382,6.00,HII,,,
Sh286,,295.790393,23.287607,40.00,HII,,,
Sh287,,296.602918,24.628112,10.00,HII,,,
Sh288,,296.495115,25.343871,25.00,HII,,,
Sh289,,297.510043,26.486076,5.00,HII,,,
Sh290,,297.305456,26.867656,6.00,HII,,,
Sh291,,293.891846,29.604452,120.00,HII,,,
Sh292,,296.663784,28.245479,50.00,HII,,,
Sh293,,298.755079,27.213485,1.00,HII,,,
Sh294,,291.965024,31.470599,25.00,HII,,,
Sh295,,298.757176,29.296933,1.00,HII,,,
Sh296,,292.175217,32.689232,25.00,HII,,,
Sh297,,299.021930,30.265907,10.00,HII,,,
Sh298,,299.685520,31.421603,15.00,HII,,,
Sh299,,300.212630,33.492825,5.00,HII,,,
Sh2100,,300.463213,33.511601,4.00,HII,,,
Sh2101,,299.989687,35.291038,20.00,HII,,,
Sh2102,,307.946129,30.605153,40.00,HII,,,
Sh2103,,312.635300,30.923446,210.00,HII,,,
Sh2104,,304.438086,36.744464,7.00,HII,,,
Sh2105,,303.011585,38.349646,18.00,HII,,,
Sh2106,,306.865302,37.397065,3.00,HII,,,
Sh2107,,310.695098,36.342820,5.00,HII,,,
Sh2108,,305.647837,40.254302,180.00,HII,,,
Sh2109,,308.410257,40.342476,1080.00,HII,,,
Sh2110,,320.203588,32.457864,50.00,HII,,,
Sh2111,,325.472051,30.105702,90.00,HII,,,
Sh2112,,308.459844,45.659808,15.00,HII,,,
Sh2113,,320.200743,38.091341,15.00,HII,,,
Sh2114,,320.295039,38.708617,9.00,HII,,,
Sh2115,,308.641680,46.877934,50.00,HII,,,
Sh2116,,308.080214,47.357009,2.00,HII,,,
Sh2117,,314.693997,44.321858,240.00,HII,,,
Sh2118,,324.254718,40.215724,480.00,HII,,,
Sh2119,,319.607464,43.937802,160.00,HII,,,
Sh2120,,315.946288,49.880726,1.00,HII,,,
Sh2121,,316.302917,49.649790,1.00,HII,,,
Sh2122,,347.197052,14.924960,40.00,HII,,,
Sh2123,,325.594953,44.540061,13.00,HII,,,
Sh2124,,324.590477,50.351297,70.00,HII,,,
Sh2125,,328.388247,47.271720,9.00,HII,,,
Sh2126,,338.364627,38.582232,160.00,HII,,,
Sh2127,,322.174631,54.620754,2.00,HII,,,
Sh2128,,323.036769,55.859258,1.00,HII,,,
Sh2129,,317.937184,59.961301,140.00,HII,,,
Sh2130,,310.748539,63.228471,3.00,HII,,,
Sh2131,,324.751344,57.485863,170.00,HII,,,
Sh2132,,334.698644,56.134785,90.00,HII,,,
Sh2133,,322.249782,64.305210,80.00,HII,,,
Sh2134,,332.874496,59.410326,160.00,HII,,,
Sh2135,,335.548528,58.738369,15.00,HII,,,
Sh2136,,319.123660,68.253161,5.00,HII,,,
Sh2137,,329.279830,64.693635,90.00,HII,,,
Sh2138,,338.164725,58.481799,1.00,HII,,,
Sh2139,,338.751593,58.217249,10.00,HII,,,
Sh2140,,334.782653,63.285379,30.00,HII,,,
Sh2141,,337.126936,61.644674,5.00,HII,,,
Sh2142,,341.898884,58.061042,30.00,HII,,,
Sh2143,,342.562148,57.713043,4.00,HII,,,
Sh2144,,341.217368,59.892275,4.00,HII,,,
Sh2145,,336.390123,64.308586,90.00,HII,,,
Sh2146,,342.359759,59.929140,2.00,HII,,,
Sh2147,,343.873749,58.466813,2.00,HII,,,
Sh2148,,344.050895,58.517300,2.00,HII,,,
Sh2149,,344.101487,58.534105,1.00,HII,,,
Sh2150,,337.799756,65.113988,40.00,HII,,,
Sh2151,,345.763959,57.071732,20.00,HII,,,
Sh2152,,344.657410,58.785598,2.00,HII,,,
Sh2153,,344.810201,58.735998,5.00,HII,,,
Sh2154,,342.852607,61.180620,60.00,HII,,,
Sh2155,,344.182428,62.617717,60.00,HII,,,
Sh2156,,346.293974,60.256376,2.00,HII,,,
Sh2157,,349.014861,60.045551,90.00,HII,,,
Sh2158,,348.417954,61.511050,10.00,HII,,,
Sh2159,,348.929776,61.145395,7.00,HII,,,
Sh2160,,346.448700,64.673460,80.00,HII,,,
Sh2161,,348.872784,61.861956,55.00,HII,,,
Sh2162,,350.175546,61.197683,40.00,HII,,,
Sh2163,,353.331682,60.785671,10.00,HII,,,
Sh2164,,354.606555,59.970418,3.00,HII,,,
Sh2165,,354.954495,61.937426,10.00,HII,,,
Sh2166,,355.543494,60.971286,10.00,HII,,,
Sh2167,,353.843639,64.852947,2.00,HII,,,
Sh2168,,358.265930,60.472980,7.00,HII,,,
Sh2169,,358.494924,60.373066,5.00,HII,,,
Sh2170,,0.426583,64.623442,20.00,HII,,,
Sh2171,,1.167736,67.156754,180.00,HII,,,
Sh2172,,3.887204,61.255903,1.00,HII,,,
Sh2173,,5.466227,61.738175,30.00,HII,,,
Sh2174,,356.705245,80.938866,10.00,HII,,,
Sh2175,,6.830055,64.703596,2.00,HII,,,
Sh2176,,7.913634,57.285703,10.00,HII,,,
Sh2177,,7.887834,62.469078,40.00,HII,,,
Sh2178,,334.734369,87.761599,420.00,HII,,,
Sh2179,,10.105818,62.866004,1.00,HII,,,
Sh2180,,12.194548,62.929036,15.00,HII,,,
Sh2181,,12.319468,65.212150,15.00,HII,,,
Sh2182,,12.569468,64.744991,2.00,HII,,,
Sh2183,,13.499198,65.709768,35.00,HII,,,
Sh2184,,13.211532,56.610293,40.00,HII,,,
Sh2185,,15.000065,60.989678,120.00,HII,,,
Sh2186,,17.212961,63.134072,1.00,HII,,,
Sh2187,,20.782395,61.856646,10.00,HII,,,
Sh2188,,22.663966,58.366758,9.00,HII,,,
Sh2189,,33.035627,64.171696,2.00,HII,,,
Sh2190,,38.346484,61.442324,150.00,HII,,,
Sh2191,,39.163884,59.637358,2.00,HII,,,
Sh2192,,41.809096,61.987958,1.00,HII,,,
Sh2193,,41.885601,62.004143,2.00,HII,,,
Sh2194,,41.833010,61.937803,2.00,HII,,,
Sh2195,,40.025204,59.648830,3.00,HII,,,
Sh2196,,42.830044,62.231473,4.00,HII,,,
Sh2197,,40.480935,59.646042,5.00,HII,,,
Sh2198,,42.507607,59.699990,9.00,HII,,,
Sh2199,,43.639879,60.409384,120.00,HII,,,
Sh2200,,47.687810,62.815491,6.00,HII,,,
Sh2201,,45.793222,60.478346,5.00,HII,,,
Sh2202,,49.714745,59.633997,170.00,HII,,,
Sh2203,,50.504288,54.877790,45.00,HII,,,
Sh2204,,58.940228,57.428936,40.00,HII,,,
Sh2205,,59.034023,53.194393,120.00,HII,,,
Sh2206,,60.804482,51.329528,50.00,HII,,,
Sh2207,,65.020692,53.143657,4.00,HII,,,
Sh2208,,64.941256,52.977665,1.00,HII,,,
Sh2209,,62.762542,51.162946,14.00,HII,,,
Sh2210,,67.746229,52.552910,20.00,HII,,,
Sh2211,,69.240842,50.939353,2.00,HII,,,
Sh2212,,70.157349,50.381015,5.00,HII,,,
Sh2213,,65.179031,44.924881,1.00,HII,,,
Sh2214,,65.395441,44.372947,4.00,HII,,,
Sh2215,,64.387309,42.614943,2.00,HII,,,
Sh2216,,71.237642,46.820848,80.00,HII,,,
Sh2217,,74.697985,48.005693,9.00,HII,,,
Sh2218,,85.319055,52.188411,70.00,HII,,,
Sh2219,,74.033409,47.395149,3.00,HII,,,
Sh2220,,60.159880,36.617250,320.00,HII,,,
Sh2221,,75.416721,46.348830,120.00,HII,,,
Sh2222,,67.541037,35.270057,6.00,HII,,,
Sh2223,,79.299584,42.211837,70.00,HII,,,
Sh2224,,81.817178,42.971187,30.00,HII,,,
Sh2225,,81.751583,40.621623,10.00,HII,,,
Sh2226,,77.778436,37.992610,3.00,HII,,,
Sh2227,,79.971994,38.955179,20.00,HII,,,
Sh2228,,78.396354,37.453387,8.00,HII,,,
Sh2229,,79.079116,34.463366,65.00,HII,,,
Sh2230,,80.626542,34.131925,300.00,HII,,,
Sh2231,,84.831537,35.924953,12.00,HII,,,
Sh2232,,85.611210,36.200769,40.00,HII,,,
Sh2233,,84.679475,35.793080,2.00,HII,,,
Sh2234,,82.032419,34.435144,12.00,HII,,,
Sh2235,,85.255827,35.854181,10.00,HII,,,
Sh2236,,80.640968,33.365070,55.00,HII,,,
Sh2237,,82.856045,34.277219,7.00,HII,,,
Sh2238,,65.458264,19.537712,1.00,HII,,,
Sh2239,,67.822497,18.116690,5.00,HII,,,
Sh2240,,85.251383,28.103722,180.00,HII,,,
Sh2241,,91.030452,30.247783,10.00,HII,,,
Sh2242,,87.964076,27.010706,7.00,HII,,,
Sh2243,,84.843835,23.290721,6.00,HII,,,
Sh2244,,83.628056,21.952384,5.00,HII,,,
Sh2245,,60.639377,4.128584,720.00,HII,,,
Sh2246,,75.539968,14.095695,65.00,HII,,,
Sh2247,,92.126436,21.619964,9.00,HII,,,
Sh2248,,94.161165,22.500255,50.00,HII,,,
Sh2249,,95.242648,23.089801,80.00,HII,,,
Sh2250,,70.047178,7.362835,10.00,HII,,,
Sh2251,,68.207621,5.862733,35.00,HII,,,
Sh2252,,92.413932,20.500444,40.00,HII,,,
Sh2253,,96.433015,20.028111,5.00,HII,,,
Sh2254,,93.087100,18.043776,11.00,HII,,,
Sh2255,,93.286347,17.975171,3.00,HII,,,
Sh2256,,93.161013,17.943053,1.00,HII,,,
Sh2257,,93.211361,17.975899,3.00,HII,,,
Sh2258,,93.385791,17.924203,1.00,HII,,,
Sh2259,,92.905707,17.445507,2.00,HII,,,
Sh2260,,73.782806,5.661731,22.00,HII,,,
Sh2261,,92.238344,15.801905,45.00,HII,,,
Sh2262,,76.688490,6.167872,20.00,HII,,,
Sh2263,,80.436160,8.399039,22.00,HII,,,
Sh2264,,83.802219,9.933437,390.00,HII,,,
Sh2265,,79.651593,7.439821,70.00,HII,,,
Sh2266,,94.707668,15.277909,1.00,HII,,,
Sh2267,,93.972275,14.268325,4.00,HII,,,
Sh2268,,92.562715,13.331964,60.00,HII,,,
Sh2269,,93.642694,13.821501,4.00,HII,,,
Sh2270,,92.557425,12.815323,1.00,HII,,,
Sh2271,,93.727671,12.353937,2.00,HII,,,
Sh2272,,93.752498,12.337029,1.00,HII,,,
Sh2273,,100.202111,9.907967,250.00,HII,,,
Sh2274,,112.278753,13.261891,8.00,HII,,,
Sh2275,,97.928714,4.929592,100.00,HII,,,
Sh2276,,81.867173,-3.965242,1200.00,HII,,,
Sh2277,,85.181784,-2.447136,120.00,HII,,,
Sh2278,,79.950965,-5.663628,50.00,HII,,,
Sh2279,,83.833970,-4.800887,20.00,HII,,,
Sh2280,,98.580563,2.539868,40.00,HII,,,
Sh2281,,83.727499,-5.466557,60.00,HII,,,
Sh2282,,99.495686,1.514355,35.00,HII,,,
Sh2283,,99.662988,0.712711,3.00,HII,,,
Sh2284,,101.258422,0.230744,80.00,HII,,,
Sh2285,,103.801500,-0.510139,1.00,HII,,,
Sh2286,,103.638542,-4.508777,6.00,HII,,,
Sh2287,,104.886023,-4.803904,12.00,HII,,,
Sh2288,,107.141249,-4.308344,1.00,HII,,,
Sh2289,,101.485810,-7.338440,11.00,HII,,,
Sh2290,,133.546186,8.921139,17.00,HII,,,
Sh2291,,103.854898,-8.027651,8.00,HII,,,
Sh2292,,106.107495,-10.448963,21.00,HII,,,
Sh2293,,105.448781,-11.309492,11.00,HII,,,
Sh2294,,109.143751,-9.443790,7.00,HII,,,
Sh2295,,105.672419,-11.461598,8.00,HII,,,
Sh2296,,106.450219,-11.218870,200.00,HII,,,
Sh2297,,106.314262,-12.334317,7.00,HII,,,
Sh2298,,109.658184,-13.198687,22.00,HII,,,
Sh2299,,112.665656,-15.292796,1.00,HII,,,
Sh2300,,112.764623,-15.410358,3.00,HII,,,
Sh2301,,107.453505,-18.478562,9.00,HII,,,
Sh2302,,112.924530,-16.978531,21.00,HII,,,
Sh2303,,103.507476,-22.425061,90.00,HII,,,
Sh2304,,100.860860,-24.133306,200.00,HII,,,
Sh2305,,112.533735,-18.525085,4.00,HII,,,
Sh2306,,112.653022,-19.109519,30.00,HII,,,
Sh2307,,113.883207,-18.753859,6.00,HII,,,
Sh2308,,103.540528,-23.942122,35.00,HII,,,
Sh2309,,113.025292,-19.429546,12.00,HII,,,
Sh2310,,108.263998,-24.586383,480.00,HII,,,
Sh2311,,118.086620,-26.441060,45.00,HII,,,
Sh2312,,134.790511,-25.688557,720.00,HII,,,
Sh2313,,193.381821,-22.859898,12.00,HII,,,
LDN1,,247.214400,-16.109400,0.00,DrkN,,,
LDN2,,271.811300,-31.493200,0.00,DrkN,,,
LDN3,,270.808000,-30.998000,0.00,DrkN,,,
LDN4,,255.625500,-22.204200,0.00,DrkN,,,
LDN5,,259.064600,-24.421300,0.00,DrkN,,,
LDN6,,257.257000,-23.229900,0.00,DrkN,,,
LDN7,,262.151800,-26.289900,0.00,DrkN,,,
LDN8,,251.607600,-19.256200,0.00,DrkN,,,
LDN9,,257.507100,-23.228700,0.00,DrkN,,,
LDN10,,269.452200,-30.104600,0.00,DrkN,,,
LDN11,,257.030000,-22.897600,0.00,DrkN,,,
LDN12,,269.552300,-30.120800,0.00,DrkN,,,
LDN13,,256.000500,-22.169100,0.00,DrkN,,,
LDN14,,261.272000,-25.544100,0.00,DrkN,,,
LDN15,,256.100500,-22.168700,0.00,DrkN,,,
LDN16,,259.012400,-24.054900,0.00,DrkN,,,
LDN17,,257.004100,-22.731100,0.00,DrkN,,,
LDN18,,257.255100,-22.896500,0.00,DrkN,,,
LDN19,,262.275300,-26.039300,0.00,DrkN,,,
LDN20,,257.129100,-22.730500,0.00,DrkN,,,
LDN21,,262.274700,-25.939300,0.00,DrkN,,,
LDN22,,251.731000,-18.922300,0.00,DrkN,,,
LDN23,,259.312100,-23.970100,0.00,DrkN,,,
LDN24,,259.387400,-24.019800,0.00,DrkN,,,
LDN25,,263.126500,-26.185200,0.00,DrkN,,,
LDN26,,271.304700,-30.495600,0.00,DrkN,,,
LDN27,,246.959500,-15.110600,0.00,DrkN,,,
LDN28,,259.762700,-24.051300,0.00,DrkN,,,
LDN29,,271.705600,-30.627000,0.00,DrkN,,,
LDN30,,258.256500,-23.058500,0.00,DrkN,,,
LDN31,,252.482200,-19.085500,0.00,DrkN,,,
LDN32,,257.753900,-22.644200,0.00,DrkN,,,
LDN33,,250.347600,-17.428600,0.00,DrkN,,,
LDN34,,267.038600,-28.016300,0.00,DrkN,,,
LDN35,,269.120500,-29.072900,0.00,DrkN,,,
LDN36,,262.170300,-25.206500,0.00,DrkN,,,
LDN37,,260.011900,-23.883400,0.00,DrkN,,,
LDN38,,257.828000,-22.477200,0.00,DrkN,,,
LDN39,,257.903200,-22.493500,0.00,DrkN,,,
LDN40,,269.295500,-29.072000,0.00,DrkN,,,
LDN41,,271.301500,-29.995600,0.00,DrkN,,,
LDN42,,263.273600,-25.701100,0.00,DrkN,,,
LDN43,,248.613900,-15.836500,0.00,DrkN,,,
LDN44,,260.010900,-23.716800,0.00,DrkN,,,
LDN45,,262.771500,-25.370200,0.00,DrkN,,,
LDN46,,258.253700,-22.558500,0.00,DrkN,,,
LDN47,,252.479600,-18.585500,0.00,DrkN,,,
LDN48,,269.545100,-29.004100,0.00,DrkN,,,
LDN49,,270.548300,-29.499300,0.00,DrkN,,,
LDN50,,261.265200,-24.377500,0.00,DrkN,,,
LDN51,,258.152400,-22.342300,0.00,DrkN,,,
LDN52,,263.046500,-25.352200,0.00,DrkN,,,
LDN53,,260.787400,-23.913100,0.00,DrkN,,,
LDN54,,260.887700,-23.962600,0.00,DrkN,,,
LDN55,,260.762200,-23.879900,0.00,DrkN,,,
LDN56,,258.753900,-22.556100,0.00,DrkN,,,
LDN57,,260.661300,-23.730300,0.00,DrkN,,,
LDN58,,262.618800,-24.921000,0.00,DrkN,,,
LDN59,,260.159100,-23.382700,0.00,DrkN,,,
LDN60,,258.000300,-21.976300,0.00,DrkN,,,
LDN61,,262.843900,-24.919900,0.00,DrkN,,,
LDN62,,252.477100,-18.085500,0.00,DrkN,,,
LDN63,,252.477100,-18.085500,0.00,DrkN,,,
LDN64,,265.026000,-26.026000,0.00,DrkN,,,
LDN65,,258.250000,-21.891800,0.00,DrkN,,,
LDN66,,261.010300,-23.545300,0.00,DrkN,,,
LDN67,,258.500100,-21.890600,0.00,DrkN,,,
LDN68,,271.772400,-29.360000,0.00,DrkN,,,
LDN69,,262.013500,-24.040500,0.00,DrkN,,,
LDN70,,261.260400,-23.544100,0.00,DrkN,,,
LDN71,,258.499200,-21.724000,0.00,DrkN,,,
LDN72,,260.004300,-22.550100,0.00,DrkN,,,
LDN73,,262.764700,-24.203600,0.00,DrkN,,,
LDN74,,264.521000,-25.195100,0.00,DrkN,,,
LDN75,,272.046100,-29.158700,0.00,DrkN,,,
LDN76,,264.269900,-25.029700,0.00,DrkN,,,
LDN77,,259.752600,-22.251300,0.00,DrkN,,,
LDN78,,270.289900,-28.183800,0.00,DrkN,,,
LDN79,,258.747900,-21.472800,0.00,DrkN,,,
LDN80,,264.770500,-25.110600,0.00,DrkN,,,
LDN81,,261.257400,-23.010800,0.00,DrkN,,,
LDN82,,266.526300,-26.018800,0.00,DrkN,,,
LDN83,,248.581300,-14.269900,0.00,DrkN,,,
LDN84,,264.016900,-24.530900,0.00,DrkN,,,
LDN85,,261.507500,-23.009600,0.00,DrkN,,,
LDN86,,260.252600,-22.215600,0.00,DrkN,,,
LDN87,,259.650000,-21.801800,0.00,DrkN,,,
LDN88,,260.126600,-22.049500,0.00,DrkN,,,
LDN89,,259.624500,-21.701900,0.00,DrkN,,,
LDN90,,264.894100,-24.860000,0.00,DrkN,,,
LDN91,,260.879200,-22.462600,0.00,DrkN,,,
LDN92,,259.749600,-21.718000,0.00,DrkN,,,
LDN93,,270.687800,-27.831900,0.00,DrkN,,,
LDN94,,260.000000,-21.766800,0.00,DrkN,,,
LDN95,,259.999500,-21.683500,0.00,DrkN,,,
LDN96,,272.040800,-28.325300,0.00,DrkN,,,
LDN97,,271.839900,-28.176300,0.00,DrkN,,,
LDN98,,248.954900,-13.951600,0.00,DrkN,,,
LDN99,,259.747800,-21.384700,0.00,DrkN,,,
LDN100,,258.994800,-20.888300,0.00,DrkN,,,
LDN101,,260.450300,-21.798000,0.00,DrkN,,,
LDN102,,260.625800,-21.880500,0.00,DrkN,,,
LDN103,,260.374800,-21.715000,0.00,DrkN,,,
LDN104,,258.994300,-20.804900,0.00,DrkN,,,
LDN105,,249.105000,-13.950900,0.00,DrkN,,,
LDN106,,249.180000,-13.950600,0.00,DrkN,,,
LDN107,,261.503400,-22.292900,0.00,DrkN,,,
LDN108,,272.540700,-28.322900,0.00,DrkN,,,
LDN109,,264.764700,-24.110600,0.00,DrkN,,,
LDN110,,252.466900,-16.085500,0.00,DrkN,,,
LDN111,,258.791800,-20.355900,0.00,DrkN,,,
LDN112,,261.251000,-21.877500,0.00,DrkN,,,
LDN113,,264.638200,-23.861200,0.00,DrkN,,,
LDN114,,265.014300,-24.026000,0.00,DrkN,,,
LDN115,,253.470300,-16.664200,0.00,DrkN,,,
LDN116,,271.635600,-27.494000,0.00,DrkN,,,
LDN117,,261.250100,-21.710800,0.00,DrkN,,,
LDN118,,253.720800,-16.746400,0.00,DrkN,,,
LDN119,,270.782600,-26.998100,0.00,DrkN,,,
LDN120,,271.610100,-27.410800,0.00,DrkN,,,
LDN121,,249.955600,-14.013700,0.00,DrkN,,,
LDN122,,253.795800,-16.746000,0.00,DrkN,,,
LDN123,,271.910100,-27.409300,0.00,DrkN,,,
LDN124,,273.288600,-27.985900,0.00,DrkN,,,
LDN125,,264.008300,-23.030900,0.00,DrkN,,,
LDN126,,265.764400,-24.022400,0.00,DrkN,,,
LDN127,,272.034500,-27.308700,0.00,DrkN,,,
LDN128,,262.753300,-22.203600,0.00,DrkN,,,
LDN129,,253.743700,-16.329600,0.00,DrkN,,,
LDN130,,266.265400,-24.186700,0.00,DrkN,,,
LDN131,,261.247300,-21.210800,0.00,DrkN,,,
LDN132,,253.718300,-16.246400,0.00,DrkN,,,
LDN133,,269.776600,-26.003000,0.00,DrkN,,,
LDN134,,238.409600,-4.647200,0.00,DrkN,,,
LDN135,,270.528600,-26.332700,0.00,DrkN,,,
LDN136,,262.250400,-21.706000,0.00,DrkN,,,
LDN137,,252.713700,-15.417700,0.00,DrkN,,,
LDN138,,260.995400,-20.878700,0.00,DrkN,,,
LDN139,,259.188500,-19.720700,0.00,DrkN,,,
LDN140,,268.270500,-25.010300,0.00,DrkN,,,
LDN141,,252.712900,-15.251100,0.00,DrkN,,,
LDN142,,265.761500,-23.522400,0.00,DrkN,,,
LDN143,,272.532500,-26.989600,0.00,DrkN,,,
LDN144,,265.133500,-23.025500,0.00,DrkN,,,
LDN145,,248.821800,-12.268800,0.00,DrkN,,,
LDN146,,254.092200,-15.994700,0.00,DrkN,,,
LDN147,,271.027500,-26.163600,0.00,DrkN,,,
LDN148,,251.607100,-14.172800,0.00,DrkN,,,
LDN149,,261.745600,-20.875100,0.00,DrkN,,,
LDN150,,269.270600,-25.005400,0.00,DrkN,,,
LDN151,,271.527500,-26.161100,0.00,DrkN,,,
LDN152,,252.459500,-14.585600,0.00,DrkN,,,
LDN153,,265.006100,-22.609400,0.00,DrkN,,,
LDN154,,265.507600,-22.857000,0.00,DrkN,,,
LDN155,,264.504100,-22.278500,0.00,DrkN,,,
LDN156,,249.322000,-12.266600,0.00,DrkN,,,
LDN157,,272.279000,-26.407500,0.00,DrkN,,,
LDN158,,251.956800,-14.087900,0.00,DrkN,,,
LDN159,,267.137600,-23.682400,0.00,DrkN,,,
LDN160,,266.259600,-23.186700,0.00,DrkN,,,
LDN161,,267.764600,-24.012700,0.00,DrkN,,,
LDN162,,252.282800,-14.253000,0.00,DrkN,,,
LDN163,,252.458200,-14.335600,0.00,DrkN,,,
LDN164,,264.251800,-21.863000,0.00,DrkN,,,
LDN165,,274.032300,-26.982300,0.00,DrkN,,,
LDN166,,270.521600,-25.166000,0.00,DrkN,,,
LDN167,,271.524500,-25.661100,0.00,DrkN,,,
LDN168,,263.246900,-21.034500,0.00,DrkN,,,
LDN169,,238.154100,-3.314900,0.00,DrkN,,,
LDN170,,266.758800,-23.017600,0.00,DrkN,,,
LDN171,,270.771600,-25.164800,0.00,DrkN,,,
LDN172,,264.500400,-21.611800,0.00,DrkN,,,
LDN173,,259.306400,-18.386700,0.00,DrkN,,,
LDN174,,264.750900,-21.694000,0.00,DrkN,,,
LDN175,,259.582200,-18.518800,0.00,DrkN,,,
LDN176,,272.525400,-25.822900,0.00,DrkN,,,
LDN177,,260.736300,-19.213300,0.00,DrkN,,,
LDN178,,262.994100,-20.535800,0.00,DrkN,,,
LDN179,,260.986800,-19.295400,0.00,DrkN,,,
LDN180,,270.769100,-24.748100,0.00,DrkN,,,
LDN181,,277.788200,-28.080800,0.00,DrkN,,,
LDN182,,263.244100,-20.534500,0.00,DrkN,,,
LDN183,,238.478400,-3.146900,0.00,DrkN,,,
LDN185,,262.992700,-20.285800,0.00,DrkN,,,
LDN186,,266.003000,-22.021200,0.00,DrkN,,,
LDN187,,273.024900,-25.737200,0.00,DrkN,,,
LDN188,,268.259800,-23.177000,0.00,DrkN,,,
LDN189,,265.751100,-21.689100,0.00,DrkN,,,
LDN190,,252.076200,-12.920600,0.00,DrkN,,,
LDN191,,251.950300,-12.754500,0.00,DrkN,,,
LDN192,,262.739900,-19.787000,0.00,DrkN,,,
LDN193,,263.994300,-20.530900,0.00,DrkN,,,
LDN194,,273.273400,-25.486000,0.00,DrkN,,,
LDN195,,273.974700,-25.732600,0.00,DrkN,,,
LDN196,,272.520500,-24.989600,0.00,DrkN,,,
LDN197,,273.272500,-25.336000,0.00,DrkN,,,
LDN198,,273.397600,-25.368700,0.00,DrkN,,,
LDN199,,273.773100,-25.450200,0.00,DrkN,,,
LDN200,,272.519500,-24.823000,0.00,DrkN,,,
LDN201,,275.026000,-25.977500,0.00,DrkN,,,
LDN202,,264.618500,-20.361200,0.00,DrkN,,,
LDN203,,273.596400,-25.167700,0.00,DrkN,,,
LDN204,,251.947100,-12.087900,0.00,DrkN,,,
LDN205,,276.528200,-26.386900,0.00,DrkN,,,
LDN206,,262.735900,-19.037000,0.00,DrkN,,,
LDN207,,266.247400,-21.020000,0.00,DrkN,,,
LDN208,,273.268400,-24.652700,0.00,DrkN,,,
LDN209,,264.490700,-19.861900,0.00,DrkN,,,
LDN210,,272.290400,-24.124100,0.00,DrkN,,,
LDN211,,272.390600,-24.156900,0.00,DrkN,,,
LDN212,,272.766500,-24.321800,0.00,DrkN,,,
LDN213,,272.264700,-24.007500,0.00,DrkN,,,
LDN214,,272.264500,-23.974200,0.00,DrkN,,,
LDN215,,269.506100,-22.504200,0.00,DrkN,,,
LDN216,,264.489600,-19.661900,0.00,DrkN,,,
LDN217,,277.026500,-26.134500,0.00,DrkN,,,
LDN218,,268.753000,-21.974600,0.00,DrkN,,,
LDN219,,264.865300,-19.776700,0.00,DrkN,,,
LDN220,,262.732800,-18.470300,0.00,DrkN,,,
LDN221,,272.764600,-23.988400,0.00,DrkN,,,
LDN222,,265.290400,-19.774700,0.00,DrkN,,,
LDN223,,265.190000,-19.708500,0.00,DrkN,,,
LDN224,,272.136700,-23.491500,0.00,DrkN,,,
LDN225,,263.233300,-18.534600,0.00,DrkN,,,
LDN226,,265.139700,-19.658700,0.00,DrkN,,,
LDN227,,272.512700,-23.656300,0.00,DrkN,,,
LDN228,,265.189600,-19.625100,0.00,DrkN,,,
LDN229,,265.038900,-19.509200,0.00,DrkN,,,
LDN230,,272.261500,-23.457500,0.00,DrkN,,,
LDN231,,265.089000,-19.525600,0.00,DrkN,,,
LDN232,,271.258000,-22.829100,0.00,DrkN,,,
LDN233,,266.266900,-20.019900,0.00,DrkN,,,
LDN234,,252.192400,-11.086700,0.00,DrkN,,,
LDN235,,266.617800,-20.184900,0.00,DrkN,,,
LDN236,,276.521700,-25.303600,0.00,DrkN,,,
LDN237,,270.254200,-22.167300,0.00,DrkN,,,
LDN238,,248.930500,-8.768300,0.00,DrkN,,,
LDN239,,278.350400,-26.011400,0.00,DrkN,,,
LDN240,,279.277300,-26.373600,0.00,DrkN,,,
LDN241,,272.885700,-23.321200,0.00,DrkN,,,
LDN242,,273.036200,-23.403800,0.00,DrkN,,,
LDN243,,273.010700,-23.320600,0.00,DrkN,,,
LDN244,,252.943400,-11.249900,0.00,DrkN,,,
LDN245,,277.772400,-25.464200,0.00,DrkN,,,
LDN246,,266.239200,-19.520100,0.00,DrkN,,,
LDN247,,276.017400,-24.556000,0.00,DrkN,,,
LDN248,,279.023900,-25.791500,0.00,DrkN,,,
LDN249,,272.506000,-22.489700,0.00,DrkN,,,
LDN250,,275.840100,-24.140200,0.00,DrkN,,,
LDN251,,277.268600,-24.800000,0.00,DrkN,,,
LDN252,,275.789600,-24.057100,0.00,DrkN,,,
LDN253,,280.024500,-25.953400,0.00,DrkN,,,
LDN254,,267.490200,-19.680700,0.00,DrkN,,,
LDN255,,251.936700,-9.921200,0.00,DrkN,,,
LDN256,,273.758700,-22.983600,0.00,DrkN,,,
LDN257,,272.755500,-22.405100,0.00,DrkN,,,
LDN258,,266.235500,-18.853400,0.00,DrkN,,,
LDN259,,276.264100,-23.988100,0.00,DrkN,,,
LDN260,,251.935200,-9.587900,0.00,DrkN,,,
LDN261,,263.976300,-17.197600,0.00,DrkN,,,
LDN262,,270.747600,-20.998200,0.00,DrkN,,,
LDN263,,279.019000,-24.958200,0.00,DrkN,,,
LDN264,,267.235600,-18.848500,0.00,DrkN,,,
LDN265,,274.255800,-22.481200,0.00,DrkN,,,
LDN266,,277.764600,-24.130900,0.00,DrkN,,,
LDN267,,275.884300,-23.140000,0.00,DrkN,,,
LDN268,,275.884300,-23.140000,0.00,DrkN,,,
LDN269,,277.387700,-23.799400,0.00,DrkN,,,
LDN270,,267.232900,-18.348600,0.00,DrkN,,,
LDN271,,272.749400,-21.321800,0.00,DrkN,,,
LDN272,,274.503800,-22.146600,0.00,DrkN,,,
LDN273,,266.103800,-17.604000,0.00,DrkN,,,
LDN274,,272.322400,-20.957200,0.00,DrkN,,,
LDN275,,272.998600,-21.187200,0.00,DrkN,,,
LDN276,,265.977500,-17.354600,0.00,DrkN,,,
LDN277,,266.353200,-17.486100,0.00,DrkN,,,
LDN278,,254.689000,-10.241800,0.00,DrkN,,,
LDN279,,268.233900,-18.510400,0.00,DrkN,,,
LDN280,,254.688200,-10.075100,0.00,DrkN,,,
LDN281,,271.242100,-19.995800,0.00,DrkN,,,
LDN282,,273.247500,-20.986000,0.00,DrkN,,,
LDN283,,264.720300,-16.027400,0.00,DrkN,,,
LDN284,,279.010300,-23.458200,0.00,DrkN,,,
LDN285,,268.983000,-18.340100,0.00,DrkN,,,
LDN286,,270.487500,-19.166100,0.00,DrkN,,,
LDN287,,260.705900,-13.380000,0.00,DrkN,,,
LDN288,,269.483900,-18.504300,0.00,DrkN,,,
LDN289,,270.235700,-18.834000,0.00,DrkN,,,
LDN290,,265.720400,-16.022500,0.00,DrkN,,,
LDN291,,274.997200,-20.977600,0.00,DrkN,,,
LDN292,,269.431200,-18.004500,0.00,DrkN,,,
LDN293,,269.481200,-18.004300,0.00,DrkN,,,
LDN294,,278.004000,-22.296400,0.00,DrkN,,,
LDN295,,278.204200,-22.345400,0.00,DrkN,,,
LDN296,,278.129000,-22.295800,0.00,DrkN,,,
LDN297,,281.762100,-23.945100,0.00,DrkN,,,
LDN298,,269.731200,-18.003100,0.00,DrkN,,,
LDN299,,255.184300,-9.239500,0.00,DrkN,,,
LDN300,,282.763600,-24.273600,0.00,DrkN,,,
LDN301,,278.854900,-22.492300,0.00,DrkN,,,
LDN302,,269.379400,-17.671500,0.00,DrkN,,,
LDN303,,271.986600,-18.992100,0.00,DrkN,,,
LDN304,,278.752900,-22.126100,0.00,DrkN,,,
LDN305,,267.471800,-16.264000,0.00,DrkN,,,
LDN306,,275.795200,-20.640400,0.00,DrkN,,,
LDN307,,271.558600,-18.444200,0.00,DrkN,,,
LDN308,,271.683500,-18.426900,0.00,DrkN,,,
LDN309,,277.749400,-21.464300,0.00,DrkN,,,
LDN310,,271.733200,-18.360000,0.00,DrkN,,,
LDN311,,282.384000,-23.442100,0.00,DrkN,,,
LDN312,,267.720500,-16.012800,0.00,DrkN,,,
LDN313,,278.374700,-21.544600,0.00,DrkN,,,
LDN314,,275.241700,-19.976400,0.00,DrkN,,,
LDN315,,274.489000,-19.480000,0.00,DrkN,,,
LDN316,,281.179800,-22.614500,0.00,DrkN,,,
LDN317,,255.178700,-8.072800,0.00,DrkN,,,
LDN318,,269.975000,-16.835200,0.00,DrkN,,,
LDN319,,270.475000,-16.832800,0.00,DrkN,,,
LDN320,,269.973200,-16.501900,0.00,DrkN,,,
LDN321,,282.579400,-22.641100,0.00,DrkN,,,
LDN322,,274.986300,-18.977600,0.00,DrkN,,,
LDN323,,273.882100,-18.182900,0.00,DrkN,,,
LDN324,,260.440900,-10.381200,0.00,DrkN,,,
LDN325,,268.465300,-15.009200,0.00,DrkN,,,
LDN326,,267.462300,-14.430700,0.00,DrkN,,,
LDN327,,274.231400,-18.064600,0.00,DrkN,,,
LDN328,,274.231100,-17.997900,0.00,DrkN,,,
LDN329,,280.120500,-20.869500,0.00,DrkN,,,
LDN330,,267.611500,-14.280000,0.00,DrkN,,,
LDN331,,274.230100,-17.814600,0.00,DrkN,,,
LDN332,,275.231700,-18.143000,0.00,DrkN,,,
LDN333,,272.724900,-16.821900,0.00,DrkN,,,
LDN334,,279.993300,-20.453500,0.00,DrkN,,,
LDN335,,274.780000,-17.811900,0.00,DrkN,,,
LDN336,,274.980400,-17.894300,0.00,DrkN,,,
LDN337,,269.464600,-14.854300,0.00,DrkN,,,
LDN338,,268.962800,-14.506800,0.00,DrkN,,,
LDN339,,269.138200,-14.589200,0.00,DrkN,,,
LDN340,,269.713300,-14.603100,0.00,DrkN,,,
LDN341,,269.838600,-14.669200,0.00,DrkN,,,
LDN342,,275.479000,-17.641800,0.00,DrkN,,,
LDN343,,277.232800,-18.400000,0.00,DrkN,,,
LDN344,,280.490400,-19.951100,0.00,DrkN,,,
LDN345,,268.458400,-13.675900,0.00,DrkN,,,
LDN346,,280.740300,-19.949900,0.00,DrkN,,,
LDN347,,271.967900,-15.492200,0.00,DrkN,,,
LDN348,,272.468800,-15.656400,0.00,DrkN,,,
LDN349,,267.780000,-13.012500,0.00,DrkN,,,
LDN350,,276.979600,-17.801300,0.00,DrkN,,,
LDN351,,275.976700,-17.222800,0.00,DrkN,,,
LDN352,,266.449800,-12.018900,0.00,DrkN,,,
LDN353,,278.232000,-18.295200,0.00,DrkN,,,
LDN354,,276.226900,-17.254900,0.00,DrkN,,,
LDN355,,267.953300,-12.678300,0.00,DrkN,,,
LDN356,,277.604100,-17.714900,0.00,DrkN,,,
LDN357,,273.969100,-15.732500,0.00,DrkN,,,
LDN358,,268.202500,-12.510400,0.00,DrkN,,,
LDN359,,275.722800,-16.474000,0.00,DrkN,,,
LDN360,,267.926200,-12.261800,0.00,DrkN,,,
LDN361,,268.000800,-12.178100,0.00,DrkN,,,
LDN362,,277.476000,-17.132200,0.00,DrkN,,,
LDN363,,269.705000,-13.003100,0.00,DrkN,,,
LDN364,,278.728400,-17.626200,0.00,DrkN,,,
LDN365,,280.732300,-18.449900,0.00,DrkN,,,
LDN367,,267.444800,-11.014100,0.00,DrkN,,,
LDN368,,271.330900,-13.161900,0.00,DrkN,,,
LDN369,,281.530700,-18.196100,0.00,DrkN,,,
LDN370,,277.646200,-16.214700,0.00,DrkN,,,
LDN371,,259.419600,-6.052700,0.00,DrkN,,,
LDN372,,277.645400,-16.064700,0.00,DrkN,,,
LDN373,,261.424600,-7.043100,0.00,DrkN,,,
LDN374,,277.469000,-15.798900,0.00,DrkN,,,
LDN375,,272.205000,-12.991000,0.00,DrkN,,,
LDN376,,275.713200,-14.640700,0.00,DrkN,,,
LDN377,,293.071900,-22.392600,0.00,DrkN,,,
LDN378,,279.219500,-15.957100,0.00,DrkN,,,
LDN379,,277.715500,-15.131000,0.00,DrkN,,,
LDN380,,275.709800,-13.974000,0.00,DrkN,,,
LDN381,,279.343600,-15.789800,0.00,DrkN,,,
LDN382,,266.934800,-9.016500,0.00,DrkN,,,
LDN383,,270.694900,-10.998300,0.00,DrkN,,,
LDN384,,270.693600,-10.748300,0.00,DrkN,,,
LDN385,,278.713900,-14.842900,0.00,DrkN,,,
LDN386,,273.199800,-11.986200,0.00,DrkN,,,
LDN387,,259.660000,-4.051500,0.00,DrkN,,,
LDN388,,278.210700,-14.211900,0.00,DrkN,,,
LDN389,,278.210300,-14.128600,0.00,DrkN,,,
LDN390,,278.961800,-14.458300,0.00,DrkN,,,
LDN391,,258.905200,-3.055100,0.00,DrkN,,,
LDN392,,268.432400,-8.509300,0.00,DrkN,,,
LDN393,,266.175700,-7.186900,0.00,DrkN,,,
LDN394,,275.450900,-12.225200,0.00,DrkN,,,
LDN395,,279.710000,-14.121400,0.00,DrkN,,,
LDN396,,278.005600,-13.212900,0.00,DrkN,,,
LDN397,,270.686500,-9.331700,0.00,DrkN,,,
LDN398,,278.206000,-13.295300,0.00,DrkN,,,
LDN399,,276.702000,-12.469200,0.00,DrkN,,,
LDN400,,268.931100,-8.256800,0.00,DrkN,,,
LDN401,,279.533300,-13.788900,0.00,DrkN,,,
LDN402,,277.453200,-12.715600,0.00,DrkN,,,
LDN403,,279.206700,-13.457100,0.00,DrkN,,,
LDN404,,277.451900,-12.465600,0.00,DrkN,,,
LDN405,,275.697100,-11.474000,0.00,DrkN,,,
LDN406,,276.448700,-11.803700,0.00,DrkN,,,
LDN407,,278.704300,-12.959600,0.00,DrkN,,,
LDN408,,272.687300,-9.488600,0.00,DrkN,,,
LDN409,,280.456400,-13.451200,0.00,DrkN,,,
LDN410,,280.706400,-13.450000,0.00,DrkN,,,
LDN411,,276.946900,-11.468000,0.00,DrkN,,,
LDN412,,277.949300,-11.963200,0.00,DrkN,,,
LDN413,,276.645700,-11.219500,0.00,DrkN,,,
LDN414,,276.068900,-10.838900,0.00,DrkN,,,
LDN415,,276.192900,-10.638300,0.00,DrkN,,,
LDN416,,276.317800,-10.637700,0.00,DrkN,,,
LDN417,,276.317700,-10.604400,0.00,DrkN,,,
LDN418,,273.685600,-9.150400,0.00,DrkN,,,
LDN419,,273.183100,-8.652900,0.00,DrkN,,,
LDN420,,276.441200,-10.303800,0.00,DrkN,,,
LDN421,,268.569000,-5.808600,0.00,DrkN,,,
LDN422,,272.930600,-8.154100,0.00,DrkN,,,
LDN423,,276.940700,-10.218000,0.00,DrkN,,,
LDN424,,273.682300,-8.483800,0.00,DrkN,,,
LDN425,,266.713500,-4.684200,0.00,DrkN,,,
LDN426,,272.879700,-7.954300,0.00,DrkN,,,
LDN427,,276.688600,-9.802600,0.00,DrkN,,,
LDN428,,266.912700,-4.516600,0.00,DrkN,,,
LDN429,,274.181400,-8.314700,0.00,DrkN,,,
LDN430,,272.928000,-7.620800,0.00,DrkN,,,
LDN431,,273.429000,-7.818300,0.00,DrkN,,,
LDN432,,269.668800,-5.753200,0.00,DrkN,,,
LDN433,,280.696400,-11.450000,0.00,DrkN,,,
LDN434,,280.696400,-11.450000,0.00,DrkN,,,
LDN435,,278.189300,-9.962000,0.00,DrkN,,,
LDN436,,273.676900,-7.400400,0.00,DrkN,,,
LDN437,,275.054700,-7.977100,0.00,DrkN,,,
LDN438,,273.550700,-7.151100,0.00,DrkN,,,
LDN439,,269.915100,-5.002000,0.00,DrkN,,,
LDN440,,274.927200,-7.477700,0.00,DrkN,,,
LDN441,,270.916700,-5.330500,0.00,DrkN,,,
LDN442,,269.412700,-4.504500,0.00,DrkN,,,
LDN443,,278.185200,-9.128700,0.00,DrkN,,,
LDN444,,270.665100,-4.998400,0.00,DrkN,,,
LDN445,,279.437500,-9.622700,0.00,DrkN,,,
LDN446,,277.682800,-8.631100,0.00,DrkN,,,
LDN447,,273.923200,-6.649200,0.00,DrkN,,,
LDN448,,279.185900,-9.290500,0.00,DrkN,,,
LDN449,,282.944200,-11.105900,0.00,DrkN,,,
LDN450,,278.182700,-8.628700,0.00,DrkN,,,
LDN451,,275.425600,-7.142000,0.00,DrkN,,,
LDN452,,284.196400,-11.600000,0.00,DrkN,,,
LDN453,,276.177200,-7.471700,0.00,DrkN,,,
LDN454,,277.179500,-7.966800,0.00,DrkN,,,
LDN455,,279.435000,-9.122700,0.00,DrkN,,,
LDN456,,283.193400,-10.938100,0.00,DrkN,,,
LDN458,,284.195600,-11.433400,0.00,DrkN,,,
LDN459,,280.687300,-9.616700,0.00,DrkN,,,
LDN460,,269.659000,-3.753300,0.00,DrkN,,,
LDN461,,272.415900,-5.156500,0.00,DrkN,,,
LDN462,,271.663500,-4.660200,0.00,DrkN,,,
LDN463,,277.929500,-7.963200,0.00,DrkN,,,
LDN464,,283.191700,-10.604800,0.00,DrkN,,,
LDN466,,274.920700,-6.144400,0.00,DrkN,,,
LDN467,,274.744900,-5.978600,0.00,DrkN,,,
LDN468,,270.157800,-3.500800,0.00,DrkN,,,
LDN469,,273.365600,-5.101900,0.00,DrkN,,,
LDN470,,274.668700,-5.729000,0.00,DrkN,,,
LDN471,,274.919100,-5.811100,0.00,DrkN,,,
LDN472,,273.540000,-4.984400,0.00,DrkN,,,
LDN473,,279.429300,-7.956000,0.00,DrkN,,,
LDN474,,282.937300,-9.689300,0.00,DrkN,,,
LDN475,,274.792400,-5.478300,0.00,DrkN,,,
LDN476,,274.667000,-5.395600,0.00,DrkN,,,
LDN477,,274.792000,-5.395000,0.00,DrkN,,,
LDN478,,273.162600,-4.486200,0.00,DrkN,,,
LDN479,,274.790800,-5.145000,0.00,DrkN,,,
LDN480,,281.181500,-8.447600,0.00,DrkN,,,
LDN481,,276.419800,-5.970500,0.00,DrkN,,,
LDN482,,274.790600,-5.111700,0.00,DrkN,,,
LDN483,,274.414200,-4.813500,0.00,DrkN,,,
LDN484,,279.926800,-7.453600,0.00,DrkN,,,
LDN485,,279.174400,-6.957200,0.00,DrkN,,,
LDN486,,271.655300,-2.993500,0.00,DrkN,,,
LDN487,,274.211800,-4.314500,0.00,DrkN,,,
LDN488,,274.161400,-4.231400,0.00,DrkN,,,
LDN489,,277.168100,-5.633500,0.00,DrkN,,,
LDN490,,273.784300,-3.816500,0.00,DrkN,,,
LDN491,,276.917300,-5.468100,0.00,DrkN,,,
LDN492,,273.909300,-3.815900,0.00,DrkN,,,
LDN493,,273.156900,-3.319600,0.00,DrkN,,,
LDN494,,279.247000,-6.456900,0.00,DrkN,,,
LDN495,,279.722900,-6.654600,0.00,DrkN,,,
LDN496,,281.928100,-7.777400,0.00,DrkN,,,
LDN497,,279.797700,-6.620900,0.00,DrkN,,,
LDN498,,279.997900,-6.653300,0.00,DrkN,,,
LDN499,,280.171900,-6.452400,0.00,DrkN,,,
LDN500,,274.156900,-3.314700,0.00,DrkN,,,
LDN501,,274.406900,-3.313500,0.00,DrkN,,,
LDN502,,271.874800,-1.859100,0.00,DrkN,,,
LDN503,,277.288200,-4.632900,0.00,DrkN,,,
LDN504,,274.656100,-3.145600,0.00,DrkN,,,
LDN505,,274.906500,-3.227800,0.00,DrkN,,,
LDN506,,281.923700,-6.860700,0.00,DrkN,,,
LDN507,,273.753500,-2.616700,0.00,DrkN,,,
LDN508,,272.398800,-1.656600,0.00,DrkN,,,
LDN509,,283.425700,-7.303600,0.00,DrkN,,,
LDN510,,273.651600,-2.233800,0.00,DrkN,,,
LDN511,,276.408400,-3.637200,0.00,DrkN,,,
LDN512,,283.299700,-7.104200,0.00,DrkN,,,
LDN513,,272.648300,-1.555400,0.00,DrkN,,,
LDN514,,283.223900,-6.937900,0.00,DrkN,,,
LDN515,,279.414700,-4.956000,0.00,DrkN,,,
LDN516,,282.847400,-6.606300,0.00,DrkN,,,
LDN517,,281.292800,-5.613700,0.00,DrkN,,,
LDN518,,283.297300,-6.604200,0.00,DrkN,,,
LDN519,,273.146400,-1.152900,0.00,DrkN,,,
LDN520,,275.402000,-2.308700,0.00,DrkN,,,
LDN521,,283.119000,-5.905100,0.00,DrkN,,,
LDN522,,282.918400,-5.772700,0.00,DrkN,,,
LDN523,,282.291800,-5.442300,0.00,DrkN,,,
LDN524,,281.414500,-4.946500,0.00,DrkN,,,
LDN525,,279.659900,-3.954900,0.00,DrkN,,,
LDN526,,276.652000,-2.302600,0.00,DrkN,,,
LDN527,,281.613700,-4.778900,0.00,DrkN,,,
LDN528,,281.788700,-4.778000,0.00,DrkN,,,
LDN529,,281.412100,-4.446500,0.00,DrkN,,,
LDN530,,282.413600,-4.775100,0.00,DrkN,,,
LDN531,,286.523000,-6.839000,0.00,DrkN,,,
LDN532,,281.786700,-4.361400,0.00,DrkN,,,
LDN533,,275.897100,-1.306300,0.00,DrkN,,,
LDN534,,283.164400,-4.938200,0.00,DrkN,,,
LDN535,,279.279700,-2.890000,0.00,DrkN,,,
LDN536,,278.653100,-2.543000,0.00,DrkN,,,
LDN537,,275.645500,-0.974200,0.00,DrkN,,,
LDN538,,279.154300,-2.790600,0.00,DrkN,,,
LDN539,,275.996000,-1.072500,0.00,DrkN,,,
LDN540,,286.521000,-6.422400,0.00,DrkN,,,
LDN541,,279.077700,-2.457600,0.00,DrkN,,,
LDN542,,285.417300,-5.594200,0.00,DrkN,,,
LDN543,,286.669800,-6.171700,0.00,DrkN,,,
LDN544,,285.391500,-5.427700,0.00,DrkN,,,
LDN545,,284.188500,-4.766600,0.00,DrkN,,,
LDN546,,284.388400,-4.765700,0.00,DrkN,,,
LDN547,,282.659200,-3.857200,0.00,DrkN,,,
LDN548,,282.408500,-3.691700,0.00,DrkN,,,
LDN549,,285.540700,-5.260300,0.00,DrkN,,,
LDN550,,286.917800,-5.753900,0.00,DrkN,,,
LDN551,,284.461800,-4.432000,0.00,DrkN,,,
LDN552,,286.090600,-5.257700,0.00,DrkN,,,
LDN553,,285.789800,-5.092500,0.00,DrkN,,,
LDN554,,287.017400,-5.670100,0.00,DrkN,,,
LDN555,,280.376800,-2.284700,0.00,DrkN,,,
LDN556,,284.787200,-4.513800,0.00,DrkN,,,
LDN557,,279.649400,-1.788200,0.00,DrkN,,,
LDN558,,279.398700,-1.622700,0.00,DrkN,,,
LDN559,,278.145500,-0.962100,0.00,DrkN,,,
LDN560,,280.400200,-1.951300,0.00,DrkN,,,
LDN561,,284.409500,-3.932300,0.00,DrkN,,,
LDN562,,285.662100,-4.509700,0.00,DrkN,,,
LDN563,,279.898200,-1.537000,0.00,DrkN,,,
LDN564,,279.396700,-1.206100,0.00,DrkN,,,
LDN565,,283.907600,-3.518000,0.00,DrkN,,,
LDN566,,282.654100,-2.773900,0.00,DrkN,,,
LDN567,,286.036900,-4.474600,0.00,DrkN,,,
LDN568,,284.858700,-3.763500,0.00,DrkN,,,
LDN569,,274.633400,1.521000,0.00,DrkN,,,
LDN570,,276.643100,-0.469300,0.00,DrkN,,,
LDN571,,277.640700,0.035500,0.00,DrkN,,,
LDN572,,277.640700,0.035500,0.00,DrkN,,,
LDN573,,277.142700,-0.383600,0.00,DrkN,,,
LDN574,,286.786600,-4.421100,0.00,DrkN,,,
LDN575,,277.018900,-0.634200,0.00,DrkN,,,
LDN576,,277.867700,-0.380100,0.00,DrkN,,,
LDN577,,286.409300,-3.922900,0.00,DrkN,,,
LDN578,,277.793200,-0.497100,0.00,DrkN,,,
LDN579,,283.902400,-2.434600,0.00,DrkN,,,
LDN580,,287.160000,-4.086000,0.00,DrkN,,,
LDN581,,286.859200,-3.920800,0.00,DrkN,,,
LDN582,,283.150100,-1.938200,0.00,DrkN,,,
LDN583,,278.387900,0.622400,0.00,DrkN,,,
LDN584,,284.151600,-2.266800,0.00,DrkN,,,
LDN585,,275.881000,2.027000,0.00,DrkN,,,
LDN586,,279.765700,0.045700,0.00,DrkN,,,
LDN587,,279.890700,0.046300,0.00,DrkN,,,
LDN588,,279.018100,-0.457900,0.00,DrkN,,,
LDN589,,283.147700,-1.438200,0.00,DrkN,,,
LDN590,,286.655000,-3.005100,0.00,DrkN,,,
LDN591,,279.144700,-0.790600,0.00,DrkN,,,
LDN592,,277.131000,2.033000,0.00,DrkN,,,
LDN593,,279.893800,-0.620400,0.00,DrkN,,,
LDN594,,285.149200,-1.762100,0.00,DrkN,,,
LDN595,,296.423400,-7.377600,0.00,DrkN,,,
LDN596,,282.039800,0.223200,0.00,DrkN,,,
LDN597,,282.690500,0.076300,0.00,DrkN,,,
LDN598,,281.687500,0.721600,0.00,DrkN,,,
LDN599,,282.890200,0.143900,0.00,DrkN,,,
LDN600,,277.627000,2.868800,0.00,DrkN,,,
LDN601,,281.687100,0.804900,0.00,DrkN,,,
LDN602,,282.891200,-0.072700,0.00,DrkN,,,
LDN603,,281.586700,0.887700,0.00,DrkN,,,
LDN604,,282.889800,0.227300,0.00,DrkN,,,
LDN605,,281.686700,0.888200,0.00,DrkN,,,
LDN606,,282.891800,-0.189400,0.00,DrkN,,,
LDN607,,282.019200,-0.693500,0.00,DrkN,,,
LDN608,,282.893000,-0.439400,0.00,DrkN,,,
LDN609,,282.893400,-0.522700,0.00,DrkN,,,
LDN610,,282.395000,-0.858400,0.00,DrkN,,,
LDN611,,283.917200,-0.267900,0.00,DrkN,,,
LDN612,,283.993000,-0.434200,0.00,DrkN,,,
LDN613,,284.192600,-0.349900,0.00,DrkN,,,
LDN614,,284.192600,-0.349900,0.00,DrkN,,,
LDN615,,289.900500,-2.073400,0.00,DrkN,,,
LDN616,,281.881100,2.055800,0.00,DrkN,,,
LDN617,,284.385900,1.067700,0.00,DrkN,,,
LDN618,,288.896700,-1.244600,0.00,DrkN,,,
LDN619,,289.522700,-1.458400,0.00,DrkN,,,
LDN620,,290.146300,-1.155600,0.00,DrkN,,,
LDN621,,281.875500,3.222500,0.00,DrkN,,,
LDN622,,287.892500,-0.332600,0.00,DrkN,,,
LDN623,,298.661900,-4.867900,0.00,DrkN,,,
LDN624,,286.383600,1.577100,0.00,DrkN,,,
LDN625,,286.633600,1.578200,0.00,DrkN,,,
LDN626,,286.633200,1.661600,0.00,DrkN,,,
LDN627,,288.512100,0.836900,0.00,DrkN,,,
LDN628,,284.624700,3.435500,0.00,DrkN,,,
LDN629,,289.386000,1.091000,0.00,DrkN,,,
LDN630,,279.736800,6.045600,0.00,DrkN,,,
LDN631,,288.129000,2.585200,0.00,DrkN,,,
LDN632,,290.133700,1.594400,0.00,DrkN,,,
LDN633,,280.232000,7.048000,0.00,DrkN,,,
LDN634,,280.354600,7.548600,0.00,DrkN,,,
LDN635,,287.371700,4.131700,0.00,DrkN,,,
LDN636,,286.619200,4.661500,0.00,DrkN,,,
LDN637,,280.351300,8.215300,0.00,DrkN,,,
LDN638,,282.606000,7.309300,0.00,DrkN,,,
LDN639,,288.117400,5.085200,0.00,DrkN,,,
LDN640,,290.622300,4.096600,0.00,DrkN,,,
LDN641,,289.117500,5.089800,0.00,DrkN,,,
LDN642,,289.867600,5.093200,0.00,DrkN,,,
LDN643,,291.019000,4.831800,0.00,DrkN,,,
LDN644,,289.860700,6.593200,0.00,DrkN,,,
LDN645,,289.857200,7.343200,0.00,DrkN,,,
LDN646,,288.603400,8.087400,0.00,DrkN,,,
LDN647,,289.981400,7.510400,0.00,DrkN,,,
LDN648,,279.828900,12.712800,0.00,DrkN,,,
LDN649,,288.100500,8.668400,0.00,DrkN,,,
LDN650,,279.952300,13.046700,0.00,DrkN,,,
LDN651,,289.853700,8.093200,0.00,DrkN,,,
LDN652,,289.602100,8.425400,0.00,DrkN,,,
LDN653,,280.577400,13.049700,0.00,DrkN,,,
LDN654,,292.358800,7.104500,0.00,DrkN,,,
LDN655,,290.076600,8.544200,0.00,DrkN,,,
LDN656,,290.327100,8.462000,0.00,DrkN,,,
LDN657,,290.350100,8.895500,0.00,DrkN,,,
LDN658,,290.224100,9.094900,0.00,DrkN,,,
LDN659,,280.322300,14.048500,0.00,DrkN,,,
LDN660,,279.319500,14.543700,0.00,DrkN,,,
LDN661,,290.449100,9.095900,0.00,DrkN,,,
LDN662,,284.331500,12.400900,0.00,DrkN,,,
LDN663,,294.232200,7.562900,0.00,DrkN,,,
LDN664,,290.221000,9.761500,0.00,DrkN,,,
LDN665,,279.943000,14.880100,0.00,DrkN,,,
LDN666,,280.192200,15.047900,0.00,DrkN,,,
LDN667,,286.333700,12.076900,0.00,DrkN,,,
LDN668,,295.858500,7.370100,0.00,DrkN,,,
LDN669,,285.579800,12.823400,0.00,DrkN,,,
LDN670,,295.607400,7.619000,0.00,DrkN,,,
LDN671,,294.353300,8.446800,0.00,DrkN,,,
LDN672,,296.859900,7.124500,0.00,DrkN,,,
LDN673,,290.213900,11.261500,0.00,DrkN,,,
LDN674,,292.093400,10.436700,0.00,DrkN,,,
LDN675,,290.989900,11.098400,0.00,DrkN,,,
LDN676,,290.387700,11.512300,0.00,DrkN,,,
LDN677,,290.587600,11.563200,0.00,DrkN,,,
LDN678,,296.103000,8.621200,0.00,DrkN,,,
LDN679,,288.331100,12.752900,0.00,DrkN,,,
LDN680,,296.178000,8.638200,0.00,DrkN,,,
LDN681,,296.102300,8.787800,0.00,DrkN,,,
LDN682,,292.216100,10.937300,0.00,DrkN,,,
LDN683,,290.335700,11.928800,0.00,DrkN,,,
LDN684,,290.458400,12.429300,0.00,DrkN,,,
LDN685,,292.463800,11.438400,0.00,DrkN,,,
LDN686,,290.833500,12.431000,0.00,DrkN,,,
LDN687,,294.644400,10.414800,0.00,DrkN,,,
LDN688,,294.694100,10.481700,0.00,DrkN,,,
LDN689,,295.095200,10.283400,0.00,DrkN,,,
LDN690,,295.170000,10.333800,0.00,DrkN,,,
LDN691,,292.336400,11.937800,0.00,DrkN,,,
LDN692,,290.581000,12.929900,0.00,DrkN,,,
LDN693,,287.572200,14.499400,0.00,DrkN,,,
LDN694,,295.167200,10.950400,0.00,DrkN,,,
LDN695,,296.094800,10.454500,0.00,DrkN,,,
LDN696,,292.333300,12.604500,0.00,DrkN,,,
LDN697,,285.563600,16.073400,0.00,DrkN,,,
LDN698,,291.530600,13.100900,0.00,DrkN,,,
LDN699,,292.332500,12.771100,0.00,DrkN,,,
LDN700,,295.315800,11.251100,0.00,DrkN,,,
LDN701,,293.735400,12.277400,0.00,DrkN,,,
LDN702,,294.110600,12.279100,0.00,DrkN,,,
LDN703,,296.893400,10.841300,0.00,DrkN,,,
LDN704,,291.702500,13.768300,0.00,DrkN,,,
LDN705,,294.209900,12.446200,0.00,DrkN,,,
LDN706,,275.030100,21.756500,0.00,DrkN,,,
LDN707,,297.165700,11.459200,0.00,DrkN,,,
LDN708,,285.555900,17.573400,0.00,DrkN,,,
LDN709,,288.563100,16.420700,0.00,DrkN,,,
LDN710,,285.553300,18.073400,0.00,DrkN,,,
LDN711,,285.553300,18.073400,0.00,DrkN,,,
LDN712,,284.800400,18.569800,0.00,DrkN,,,
LDN713,,288.059500,17.085000,0.00,DrkN,,,
LDN714,,288.055300,17.918300,0.00,DrkN,,,
LDN715,,286.298400,19.076900,0.00,DrkN,,,
LDN716,,290.810800,17.097600,0.00,DrkN,,,
LDN717,,289.055300,18.006300,0.00,DrkN,,,
LDN718,,288.051800,18.585000,0.00,DrkN,,,
LDN719,,285.794700,19.741200,0.00,DrkN,,,
LDN720,,294.320800,15.446700,0.00,DrkN,,,
LDN721,,292.813900,16.690000,0.00,DrkN,,,
LDN722,,291.054300,18.432100,0.00,DrkN,,,
LDN723,,289.549400,19.225200,0.00,DrkN,,,
LDN724,,288.044000,20.085000,0.00,DrkN,,,
LDN725,,292.056200,18.170000,0.00,DrkN,,,
LDN726,,296.569700,15.956600,0.00,DrkN,,,
LDN727,,292.806100,18.273300,0.00,DrkN,,,
LDN728,,287.288400,21.081500,0.00,DrkN,,,
LDN729,,295.087400,17.283500,0.00,DrkN,,,
LDN730,,290.046000,19.927500,0.00,DrkN,,,
LDN731,,294.560500,17.614500,0.00,DrkN,,,
LDN732,,289.919700,20.176900,0.00,DrkN,,,
LDN733,,296.063800,17.121100,0.00,DrkN,,,
LDN734,,287.032800,22.080300,0.00,DrkN,,,
LDN735,,290.543700,20.429800,0.00,DrkN,,,
LDN736,,288.536400,21.587300,0.00,DrkN,,,
LDN737,,295.057500,18.283400,0.00,DrkN,,,
LDN738,,290.291000,20.928700,0.00,DrkN,,,
LDN739,,291.043200,20.598700,0.00,DrkN,,,
LDN740,,292.046400,20.103300,0.00,DrkN,,,
LDN741,,290.290100,21.095300,0.00,DrkN,,,
LDN742,,293.299800,19.608900,0.00,DrkN,,,
LDN743,,294.604000,18.948000,0.00,DrkN,,,
LDN744,,289.863100,21.426700,0.00,DrkN,,,
LDN745,,297.061300,17.792100,0.00,DrkN,,,
LDN746,,290.539200,21.296500,0.00,DrkN,,,
LDN747,,295.304800,18.867800,0.00,DrkN,,,
LDN748,,291.290700,21.099900,0.00,DrkN,,,
LDN749,,288.782100,22.421800,0.00,DrkN,,,
LDN750,,289.534300,22.091900,0.00,DrkN,,,
LDN751,,290.261700,21.745200,0.00,DrkN,,,
LDN752,,294.726100,19.531900,0.00,DrkN,,,
LDN753,,297.058900,18.292100,0.00,DrkN,,,
LDN754,,296.806700,18.707700,0.00,DrkN,,,
LDN755,,291.789300,21.435500,0.00,DrkN,,,
LDN756,,291.914400,21.436000,0.00,DrkN,,,
LDN757,,295.551600,19.568900,0.00,DrkN,,,
LDN758,,296.680400,18.957100,0.00,DrkN,,,
LDN759,,287.522200,24.082600,0.00,DrkN,,,
LDN760,,292.537700,21.855500,0.00,DrkN,,,
LDN761,,294.042700,21.112200,0.00,DrkN,,,
LDN762,,289.978800,23.177300,0.00,DrkN,,,
LDN763,,289.652200,23.425800,0.00,DrkN,,,
LDN764,,289.777300,23.426300,0.00,DrkN,,,
LDN765,,296.048400,20.287700,0.00,DrkN,,,
LDN766,,297.302600,19.626500,0.00,DrkN,,,
LDN767,,291.282000,22.766500,0.00,DrkN,,,
LDN768,,292.033400,22.603200,0.00,DrkN,,,
LDN769,,291.030000,23.098700,0.00,DrkN,,,
LDN770,,293.036800,22.107700,0.00,DrkN,,,
LDN771,,290.177100,23.528200,0.00,DrkN,,,
LDN772,,291.280200,23.099800,0.00,DrkN,,,
LDN773,,290.627900,23.430200,0.00,DrkN,,,
LDN774,,290.728000,23.430700,0.00,DrkN,,,
LDN775,,290.903100,23.431500,0.00,DrkN,,,
LDN776,,293.787300,22.111100,0.00,DrkN,,,
LDN777,,288.016900,25.084900,0.00,DrkN,,,
LDN778,,291.777400,23.685400,0.00,DrkN,,,
LDN779,,292.529800,23.355500,0.00,DrkN,,,
LDN780,,288.515400,25.420600,0.00,DrkN,,,
LDN781,,292.027200,23.769900,0.00,DrkN,,,
LDN782,,292.026300,23.936600,0.00,DrkN,,,
LDN783,,291.775200,24.102100,0.00,DrkN,,,
LDN784,,292.275600,24.104400,0.00,DrkN,,,
LDN785,,293.526600,24.110000,0.00,DrkN,,,
LDN786,,292.899300,24.440500,0.00,DrkN,,,
LDN787,,298.291100,22.130800,0.00,DrkN,,,
LDN788,,293.397900,24.776100,0.00,DrkN,,,
LDN789,,297.407700,23.627000,0.00,DrkN,,,
LDN790,,293.768200,25.694400,0.00,DrkN,,,
LDN791,,297.406000,23.960300,0.00,DrkN,,,
LDN792,,294.268700,25.696600,0.00,DrkN,,,
LDN793,,294.895700,25.449400,0.00,DrkN,,,
LDN794,,294.263700,26.613300,0.00,DrkN,,,
LDN795,,294.263700,26.613300,0.00,DrkN,,,
LDN796,,296.016800,26.371000,0.00,DrkN,,,
LDN797,,301.412600,23.477300,0.00,DrkN,,,
LDN798,,296.768900,26.124300,0.00,DrkN,,,
LDN799,,295.638200,26.952700,0.00,DrkN,,,
LDN800,,296.014500,26.787600,0.00,DrkN,,,
LDN801,,300.857900,24.308300,0.00,DrkN,,,
LDN802,,299.928500,24.971100,0.00,DrkN,,,
LDN803,,295.586300,27.285800,0.00,DrkN,,,
LDN804,,295.711600,27.253000,0.00,DrkN,,,
LDN805,,300.405100,24.756500,0.00,DrkN,,,
LDN806,,296.087800,27.121300,0.00,DrkN,,,
LDN807,,295.911200,27.370500,0.00,DrkN,,,
LDN808,,296.262000,27.288700,0.00,DrkN,,,
LDN809,,301.028800,25.142400,0.00,DrkN,,,
LDN810,,296.258300,27.955400,0.00,DrkN,,,
LDN811,,295.001700,28.866600,0.00,DrkN,,,
LDN812,,296.255000,28.538700,0.00,DrkN,,,
LDN813,,295.751100,29.119900,0.00,DrkN,,,
LDN814,,301.020700,26.725700,0.00,DrkN,,,
LDN815,,296.752300,29.124200,0.00,DrkN,,,
LDN816,,293.990800,30.528800,0.00,DrkN,,,
LDN817,,295.244700,30.117600,0.00,DrkN,,,
LDN818,,304.277800,26.155700,0.00,DrkN,,,
LDN819,,296.995400,30.375300,0.00,DrkN,,,
LDN820,,296.241000,30.955400,0.00,DrkN,,,
LDN821,,294.279500,32.446700,0.00,DrkN,,,
LDN822,,296.734700,32.124200,0.00,DrkN,,,
LDN823,,302.254100,30.147500,0.00,DrkN,,,
LDN824,,304.010700,29.404700,0.00,DrkN,,,
LDN825,,297.980400,33.129600,0.00,DrkN,,,
LDN826,,297.226700,33.543000,0.00,DrkN,,,
LDN827,,304.509900,29.706700,0.00,DrkN,,,
LDN828,,297.727400,33.545200,0.00,DrkN,,,
LDN829,,298.303900,33.447600,0.00,DrkN,,,
LDN830,,297.976300,33.779600,0.00,DrkN,,,
LDN831,,298.477500,33.715100,0.00,DrkN,,,
LDN832,,298.727600,33.766100,0.00,DrkN,,,
LDN833,,298.727400,33.799500,0.00,DrkN,,,
LDN834,,298.473300,34.398400,0.00,DrkN,,,
LDN835,,298.346300,34.681200,0.00,DrkN,,,
LDN836,,298.346100,34.714500,0.00,DrkN,,,
LDN837,,305.981600,30.779200,0.00,DrkN,,,
LDN838,,306.006600,30.779300,0.00,DrkN,,,
LDN839,,299.977300,34.138100,0.00,DrkN,,,
LDN840,,298.568800,35.132100,0.00,DrkN,,,
LDN841,,302.737800,33.149600,0.00,DrkN,,,
LDN842,,304.998300,31.992000,0.00,DrkN,,,
LDN843,,305.174000,31.926000,0.00,DrkN,,,
LDN844,,307.610000,30.668900,0.00,DrkN,,,
LDN845,,301.253100,34.360100,0.00,DrkN,,,
LDN846,,310.522600,29.179900,0.00,DrkN,,,
LDN847,,300.471900,35.140200,0.00,DrkN,,,
LDN848,,301.325100,34.860400,0.00,DrkN,,,
LDN849,,301.148300,35.109700,0.00,DrkN,,,
LDN850,,302.982400,34.150600,0.00,DrkN,,,
LDN851,,307.579700,31.668800,0.00,DrkN,,,
LDN852,,301.473600,35.144400,0.00,DrkN,,,
LDN853,,301.723600,35.228700,0.00,DrkN,,,
LDN854,,299.462200,36.385900,0.00,DrkN,,,
LDN855,,299.637500,36.386700,0.00,DrkN,,,
LDN856,,302.049500,35.180100,0.00,DrkN,,,
LDN857,,300.465600,36.140200,0.00,DrkN,,,
LDN858,,302.777200,34.949700,0.00,DrkN,,,
LDN859,,307.851600,32.336500,0.00,DrkN,,,
LDN860,,301.217400,36.060000,0.00,DrkN,,,
LDN861,,300.110800,36.772000,0.00,DrkN,,,
LDN862,,301.712500,36.978700,0.00,DrkN,,,
LDN863,,301.937000,37.113000,0.00,DrkN,,,
LDN864,,310.507500,32.179900,0.00,DrkN,,,
LDN865,,301.056000,37.776000,0.00,DrkN,,,
LDN866,,301.782400,37.779000,0.00,DrkN,,,
LDN867,,299.972500,38.721500,0.00,DrkN,,,
LDN868,,311.760000,32.184500,0.00,DrkN,,,
LDN869,,299.942200,39.471300,0.00,DrkN,,,
LDN870,,309.238800,35.175200,0.00,DrkN,,,
LDN871,,301.442800,39.811000,0.00,DrkN,,,
LDN872,,300.436000,40.473400,0.00,DrkN,,,
LDN873,,310.240900,35.178900,0.00,DrkN,,,
LDN874,,310.491500,35.179800,0.00,DrkN,,,
LDN875,,301.942700,39.979700,0.00,DrkN,,,
LDN876,,302.319100,39.897900,0.00,DrkN,,,
LDN877,,303.571800,39.903000,0.00,DrkN,,,
LDN878,,302.188400,40.664100,0.00,DrkN,,,
LDN879,,305.204400,39.326200,0.00,DrkN,,,
LDN880,,303.443700,40.319200,0.00,DrkN,,,
LDN881,,304.449400,39.823200,0.00,DrkN,,,
LDN882,,304.826300,39.658100,0.00,DrkN,,,
LDN883,,304.951600,39.658600,0.00,DrkN,,,
LDN884,,301.430800,41.477600,0.00,DrkN,,,
LDN885,,302.310200,41.147900,0.00,DrkN,,,
LDN886,,304.698800,39.990900,0.00,DrkN,,,
LDN887,,300.922200,42.475500,0.00,DrkN,,,
LDN888,,304.694200,40.657600,0.00,DrkN,,,
LDN889,,306.201200,40.163500,0.00,DrkN,,,
LDN890,,300.919000,42.892200,0.00,DrkN,,,
LDN891,,303.431700,41.985800,0.00,DrkN,,,
LDN892,,303.934100,41.821200,0.00,DrkN,,,
LDN893,,303.179300,42.234800,0.00,DrkN,,,
LDN894,,303.933500,41.904500,0.00,DrkN,,,
LDN895,,303.928000,42.654500,0.00,DrkN,,,
LDN896,,310.465000,39.679800,0.00,DrkN,,,
LDN897,,306.187300,42.163500,0.00,DrkN,,,
LDN898,,310.464000,39.846500,0.00,DrkN,,,
LDN899,,305.933100,42.662500,0.00,DrkN,,,
LDN900,,306.183100,42.746800,0.00,DrkN,,,
LDN901,,305.376700,43.327000,0.00,DrkN,,,
LDN902,,305.426800,43.327200,0.00,DrkN,,,
LDN903,,302.154600,45.064000,0.00,DrkN,,,
LDN904,,313.225300,39.189800,0.00,DrkN,,,
LDN905,,302.403200,45.315000,0.00,DrkN,,,
LDN906,,309.195300,42.175100,0.00,DrkN,,,
LDN907,,311.308800,41.016300,0.00,DrkN,,,
LDN908,,304.911300,45.158500,0.00,DrkN,,,
LDN909,,304.911300,45.158500,0.00,DrkN,,,
LDN910,,304.909900,45.325200,0.00,DrkN,,,
LDN911,,310.192900,42.928800,0.00,DrkN,,,
LDN912,,316.988500,38.702700,0.00,DrkN,,,
LDN913,,306.063200,45.329700,0.00,DrkN,,,
LDN914,,312.959200,41.688900,0.00,DrkN,,,
LDN915,,311.345200,43.099700,0.00,DrkN,,,
LDN916,,314.466800,41.194200,0.00,DrkN,,,
LDN917,,310.059000,44.145000,0.00,DrkN,,,
LDN918,,310.234800,44.095700,0.00,DrkN,,,
LDN919,,308.169700,45.287900,0.00,DrkN,,,
LDN920,,308.169300,45.337900,0.00,DrkN,,,
LDN921,,308.295200,45.271700,0.00,DrkN,,,
LDN922,,309.679500,44.593600,0.00,DrkN,,,
LDN923,,308.672100,45.173100,0.00,DrkN,,,
LDN925,,308.420100,45.338800,0.00,DrkN,,,
LDN926,,308.846500,45.323800,0.00,DrkN,,,
LDN927,,315.971900,41.099300,0.00,DrkN,,,
LDN928,,310.256300,44.595700,0.00,DrkN,,,
LDN929,,308.921600,45.340800,0.00,DrkN,,,
LDN930,,309.222500,45.341900,0.00,DrkN,,,
LDN931,,311.941800,43.851900,0.00,DrkN,,,
LDN932,,316.468800,41.867700,0.00,DrkN,,,
LDN933,,313.193400,44.189700,0.00,DrkN,,,
LDN934,,316.768200,42.118700,0.00,DrkN,,,
LDN935,,314.198900,43.859900,0.00,DrkN,,,
LDN936,,312.935600,45.188800,0.00,DrkN,,,
LDN937,,317.468400,42.454400,0.00,DrkN,,,
LDN938,,317.216100,42.703500,0.00,DrkN,,,
LDN939,,307.770000,48.169700,0.00,DrkN,,,
LDN940,,313.434400,45.590600,0.00,DrkN,,,
LDN941,,314.185200,45.826600,0.00,DrkN,,,
LDN942,,319.094300,43.209600,0.00,DrkN,,,
LDN943,,319.168500,43.393200,0.00,DrkN,,,
LDN944,,319.420000,43.294000,0.00,DrkN,,,
LDN945,,314.431000,46.527500,0.00,DrkN,,,
LDN946,,319.745100,43.461700,0.00,DrkN,,,
LDN947,,319.996800,43.312500,0.00,DrkN,,,
LDN948,,320.172800,43.246400,0.00,DrkN,,,
LDN949,,319.845000,43.528700,0.00,DrkN,,,
LDN950,,315.132900,46.613200,0.00,DrkN,,,
LDN951,,320.272800,43.313400,0.00,DrkN,,,
LDN952,,320.121400,43.462900,0.00,DrkN,,,
LDN953,,320.347700,43.380300,0.00,DrkN,,,
LDN954,,315.429700,47.197600,0.00,DrkN,,,
LDN955,,314.421000,47.860800,0.00,DrkN,,,
LDN956,,317.897500,45.972500,0.00,DrkN,,,
LDN957,,315.174400,47.780000,0.00,DrkN,,,
LDN958,,314.745300,48.111900,0.00,DrkN,,,
LDN959,,317.943900,46.539300,0.00,DrkN,,,
LDN960,,317.136400,47.170000,0.00,DrkN,,,
LDN961,,317.211200,47.236900,0.00,DrkN,,,
LDN962,,315.420900,48.364200,0.00,DrkN,,,
LDN963,,318.445700,46.540900,0.00,DrkN,,,
LDN964,,317.385900,47.370800,0.00,DrkN,,,
LDN965,,319.955900,45.879000,0.00,DrkN,,,
LDN966,,315.039200,49.029600,0.00,DrkN,,,
LDN967,,317.560100,47.571400,0.00,DrkN,,,
LDN968,,320.635600,45.547800,0.00,DrkN,,,
LDN969,,323.482800,43.589700,0.00,DrkN,,,
LDN970,,318.189000,47.373400,0.00,DrkN,,,
LDN971,,315.212600,49.313500,0.00,DrkN,,,
LDN972,,320.330700,46.130200,0.00,DrkN,,,
LDN973,,324.363000,43.225500,0.00,DrkN,,,
LDN974,,319.825500,46.628600,0.00,DrkN,,,
LDN975,,317.934400,47.872600,0.00,DrkN,,,
LDN976,,321.034200,46.015700,0.00,DrkN,,,
LDN977,,324.739400,43.226600,0.00,DrkN,,,
LDN978,,315.284800,49.697100,0.00,DrkN,,,
LDN979,,324.864100,43.360300,0.00,DrkN,,,
LDN980,,321.208600,46.216300,0.00,DrkN,,,
LDN981,,314.904100,50.195800,0.00,DrkN,,,
LDN982,,315.609400,49.914900,0.00,DrkN,,,
LDN983,,323.098000,45.055200,0.00,DrkN,,,
LDN984,,315.406200,50.197500,0.00,DrkN,,,
LDN985,,314.775400,50.578700,0.00,DrkN,,,
LDN986,,323.097000,45.221900,0.00,DrkN,,,
LDN987,,315.201300,50.680200,0.00,DrkN,,,
LDN988,,316.159300,50.200100,0.00,DrkN,,,
LDN989,,320.446800,47.547300,0.00,DrkN,,,
LDN990,,314.719100,51.278500,0.00,DrkN,,,
LDN991,,315.576200,50.881400,0.00,DrkN,,,
LDN992,,313.632700,52.024700,0.00,DrkN,,,
LDN993,,321.652600,47.417600,0.00,DrkN,,,
LDN994,,321.500400,47.650500,0.00,DrkN,,,
LDN995,,321.677000,47.517700,0.00,DrkN,,,
LDN996,,314.386700,51.944000,0.00,DrkN,,,
LDN997,,321.650800,47.684300,0.00,DrkN,,,
LDN998,,316.025400,51.199600,0.00,DrkN,,,
LDN999,,316.908300,50.702600,0.00,DrkN,,,
LDN1000,,316.655900,50.868400,0.00,DrkN,,,
LDN1001,,321.826600,47.684800,0.00,DrkN,,,
LDN1002,,314.128600,52.693100,0.00,DrkN,,,
LDN1003,,314.885100,52.362400,0.00,DrkN,,,
LDN1004,,315.387300,52.364200,0.00,DrkN,,,
LDN1005,,318.414900,50.707500,0.00,DrkN,,,
LDN1006,,322.830000,47.804500,0.00,DrkN,,,
LDN1007,,321.316200,48.883300,0.00,DrkN,,,
LDN1008,,321.691700,49.051100,0.00,DrkN,,,
LDN1009,,323.457100,47.889600,0.00,DrkN,,,
LDN1010,,324.717700,47.059900,0.00,DrkN,,,
LDN1011,,316.642900,52.368400,0.00,DrkN,,,
LDN1012,,323.531000,48.106500,0.00,DrkN,,,
LDN1013,,315.126700,53.363300,0.00,DrkN,,,
LDN1014,,321.006800,49.999000,0.00,DrkN,,,
LDN1015,,315.125100,53.529900,0.00,DrkN,,,
LDN1016,,319.944300,51.012400,0.00,DrkN,,,
LDN1017,,321.332100,50.166700,0.00,DrkN,,,
LDN1018,,316.132200,53.283400,0.00,DrkN,,,
LDN1019,,320.246200,50.946700,0.00,DrkN,,,
LDN1020,,325.720900,47.229400,0.00,DrkN,,,
LDN1021,,320.396200,51.030500,0.00,DrkN,,,
LDN1022,,317.391800,52.870900,0.00,DrkN,,,
LDN1023,,314.614500,54.361500,0.00,DrkN,,,
LDN1024,,325.568500,47.528900,0.00,DrkN,,,
LDN1026,,315.371400,54.030800,0.00,DrkN,,,
LDN1027,,316.633700,53.368400,0.00,DrkN,,,
LDN1028,,316.381000,53.534200,0.00,DrkN,,,
LDN1029,,315.369700,54.197500,0.00,DrkN,,,
LDN1030,,326.625600,47.098500,0.00,DrkN,,,
LDN1031,,326.474200,47.231400,0.00,DrkN,,,
LDN1032,,315.872900,54.115800,0.00,DrkN,,,
LDN1033,,309.307300,57.175800,0.00,DrkN,,,
LDN1034,,316.376200,54.034200,0.00,DrkN,,,
LDN1035,,326.169900,47.730600,0.00,DrkN,,,
LDN1036,,309.558400,57.176700,0.00,DrkN,,,
LDN1037,,313.598300,55.441300,0.00,DrkN,,,
LDN1038,,311.578200,56.350800,0.00,DrkN,,,
LDN1039,,310.567400,56.847100,0.00,DrkN,,,
LDN1040,,326.647000,47.731900,0.00,DrkN,,,
LDN1041,,309.554200,57.510000,0.00,DrkN,,,
LDN1042,,327.301800,47.400300,0.00,DrkN,,,
LDN1043,,324.955100,49.227300,0.00,DrkN,,,
LDN1044,,310.309900,57.346200,0.00,DrkN,,,
LDN1045,,327.099500,47.649700,0.00,DrkN,,,
LDN1046,,325.837300,48.729700,0.00,DrkN,,,
LDN1047,,327.022900,47.866200,0.00,DrkN,,,
LDN1048,,323.817300,50.340700,0.00,DrkN,,,
LDN1049,,310.559000,57.513800,0.00,DrkN,,,
LDN1050,,316.367900,54.867500,0.00,DrkN,,,
LDN1051,,310.684600,57.514200,0.00,DrkN,,,
LDN1052,,326.971100,48.132700,0.00,DrkN,,,
LDN1053,,314.851700,55.695700,0.00,DrkN,,,
LDN1054,,323.688900,50.723700,0.00,DrkN,,,
LDN1055,,328.307400,47.202900,0.00,DrkN,,,
LDN1056,,314.596800,56.028200,0.00,DrkN,,,
LDN1057,,325.957500,49.563400,0.00,DrkN,,,
LDN1058,,315.601900,56.031600,0.00,DrkN,,,
LDN1059,,325.196100,50.727900,0.00,DrkN,,,
LDN1060,,317.871300,55.289200,0.00,DrkN,,,
LDN1061,,314.581500,57.361500,0.00,DrkN,,,
LDN1062,,318.371400,55.540800,0.00,DrkN,,,
LDN1063,,316.854700,56.369200,0.00,DrkN,,,
LDN1064,,318.370500,55.624100,0.00,DrkN,,,
LDN1065,,316.852900,56.535800,0.00,DrkN,,,
LDN1066,,326.954700,50.732700,0.00,DrkN,,,
LDN1067,,317.353800,56.704200,0.00,DrkN,,,
LDN1068,,316.570000,57.118200,0.00,DrkN,,,
LDN1069,,317.100600,56.870000,0.00,DrkN,,,
LDN1070,,326.701200,51.065400,0.00,DrkN,,,
LDN1071,,314.571300,58.194800,0.00,DrkN,,,
LDN1072,,319.118600,56.209900,0.00,DrkN,,,
LDN1073,,327.075900,51.399700,0.00,DrkN,,,
LDN1074,,323.664500,53.890300,0.00,DrkN,,,
LDN1075,,322.906200,54.388100,0.00,DrkN,,,
LDN1076,,312.337000,59.853600,0.00,DrkN,,,
LDN1077,,324.419800,53.725800,0.00,DrkN,,,
LDN1078,,324.165800,54.058400,0.00,DrkN,,,
LDN1079,,323.154700,54.722200,0.00,DrkN,,,
LDN1080,,320.372100,56.547100,0.00,DrkN,,,
LDN1081,,324.163000,54.391700,0.00,DrkN,,,
LDN1082,,312.784800,60.188600,0.00,DrkN,,,
LDN1083,,323.394800,55.972900,0.00,DrkN,,,
LDN1084,,325.415700,54.895300,0.00,DrkN,,,
LDN1085,,323.387400,56.756200,0.00,DrkN,,,
LDN1086,,322.122000,57.552500,0.00,DrkN,,,
LDN1087,,323.892300,56.557600,0.00,DrkN,,,
LDN1088,,324.649800,56.226500,0.00,DrkN,,,
LDN1089,,308.203000,63.505100,0.00,DrkN,,,
LDN1090,,323.890700,56.724300,0.00,DrkN,,,
LDN1091,,330.207300,52.907700,0.00,DrkN,,,
LDN1092,,324.391300,56.975700,0.00,DrkN,,,
LDN1093,,323.378700,57.639500,0.00,DrkN,,,
LDN1094,,308.193200,64.005100,0.00,DrkN,,,
LDN1095,,325.655000,56.312600,0.00,DrkN,,,
LDN1096,,322.871300,58.054700,0.00,DrkN,,,
LDN1097,,326.666000,55.732000,0.00,DrkN,,,
LDN1098,,323.630200,57.640200,0.00,DrkN,,,
LDN1099,,324.135800,57.391700,0.00,DrkN,,,
LDN1100,,308.696300,64.007000,0.00,DrkN,,,
LDN1101,,324.894300,56.977200,0.00,DrkN,,,
LDN1102,,323.122900,58.055400,0.00,DrkN,,,
LDN1103,,325.424800,56.728600,0.00,DrkN,,,
LDN1104,,325.525400,56.728900,0.00,DrkN,,,
LDN1105,,324.285000,57.558800,0.00,DrkN,,,
LDN1106,,325.649700,56.895900,0.00,DrkN,,,
LDN1107,,329.190500,54.488500,0.00,DrkN,,,
LDN1108,,321.596800,59.550900,0.00,DrkN,,,
LDN1109,,327.922800,55.818600,0.00,DrkN,,,
LDN1110,,324.885500,57.893800,0.00,DrkN,,,
LDN1111,,324.885500,57.893800,0.00,DrkN,,,
LDN1112,,324.632200,58.059800,0.00,DrkN,,,
LDN1113,,326.150000,57.197300,0.00,DrkN,,,
LDN1114,,327.414800,56.400700,0.00,DrkN,,,
LDN1115,,326.655100,56.982000,0.00,DrkN,,,
LDN1116,,324.123900,58.558300,0.00,DrkN,,,
LDN1117,,324.629700,58.309800,0.00,DrkN,,,
LDN1118,,326.653000,57.215300,0.00,DrkN,,,
LDN1119,,318.297200,61.707300,0.00,DrkN,,,
LDN1120,,326.905100,57.149300,0.00,DrkN,,,
LDN1121,,325.133200,58.277800,0.00,DrkN,,,
LDN1122,,308.165500,65.338400,0.00,DrkN,,,
LDN1123,,324.879600,58.477100,0.00,DrkN,,,
LDN1124,,325.385300,58.228500,0.00,DrkN,,,
LDN1125,,318.674700,61.708500,0.00,DrkN,,,
LDN1126,,324.878700,58.560500,0.00,DrkN,,,
LDN1127,,325.231000,58.561500,0.00,DrkN,,,
LDN1128,,325.382000,58.561900,0.00,DrkN,,,
LDN1129,,326.646600,57.898600,0.00,DrkN,,,
LDN1130,,326.139400,58.313900,0.00,DrkN,,,
LDN1131,,324.994000,59.560800,0.00,DrkN,,,
LDN1132,,326.638500,58.732000,0.00,DrkN,,,
LDN1133,,330.686400,56.242200,0.00,DrkN,,,
LDN1134,,325.364200,60.228500,0.00,DrkN,,,
LDN1135,,324.856000,60.643800,0.00,DrkN,,,
LDN1136,,326.373900,59.981300,0.00,DrkN,,,
LDN1137,,327.893700,59.068600,0.00,DrkN,,,
LDN1138,,327.893700,59.068600,0.00,DrkN,,,
LDN1139,,328.905200,58.571200,0.00,DrkN,,,
LDN1140,,325.104800,60.894500,0.00,DrkN,,,
LDN1141,,328.903700,58.737800,0.00,DrkN,,,
LDN1142,,329.152300,59.071800,0.00,DrkN,,,
LDN1143,,329.404800,58.989100,0.00,DrkN,,,
LDN1144,,327.631300,60.117900,0.00,DrkN,,,
LDN1145,,322.814900,62.721300,0.00,DrkN,,,
LDN1146,,322.814900,62.721300,0.00,DrkN,,,
LDN1147,,310.132600,67.345800,0.00,DrkN,,,
LDN1148,,310.132600,67.345800,0.00,DrkN,,,
LDN1149,,329.403500,59.122400,0.00,DrkN,,,
LDN1150,,333.958900,55.999600,0.00,DrkN,,,
LDN1151,,329.907500,59.073700,0.00,DrkN,,,
LDN1152,,308.604200,68.006800,0.00,DrkN,,,
LDN1153,,330.160000,58.990900,0.00,DrkN,,,
LDN1154,,334.209100,56.216800,0.00,DrkN,,,
LDN1155,,310.879900,67.681900,0.00,DrkN,,,
LDN1156,,334.967100,55.751700,0.00,DrkN,,,
LDN1157,,309.863600,68.011500,0.00,DrkN,,,
LDN1158,,311.131800,67.682900,0.00,DrkN,,,
LDN1159,,331.674100,58.577900,0.00,DrkN,,,
LDN1160,,331.167000,58.993300,0.00,DrkN,,,
LDN1161,,334.964500,56.135000,0.00,DrkN,,,
LDN1162,,320.007200,65.046200,0.00,DrkN,,,
LDN1163,,335.215900,56.168900,0.00,DrkN,,,
LDN1164,,331.669100,59.161200,0.00,DrkN,,,
LDN1165,,331.795700,59.078100,0.00,DrkN,,,
LDN1166,,331.413500,59.577300,0.00,DrkN,,,
LDN1167,,315.935400,67.033000,0.00,DrkN,,,
LDN1168,,314.157700,67.610300,0.00,DrkN,,,
LDN1169,,331.789800,59.744800,0.00,DrkN,,,
LDN1170,,315.418000,67.614600,0.00,DrkN,,,
LDN1171,,313.383700,68.324300,0.00,DrkN,,,
LDN1172,,315.668200,67.698800,0.00,DrkN,,,
LDN1173,,316.172400,67.700500,0.00,DrkN,,,
LDN1174,,315.656100,68.198800,0.00,DrkN,,,
LDN1175,,333.417900,60.748500,0.00,DrkN,,,
LDN1176,,322.750100,66.721200,0.00,DrkN,,,
LDN1177,,319.690700,68.262000,0.00,DrkN,,,
LDN1178,,332.268400,62.329300,0.00,DrkN,,,
LDN1179,,336.832400,59.038800,0.00,DrkN,,,
LDN1180,,336.704900,59.255200,0.00,DrkN,,,
LDN1181,,325.535200,66.145800,0.00,DrkN,,,
LDN1182,,333.280800,61.914800,0.00,DrkN,,,
LDN1183,,325.533800,66.229100,0.00,DrkN,,,
LDN1184,,335.181500,60.752200,0.00,DrkN,,,
LDN1185,,337.335800,59.089700,0.00,DrkN,,,
LDN1186,,333.404700,62.131800,0.00,DrkN,,,
LDN1187,,339.488100,57.260300,0.00,DrkN,,,
LDN1188,,334.164500,61.750100,0.00,DrkN,,,
LDN1189,,339.739800,57.260700,0.00,DrkN,,,
LDN1190,,337.713200,59.140400,0.00,DrkN,,,
LDN1191,,333.527800,62.415400,0.00,DrkN,,,
LDN1192,,338.472600,58.591800,0.00,DrkN,,,
LDN1193,,333.653900,62.415700,0.00,DrkN,,,
LDN1194,,338.217300,59.091400,0.00,DrkN,,,
LDN1195,,336.689200,61.255200,0.00,DrkN,,,
LDN1196,,336.689200,61.255200,0.00,DrkN,,,
LDN1197,,339.477800,58.926900,0.00,DrkN,,,
LDN1198,,339.222700,59.426500,0.00,DrkN,,,
LDN1199,,323.975200,68.558100,0.00,DrkN,,,
LDN1200,,341.493900,58.763600,0.00,DrkN,,,
LDN1201,,335.912300,63.503700,0.00,DrkN,,,
LDN1202,,336.672900,63.088500,0.00,DrkN,,,
LDN1203,,336.925900,63.005700,0.00,DrkN,,,
LDN1204,,336.671400,63.255200,0.00,DrkN,,,
LDN1205,,341.483800,60.430200,0.00,DrkN,,,
LDN1206,,337.164400,64.422800,0.00,DrkN,,,
LDN1207,,337.416700,64.423300,0.00,DrkN,,,
LDN1208,,337.669100,64.423700,0.00,DrkN,,,
LDN1209,,337.413400,64.756600,0.00,DrkN,,,
LDN1210,,341.220400,62.096500,0.00,DrkN,,,
LDN1211,,341.724200,62.180600,0.00,DrkN,,,
LDN1212,,341.976100,62.214300,0.00,DrkN,,,
LDN1213,,337.911200,65.424200,0.00,DrkN,,,
LDN1214,,338.412600,65.758400,0.00,DrkN,,,
LDN1215,,342.985700,62.099100,0.00,DrkN,,,
LDN1216,,342.984600,62.265800,0.00,DrkN,,,
LDN1217,,333.283200,70.748300,0.00,DrkN,,,
LDN1218,,345.506700,62.269200,0.00,DrkN,,,
LDN1219,,332.898400,70.997500,0.00,DrkN,,,
LDN1220,,346.013400,61.853100,0.00,DrkN,,,
LDN1221,,337.108400,69.006100,0.00,DrkN,,,
LDN1222,,346.266100,61.770100,0.00,DrkN,,,
LDN1223,,344.232400,64.267500,0.00,DrkN,,,
LDN1224,,346.002500,63.769800,0.00,DrkN,,,
LDN1225,,348.032200,61.605300,0.00,DrkN,,,
LDN1226,,347.524600,62.271500,0.00,DrkN,,,
LDN1227,,347.524400,62.321500,0.00,DrkN,,,
LDN1228,,314.756200,77.529700,0.00,DrkN,,,
LDN1229,,348.534900,61.989200,0.00,DrkN,,,
LDN1230,,348.534800,62.022500,0.00,DrkN,,,
LDN1231,,349.546700,61.273500,0.00,DrkN,,,
LDN1232,,349.292500,61.773200,0.00,DrkN,,,
LDN1233,,349.113600,62.339700,0.00,DrkN,,,
LDN1234,,349.289900,62.406600,0.00,DrkN,,,
LDN1235,,333.728700,73.416000,0.00,DrkN,,,
LDN1236,,343.180500,68.932800,0.00,DrkN,,,
LDN1237,,350.651400,62.607700,0.00,DrkN,,,
LDN1238,,353.081100,59.776100,0.00,DrkN,,,
LDN1239,,348.084300,66.072100,0.00,DrkN,,,
LDN1240,,347.753500,66.438400,0.00,DrkN,,,
LDN1241,,327.512300,76.734800,0.00,DrkN,,,
LDN1242,,337.791700,73.257400,0.00,DrkN,,,
LDN1243,,332.655400,75.330400,0.00,DrkN,,,
LDN1244,,351.306800,62.774900,0.00,DrkN,,,
LDN1245,,353.078600,60.776100,0.00,DrkN,,,
LDN1246,,351.303800,63.608300,0.00,DrkN,,,
LDN1247,,335.199500,75.252500,0.00,DrkN,,,
LDN1248,,353.074600,62.276100,0.00,DrkN,,,
LDN1249,,356.107100,58.944300,0.00,DrkN,,,
LDN1250,,350.529100,67.274300,0.00,DrkN,,,
LDN1251,,339.013100,75.259600,0.00,DrkN,,,
LDN1252,,356.352900,63.277700,0.00,DrkN,,,
LDN1253,,359.131400,58.528300,0.00,DrkN,,,
LDN1254,,359.131300,58.778300,0.00,DrkN,,,
LDN1255,,358.374100,60.528200,0.00,DrkN,,,
LDN1256,,358.878700,60.028200,0.00,DrkN,,,
LDN1257,,359.383000,59.661600,0.00,DrkN,,,
LDN1258,,359.761100,59.611600,0.00,DrkN,,,
LDN1259,,350.728900,74.274500,0.00,DrkN,,,
LDN1260,,359.254800,64.944900,0.00,DrkN,,,
LDN1261,,351.745900,74.275300,0.00,DrkN,,,
LDN1262,,351.745900,74.275300,0.00,DrkN,,,
LDN1263,,359.381100,64.845000,0.00,DrkN,,,
LDN1264,,358.114200,68.278100,0.00,DrkN,,,
LDN1265,,2.407300,58.861500,0.00,DrkN,,,
LDN1266,,359.379900,67.278300,0.00,DrkN,,,
LDN1267,,0.138700,66.778300,0.00,DrkN,,,
LDN1268,,359.885700,67.445000,0.00,DrkN,,,
LDN1269,,0.138600,67.161700,0.00,DrkN,,,
LDN1270,,0.391500,67.161700,0.00,DrkN,,,
LDN1271,,0.391500,67.278300,0.00,DrkN,,,
LDN1272,,0.644400,67.278300,0.00,DrkN,,,
LDN1273,,0.644700,68.528300,0.00,DrkN,,,
LDN1274,,359.377700,70.944900,0.00,DrkN,,,
LDN1275,,1.656100,67.444900,0.00,DrkN,,,
LDN1276,,3.168800,64.028000,0.00,DrkN,,,
LDN1277,,3.421300,64.027900,0.00,DrkN,,,
LDN1278,,3.926000,63.861100,0.00,DrkN,,,
LDN1279,,4.430800,63.777600,0.00,DrkN,,,
LDN1280,,4.933500,62.660800,0.00,DrkN,,,
LDN1281,,4.683500,63.944200,0.00,DrkN,,,
LDN1282,,5.436500,61.777200,0.00,DrkN,,,
LDN1283,,5.688600,61.710400,0.00,DrkN,,,
LDN1284,,5.439300,63.193900,0.00,DrkN,,,
LDN1285,,6.196500,63.193500,0.00,DrkN,,,
LDN1286,,8.707500,58.942000,0.00,DrkN,,,
LDN1287,,8.973600,63.441900,0.00,DrkN,,,
LDN1288,,9.489700,66.108100,0.00,DrkN,,,
LDN1289,,322.842900,88.395400,0.00,DrkN,,,
LDN1290,,10.478800,61.107300,0.00,DrkN,,,
LDN1291,,10.557900,62.023900,0.00,DrkN,,,
LDN1292,,325.118600,88.568500,0.00,DrkN,,,
LDN1293,,10.486500,63.107300,0.00,DrkN,,,
LDN1294,,10.584100,62.273900,0.00,DrkN,,,
LDN1295,,11.208500,52.440000,0.00,DrkN,,,
LDN1296,,11.209300,52.773400,0.00,DrkN,,,
LDN1297,,10.737500,62.773800,0.00,DrkN,,,
LDN1298,,10.857000,61.107000,0.00,DrkN,,,
LDN1299,,11.267600,55.740000,0.00,DrkN,,,
LDN1300,,10.984400,61.440200,0.00,DrkN,,,
LDN1301,,10.938000,62.456900,0.00,DrkN,,,
LDN1302,,10.986000,61.856900,0.00,DrkN,,,
LDN1303,,10.748900,65.273800,0.00,DrkN,,,
LDN1304,,10.775900,69.773800,0.00,DrkN,,,
LDN1305,,15.820400,67.768300,0.00,DrkN,,,
LDN1306,,15.780400,62.268300,0.00,DrkN,,,
LDN1307,,16.305200,65.267700,0.00,DrkN,,,
LDN1308,,18.417900,72.931400,0.00,DrkN,,,
LDN1309,,16.789300,62.267000,0.00,DrkN,,,
LDN1310,,16.772100,59.267000,0.00,DrkN,,,
LDN1311,,171.147500,84.725400,0.00,DrkN,,,
LDN1312,,18.553500,62.097800,0.00,DrkN,,,
LDN1313,,19.055000,61.680400,0.00,DrkN,,,
LDN1314,,19.305400,61.430000,0.00,DrkN,,,
LDN1315,,20.074200,63.095400,0.00,DrkN,,,
LDN1316,,19.809600,61.429200,0.00,DrkN,,,
LDN1317,,20.770600,61.844300,0.00,DrkN,,,
LDN1319,,20.816700,61.260900,0.00,DrkN,,,
LDN1320,,63.807000,85.631100,0.00,DrkN,,,
LDN1321,,159.182600,84.241300,0.00,DrkN,,,
LDN1322,,21.068800,61.260400,0.00,DrkN,,,
LDN1323,,21.322100,61.426700,0.00,DrkN,,,
LDN1324,,21.575500,61.592900,0.00,DrkN,,,
LDN1325,,22.470400,63.091300,0.00,DrkN,,,
LDN1326,,22.672200,63.090900,0.00,DrkN,,,
LDN1327,,23.628900,65.422500,0.00,DrkN,,,
LDN1328,,24.661200,67.253800,0.00,DrkN,,,
LDN1329,,23.879500,65.255400,0.00,DrkN,,,
LDN1330,,24.131900,65.254900,0.00,DrkN,,,
LDN1331,,24.628500,64.503900,0.00,DrkN,,,
LDN1332,,25.612700,62.051900,0.00,DrkN,,,
LDN1333,,36.515300,75.475500,0.00,DrkN,,,
LDN1334,,25.863800,61.951300,0.00,DrkN,,,
LDN1335,,27.928400,66.080300,0.00,DrkN,,,
LDN1336,,28.442700,66.745800,0.00,DrkN,,,
LDN1337,,26.367600,61.917000,0.00,DrkN,,,
LDN1338,,28.644300,62.712000,0.00,DrkN,,,
LDN1339,,28.642100,62.512000,0.00,DrkN,,,
LDN1340,,37.684400,72.955300,0.00,DrkN,,,
LDN1341,,28.946600,62.694600,0.00,DrkN,,,
LDN1343,,29.019100,62.411100,0.00,DrkN,,,
LDN1345,,29.273700,62.643800,0.00,DrkN,,,
LDN1346,,29.273500,62.627200,0.00,DrkN,,,
LDN1347,,29.522300,62.326600,0.00,DrkN,,,
LDN1348,,29.649200,62.409600,0.00,DrkN,,,
LDN1349,,33.482900,66.233400,0.00,DrkN,,,
LDN1350,,32.379800,60.986200,0.00,DrkN,,,
LDN1351,,32.680200,60.818800,0.00,DrkN,,,
LDN1352,,38.802300,67.385200,0.00,DrkN,,,
LDN1353,,41.090900,68.211500,0.00,DrkN,,,
LDN1354,,34.932200,61.729500,0.00,DrkN,,,
LDN1355,,43.179900,69.038100,0.00,DrkN,,,
LDN1356,,35.687700,61.727400,0.00,DrkN,,,
LDN1357,,43.125300,68.871700,0.00,DrkN,,,
LDN1358,,43.895200,69.369100,0.00,DrkN,,,
LDN1359,,36.447500,62.058600,0.00,DrkN,,,
LDN1360,,36.688700,61.224500,0.00,DrkN,,,
LDN1361,,37.071700,61.640100,0.00,DrkN,,,
LDN1362,,36.940500,61.223800,0.00,DrkN,,,
LDN1363,,36.938400,61.057100,0.00,DrkN,,,
LDN1364,,37.448300,61.555700,0.00,DrkN,,,
LDN1365,,37.187100,60.806400,0.00,DrkN,,,
LDN1366,,38.205800,61.720100,0.00,DrkN,,,
LDN1367,,37.948600,61.304200,0.00,DrkN,,,
LDN1368,,38.201400,61.386800,0.00,DrkN,,,
LDN1369,,38.453200,61.386100,0.00,DrkN,,,
LDN1370,,37.938200,60.470900,0.00,DrkN,,,
LDN1371,,38.696400,60.718600,0.00,DrkN,,,
LDN1372,,39.460100,61.383000,0.00,DrkN,,,
LDN1373,,39.457900,61.216400,0.00,DrkN,,,
LDN1374,,38.669100,58.385400,0.00,DrkN,,,
LDN1375,,41.215300,60.877600,0.00,DrkN,,,
LDN1376,,40.959200,60.545000,0.00,DrkN,,,
LDN1377,,48.764200,61.018600,0.00,DrkN,,,
LDN1378,,48.728700,60.335400,0.00,DrkN,,,
LDN1379,,48.879800,60.351500,0.00,DrkN,,,
LDN1380,,48.927200,60.151400,0.00,DrkN,,,
LDN1381,,49.129300,60.217300,0.00,DrkN,,,
LDN1382,,49.252700,60.066800,0.00,DrkN,,,
LDN1383,,49.504600,60.099200,0.00,DrkN,,,
LDN1384,,50.006100,60.014100,0.00,DrkN,,,
LDN1385,,50.254500,59.813100,0.00,DrkN,,,
LDN1386,,50.554200,59.678700,0.00,DrkN,,,
LDN1387,,59.117800,56.061600,0.00,DrkN,,,
LDN1388,,60.759000,56.804700,0.00,DrkN,,,
LDN1389,,61.136800,56.903200,0.00,DrkN,,,
LDN1390,,62.241600,55.131700,0.00,DrkN,,,
LDN1391,,59.458000,53.143400,0.00,DrkN,,,
LDN1392,,63.495600,55.126400,0.00,DrkN,,,
LDN1393,,63.240500,54.794100,0.00,DrkN,,,
LDN1394,,64.250200,55.289800,0.00,DrkN,,,
LDN1395,,63.482700,54.126400,0.00,DrkN,,,
LDN1396,,65.250900,55.118700,0.00,DrkN,,,
LDN1397,,65.247600,54.868700,0.00,DrkN,,,
LDN1398,,64.740700,54.454300,0.00,DrkN,,,
LDN1399,,66.003100,55.115400,0.00,DrkN,,,
LDN1400,,66.251600,54.947600,0.00,DrkN,,,
LDN1401,,67.007300,55.211000,0.00,DrkN,,,
LDN1402,,65.996500,54.615400,0.00,DrkN,,,
LDN1403,,67.132400,55.193700,0.00,DrkN,,,
LDN1404,,67.509600,55.275400,0.00,DrkN,,,
LDN1405,,68.512200,55.270900,0.00,DrkN,,,
LDN1406,,69.516600,55.399700,0.00,DrkN,,,
LDN1407,,67.496100,54.275400,0.00,DrkN,,,
LDN1408,,68.000700,54.523200,0.00,DrkN,,,
LDN1409,,69.008900,54.935300,0.00,DrkN,,,
LDN1410,,69.007800,54.852000,0.00,DrkN,,,
LDN1411,,69.002100,54.435300,0.00,DrkN,,,
LDN1412,,69.252700,54.434200,0.00,DrkN,,,
LDN1414,,68.487900,53.437600,0.00,DrkN,,,
LDN1415,,70.505700,54.428500,0.00,DrkN,,,
LDN1416,,70.000100,54.097500,0.00,DrkN,,,
LDN1417,,70.248500,53.929700,0.00,DrkN,,,
LDN1418,,68.477600,52.604300,0.00,DrkN,,,
LDN1419,,72.765200,54.751500,0.00,DrkN,,,
LDN1420,,68.222900,52.272100,0.00,DrkN,,,
LDN1421,,68.219900,52.022100,0.00,DrkN,,,
LDN1422,,72.255000,54.087100,0.00,DrkN,,,
LDN1423,,71.243100,53.341800,0.00,DrkN,,,
LDN1424,,71.242000,53.258400,0.00,DrkN,,,
LDN1425,,71.490400,53.090600,0.00,DrkN,,,
LDN1426,,71.740900,53.089500,0.00,DrkN,,,
LDN1427,,70.984100,52.676300,0.00,DrkN,,,
LDN1428,,70.983100,52.592900,0.00,DrkN,,,
LDN1429,,71.979000,52.088400,0.00,DrkN,,,
LDN1430,,72.230100,52.137200,0.00,DrkN,,,
LDN1431,,71.978000,52.005000,0.00,DrkN,,,
LDN1432,,72.980900,52.083700,0.00,DrkN,,,
LDN1433,,72.728400,51.918200,0.00,DrkN,,,
LDN1434,,54.063200,37.665000,0.00,DrkN,,,
LDN1435,,72.724400,51.584900,0.00,DrkN,,,
LDN1436,,73.477700,51.748100,0.00,DrkN,,,
LDN1437,,74.834100,52.075100,0.00,DrkN,,,
LDN1438,,73.976600,51.579100,0.00,DrkN,,,
LDN1439,,75.234800,52.073200,0.00,DrkN,,,
LDN1440,,59.476100,41.476500,0.00,DrkN,,,
LDN1441,,60.027900,41.557500,0.00,DrkN,,,
LDN1442,,57.579400,38.984300,0.00,DrkN,,,
LDN1443,,60.097500,40.807200,0.00,DrkN,,,
LDN1444,,68.416200,46.937800,0.00,DrkN,,,
LDN1445,,68.037300,46.606100,0.00,DrkN,,,
LDN1446,,56.565300,37.155000,0.00,DrkN,,,
LDN1447,,60.849100,40.804000,0.00,DrkN,,,
LDN1448,,51.518700,30.674700,0.00,DrkN,,,
LDN1449,,58.322100,37.647900,0.00,DrkN,,,
LDN1450,,52.398800,31.338000,0.00,DrkN,,,
LDN1451,,51.516200,30.174700,0.00,DrkN,,,
LDN1452,,52.019600,30.672800,0.00,DrkN,,,
LDN1453,,44.011300,20.284700,0.00,DrkN,,,
LDN1454,,44.211200,20.200700,0.00,DrkN,,,
LDN1455,,52.017100,30.172800,0.00,DrkN,,,
LDN1456,,58.819800,37.145800,0.00,DrkN,,,
LDN1457,,43.958400,19.534900,0.00,DrkN,,,
LDN1458,,44.461500,20.199900,0.00,DrkN,,,
LDN1459,,62.093100,39.632100,0.00,DrkN,,,
LDN1460,,86.000200,52.355200,0.00,DrkN,,,
LDN1461,,70.476100,44.928400,0.00,DrkN,,,
LDN1462,,60.071000,36.973900,0.00,DrkN,,,
LDN1463,,60.320900,36.889500,0.00,DrkN,,,
LDN1464,,60.169200,36.673500,0.00,DrkN,,,
LDN1465,,73.165400,45.999400,0.00,DrkN,,,
LDN1466,,86.998400,52.183700,0.00,DrkN,,,
LDN1467,,87.248500,52.182400,0.00,DrkN,,,
LDN1468,,55.028800,31.411100,0.00,DrkN,,,
LDN1469,,60.770100,36.637700,0.00,DrkN,,,
LDN1470,,55.782400,31.824800,0.00,DrkN,,,
LDN1471,,56.990500,32.903200,0.00,DrkN,,,
LDN1472,,55.277900,31.160100,0.00,DrkN,,,
LDN1473,,62.833800,38.128900,0.00,DrkN,,,
LDN1474,,72.146200,44.087400,0.00,DrkN,,,
LDN1475,,75.910400,45.069900,0.00,DrkN,,,
LDN1476,,75.905700,44.569900,0.00,DrkN,,,
LDN1477,,75.901100,44.069900,0.00,DrkN,,,
LDN1478,,65.831700,37.115800,0.00,DrkN,,,
LDN1479,,69.605500,39.598900,0.00,DrkN,,,
LDN1480,,76.397100,43.567600,0.00,DrkN,,,
LDN1481,,69.845800,38.264500,0.00,DrkN,,,
LDN1482,,67.073300,35.610300,0.00,DrkN,,,
LDN1483,,68.831300,36.435700,0.00,DrkN,,,
LDN1484,,60.775100,29.137500,0.00,DrkN,,,
LDN1485,,69.326800,35.683500,0.00,DrkN,,,
LDN1486,,62.026800,29.132200,0.00,DrkN,,,
LDN1487,,69.822300,34.931200,0.00,DrkN,,,
LDN1488,,73.338600,36.698400,0.00,DrkN,,,
LDN1489,,61.186200,26.469100,0.00,DrkN,,,
LDN1490,,73.005900,35.666600,0.00,DrkN,,,
LDN1491,,61.160200,26.285900,0.00,DrkN,,,
LDN1492,,72.326200,35.086400,0.00,DrkN,,,
LDN1493,,73.581500,35.663900,0.00,DrkN,,,
LDN1494,,73.553300,35.214100,0.00,DrkN,,,
LDN1495,,64.521300,27.621400,0.00,DrkN,,,
LDN1496,,70.804800,32.093400,0.00,DrkN,,,
LDN1497,,66.779400,28.611500,0.00,DrkN,,,
LDN1498,,62.755100,24.962400,0.00,DrkN,,,
LDN1499,,62.629100,24.796300,0.00,DrkN,,,
LDN1500,,68.285800,29.438100,0.00,DrkN,,,
LDN1501,,63.757000,25.124700,0.00,DrkN,,,
LDN1502,,75.822500,34.070100,0.00,DrkN,,,
LDN1503,,70.090600,29.929900,0.00,DrkN,,,
LDN1504,,70.290800,29.929000,0.00,DrkN,,,
LDN1505,,72.049600,31.087600,0.00,DrkN,,,
LDN1506,,65.009100,25.285900,0.00,DrkN,,,
LDN1507,,70.790200,29.760100,0.00,DrkN,,,
LDN1508,,70.285800,29.095700,0.00,DrkN,,,
LDN1509,,83.550900,37.283300,0.00,DrkN,,,
LDN1510,,79.080100,34.804700,0.00,DrkN,,,
LDN1511,,65.006400,24.785900,0.00,DrkN,,,
LDN1512,,75.939000,32.786200,0.00,DrkN,,,
LDN1513,,73.048900,30.833000,0.00,DrkN,,,
LDN1514,,70.661100,29.094000,0.00,DrkN,,,
LDN1515,,73.299700,30.915200,0.00,DrkN,,,
LDN1516,,80.832900,35.046300,0.00,DrkN,,,
LDN1517,,73.798000,30.579500,0.00,DrkN,,,
LDN1518,,84.849500,37.027000,0.00,DrkN,,,
LDN1519,,73.923100,30.578900,0.00,DrkN,,,
LDN1520,,71.032500,28.425600,0.00,DrkN,,,
LDN1521,,68.266700,26.104800,0.00,DrkN,,,
LDN1522,,76.809900,32.065400,0.00,DrkN,,,
LDN1523,,76.557500,31.733300,0.00,DrkN,,,
LDN1524,,67.007300,24.610400,0.00,DrkN,,,
LDN1525,,85.494400,36.323900,0.00,DrkN,,,
LDN1526,,82.154900,34.523300,0.00,DrkN,,,
LDN1527,,69.768900,26.264700,0.00,DrkN,,,
LDN1528,,69.265700,25.767000,0.00,DrkN,,,
LDN1529,,68.007300,24.439300,0.00,DrkN,,,
LDN1530,,80.819000,33.046400,0.00,DrkN,,,
LDN1531,,68.006700,24.322600,0.00,DrkN,,,
LDN1532,,70.016300,25.763500,0.00,DrkN,,,
LDN1533,,69.060800,24.917900,0.00,DrkN,,,
LDN1534,,70.015300,25.596900,0.00,DrkN,,,
LDN1535,,68.880100,23.902000,0.00,DrkN,,,
LDN1536,,68.250300,23.104800,0.00,DrkN,,,
LDN1537,,72.772200,26.417600,0.00,DrkN,,,
LDN1538,,71.513700,25.090000,0.00,DrkN,,,
LDN1539,,74.024000,26.578400,0.00,DrkN,,,
LDN1540,,75.272400,26.155900,0.00,DrkN,,,
LDN1541,,71.000500,22.759000,0.00,DrkN,,,
LDN1542,,75.269000,25.572600,0.00,DrkN,,,
LDN1543,,66.852500,18.861100,0.00,DrkN,,,
LDN1544,,76.017500,25.235700,0.00,DrkN,,,
LDN1545,,78.827700,26.722500,0.00,DrkN,,,
LDN1546,,67.225700,18.442700,0.00,DrkN,,,
LDN1547,,79.025800,26.388200,0.00,DrkN,,,
LDN1548,,79.024800,26.221500,0.00,DrkN,,,
LDN1549,,79.275000,26.220300,0.00,DrkN,,,
LDN1550,,90.065700,32.168300,0.00,DrkN,,,
LDN1551,,67.849400,18.106600,0.00,DrkN,,,
LDN1552,,79.424000,26.052900,0.00,DrkN,,,
LDN1553,,79.775200,26.217900,0.00,DrkN,,,
LDN1554,,80.000300,26.216900,0.00,DrkN,,,
LDN1555,,90.313400,31.833800,0.00,DrkN,,,
LDN1556,,69.344500,16.933200,0.00,DrkN,,,
LDN1557,,91.551200,29.994400,0.00,DrkN,,,
LDN1558,,71.471300,17.090100,0.00,DrkN,,,
LDN1559,,81.507500,23.042900,0.00,DrkN,,,
LDN1560,,93.288400,27.985900,0.00,DrkN,,,
LDN1561,,72.698100,12.284400,0.00,DrkN,,,
LDN1562,,75.457800,14.071600,0.00,DrkN,,,
LDN1563,,75.456600,13.821600,0.00,DrkN,,,
LDN1564,,94.509800,23.230000,0.00,DrkN,,,
LDN1565,,95.260200,23.309700,0.00,DrkN,,,
LDN1566,,95.259200,23.143000,0.00,DrkN,,,
LDN1567,,95.635100,23.307800,0.00,DrkN,,,
LDN1568,,95.758100,22.973900,0.00,DrkN,,,
LDN1569,,60.268000,0.639400,0.00,DrkN,,,
LDN1570,,91.738200,19.326700,0.00,DrkN,,,
LDN1571,,77.691100,10.561000,0.00,DrkN,,,
LDN1572,,77.691100,10.561000,0.00,DrkN,,,
LDN1573,,82.706900,13.537000,0.00,DrkN,,,
LDN1574,,91.933700,18.492400,0.00,DrkN,,,
LDN1576,,92.081900,18.158300,0.00,DrkN,,,
LDN1577,,82.451800,12.538300,0.00,DrkN,,,
LDN1578,,92.106000,17.991500,0.00,DrkN,,,
LDN1579,,84.958500,13.776200,0.00,DrkN,,,
LDN1580,,83.453600,12.866800,0.00,DrkN,,,
LDN1581,,82.350100,12.205400,0.00,DrkN,,,
LDN1582,,82.951900,12.535900,0.00,DrkN,,,
LDN1583,,82.199300,12.039500,0.00,DrkN,,,
LDN1584,,82.900600,12.286100,0.00,DrkN,,,
LDN1585,,85.206400,13.358300,0.00,DrkN,,,
LDN1586,,91.470400,15.994600,0.00,DrkN,,,
LDN1587,,91.970300,15.992200,0.00,DrkN,,,
LDN1588,,80.180800,8.382400,0.00,DrkN,,,
LDN1589,,79.575900,7.385300,0.00,DrkN,,,
LDN1590,,80.176000,7.382500,0.00,DrkN,,,
LDN1591,,92.458200,13.656400,0.00,DrkN,,,
LDN1594,,86.184600,9.020200,0.00,DrkN,,,
LDN1595,,81.922100,6.540700,0.00,DrkN,,,
LDN1596,,86.434600,9.019000,0.00,DrkN,,,
LDN1597,,87.558000,8.680200,0.00,DrkN,,,
LDN1598,,88.106300,8.344200,0.00,DrkN,,,
LDN1599,,87.427200,7.514100,0.00,DrkN,,,
LDN1600,,97.704200,12.964400,0.00,DrkN,,,
LDN1601,,97.451300,12.382300,0.00,DrkN,,,
LDN1602,,86.169800,6.020200,0.00,DrkN,,,
LDN1604,,97.197600,11.633500,0.00,DrkN,,,
LDN1605,,98.192400,10.628700,0.00,DrkN,,,
LDN1606,,97.440400,10.215600,0.00,DrkN,,,
LDN1607,,97.690800,10.297700,0.00,DrkN,,,
LDN1608,,99.193100,10.790500,0.00,DrkN,,,
LDN1609,,99.066500,10.457800,0.00,DrkN,,,
LDN1610,,99.491400,10.455800,0.00,DrkN,,,
LDN1611,,90.164900,5.000800,0.00,DrkN,,,
LDN1612,,90.663300,4.665100,0.00,DrkN,,,
LDN1613,,100.186400,9.452400,0.00,DrkN,,,
LDN1614,,83.887400,-0.635500,0.00,DrkN,,,
LDN1615,,76.374200,-3.432900,0.00,DrkN,,,
LDN1616,,76.624200,-3.434100,0.00,DrkN,,,
LDN1617,,88.655200,3.008100,0.00,DrkN,,,
LDN1618,,91.411700,4.328100,0.00,DrkN,,,
LDN1619,,91.160800,4.162600,0.00,DrkN,,,
LDN1620,,84.139800,-0.136700,0.00,DrkN,,,
LDN1621,,88.751900,2.341000,0.00,DrkN,,,
LDN1622,,88.650300,2.008100,0.00,DrkN,,,
LDN1623,,91.907600,3.492300,0.00,DrkN,,,
LDN1624,,89.400300,2.004500,0.00,DrkN,,,
LDN1625,,96.919600,5.968100,0.00,DrkN,,,
LDN1626,,101.178900,7.947700,0.00,DrkN,,,
LDN1627,,86.640600,0.017900,0.00,DrkN,,,
LDN1628,,93.155100,2.986300,0.00,DrkN,,,
LDN1629,,92.402700,2.489900,0.00,DrkN,,,
LDN1630,,86.385800,-0.980900,0.00,DrkN,,,
LDN1631,,101.046200,6.364900,0.00,DrkN,,,
LDN1632,,89.893000,0.502100,0.00,DrkN,,,
LDN1633,,96.157400,3.471700,0.00,DrkN,,,
LDN1634,,79.612800,-5.781700,0.00,DrkN,,,
LDN1635,,85.275300,-3.142200,0.00,DrkN,,,
LDN1636,,85.350200,-3.159200,0.00,DrkN,,,
LDN1637,,100.909600,3.948900,0.00,DrkN,,,
LDN1638,,89.378400,-2.495400,0.00,DrkN,,,
LDN1639,,102.911800,4.439400,0.00,DrkN,,,
LDN1640,,83.362400,-5.799700,0.00,DrkN,,,
LDN1641,,84.356600,-6.971100,0.00,DrkN,,,
LDN1642,,68.824600,-14.231400,0.00,DrkN,,,
LDN1643,,91.617800,-4.673000,0.00,DrkN,,,
LDN1644,,91.913800,-5.507800,0.00,DrkN,,,
LDN1645,,91.737900,-5.673600,0.00,DrkN,,,
LDN1646,,91.861300,-6.007500,0.00,DrkN,,,
LDN1647,,85.591700,-9.977200,0.00,DrkN,,,
LDN1648,,88.095700,-9.156000,0.00,DrkN,,,
LDN1649,,104.522100,-3.951700,0.00,DrkN,,,
LDN1650,,104.867600,-4.903300,0.00,DrkN,,,
LDN1651,,95.592500,-9.859000,0.00,DrkN,,,
LDN1652,,96.591700,-10.030500,0.00,DrkN,,,
LDN1653,,104.453100,-7.934700,0.00,DrkN,,,
LDN1654,,104.854100,-7.736600,0.00,DrkN,,,
LDN1655,,104.151600,-8.233300,0.00,DrkN,,,
LDN1656,,104.125800,-8.399900,0.00,DrkN,,,
LDN1657,,106.091500,-10.409100,0.00,DrkN,,,
LDN1658,,108.589000,-11.087400,0.00,DrkN,,,
LDN1659,,109.402300,-23.341300,0.00,DrkN,,,
LDN1660,,110.024600,-23.927500,0.00,DrkN,,,
LDN1661,,110.524000,-24.096400,0.00,DrkN,,,
LDN1662,,112.027900,-23.603200,0.00,DrkN,,,
LDN1663,,113.031300,-23.107700,0.00,DrkN,,,
LDN1664,,111.021700,-24.598700,0.00,DrkN,,,
LDN1665,,113.779300,-23.611100,0.00,DrkN,,,
LDN1666,,114.026800,-24.112200,0.00,DrkN,,,
LDN1667,,111.265400,-25.766500,0.00,DrkN,,,
LDN1668,,114.247800,-24.896500,0.00,DrkN,,,
LDN1669,,119.002100,-29.633900,0.00,DrkN,,,
LDN1670,,121.118700,-31.642900,0.00,DrkN,,,
LDN1671,,121.491400,-32.144400,0.00,DrkN,,,
LDN1672,,245.275100,-28.118200,0.00,DrkN,,,
LDN1673,,247.535200,-29.441500,0.00,DrkN,,,
LDN1674,,247.456300,-28.775200,0.00,DrkN,,,
LDN1675,,244.513300,-26.121500,0.00,DrkN,,,
LDN1676,,245.264000,-26.118200,0.00,DrkN,,,
LDN1677,,253.307300,-32.081900,0.00,DrkN,,,
LDN1678,,244.004700,-24.623700,0.00,DrkN,,,
LDN1679,,255.689800,-32.904100,0.00,DrkN,,,
LDN1680,,245.253300,-24.118200,0.00,DrkN,,,
LDN1681,,246.758200,-24.778200,0.00,DrkN,,,
LDN1682,,257.060500,-32.097600,0.00,DrkN,,,
LDN1683,,247.260400,-25.109300,0.00,DrkN,,,
LDN1684,,247.762700,-25.440400,0.00,DrkN,,,
LDN1685,,257.311000,-32.146400,0.00,DrkN,,,
LDN1686,,246.455500,-24.329600,0.00,DrkN,,,
LDN1687,,245.751100,-23.616000,0.00,DrkN,,,
LDN1688,,246.504400,-24.112700,0.00,DrkN,,,
LDN1689,,248.011000,-25.089300,0.00,DrkN,,,
LDN1690,,246.704200,-24.045100,0.00,DrkN,,,
LDN1691,,258.814700,-32.556000,0.00,DrkN,,,
LDN1692,,246.628600,-23.945500,0.00,DrkN,,,
LDN1693,,258.312200,-32.225000,0.00,DrkN,,,
LDN1694,,257.558400,-31.728600,0.00,DrkN,,,
LDN1695,,255.799700,-30.570200,0.00,DrkN,,,
LDN1696,,247.206200,-24.326200,0.00,DrkN,,,
LDN1697,,258.311600,-32.141700,0.00,DrkN,,,
LDN1698,,258.812500,-32.222600,0.00,DrkN,,,
LDN1699,,258.887300,-32.188900,0.00,DrkN,,,
LDN1700,,258.057600,-31.559500,0.00,DrkN,,,
LDN1701,,259.061900,-32.104800,0.00,DrkN,,,
LDN1702,,259.059900,-31.804800,0.00,DrkN,,,
LDN1703,,259.687200,-32.101800,0.00,DrkN,,,
LDN1704,,247.703600,-23.774000,0.00,DrkN,,,
LDN1705,,260.062600,-32.133300,0.00,DrkN,,,
LDN1706,,258.053300,-30.892900,0.00,DrkN,,,
LDN1707,,258.304000,-30.975000,0.00,DrkN,,,
LDN1708,,257.549800,-30.395300,0.00,DrkN,,,
LDN1709,,248.254100,-23.771500,0.00,DrkN,,,
LDN1710,,260.186500,-31.949400,0.00,DrkN,,,
LDN1711,,257.798900,-30.227400,0.00,DrkN,,,
LDN1712,,249.508700,-24.432500,0.00,DrkN,,,
LDN1713,,257.798700,-30.194100,0.00,DrkN,,,
LDN1714,,258.049600,-30.309600,0.00,DrkN,,,
LDN1715,,258.049000,-30.226200,0.00,DrkN,,,
LDN1716,,257.545600,-29.728600,0.00,DrkN,,,
LDN1717,,244.732400,-20.120500,0.00,DrkN,,,
LDN1718,,258.799600,-30.239300,0.00,DrkN,,,
LDN1719,,244.982600,-20.119400,0.00,DrkN,,,
LDN1720,,259.049600,-30.221500,0.00,DrkN,,,
LDN1721,,243.976900,-19.123700,0.00,DrkN,,,
LDN1722,,259.048500,-30.054800,0.00,DrkN,,,
LDN1723,,262.814500,-32.203500,0.00,DrkN,,,
LDN1724,,262.939600,-32.219500,0.00,DrkN,,,
LDN1725,,259.801100,-30.384600,0.00,DrkN,,,
LDN1726,,258.042700,-29.226200,0.00,DrkN,,,
LDN1727,,258.042700,-29.226200,0.00,DrkN,,,
LDN1728,,257.791400,-29.027400,0.00,DrkN,,,
LDN1729,,250.757800,-24.093500,0.00,DrkN,,,
LDN1730,,263.314600,-32.201100,0.00,DrkN,,,
LDN1731,,256.534700,-28.066700,0.00,DrkN,,,
LDN1732,,262.309800,-31.539200,0.00,DrkN,,,
LDN1733,,258.116400,-29.009200,0.00,DrkN,,,
LDN1734,,263.112300,-31.868700,0.00,DrkN,,,
LDN1735,,263.036300,-31.719100,0.00,DrkN,,,
LDN1736,,257.537300,-28.395300,0.00,DrkN,,,
LDN1737,,257.788000,-28.477400,0.00,DrkN,,,
LDN1738,,263.236400,-31.718100,0.00,DrkN,,,
LDN1739,,248.745100,-22.019300,0.00,DrkN,,,
LDN1740,,249.046400,-22.217900,0.00,DrkN,,,
LDN1741,,260.549300,-30.047600,0.00,DrkN,,,
LDN1742,,258.037600,-28.392900,0.00,DrkN,,,
LDN1743,,258.035500,-28.059600,0.00,DrkN,,,
LDN1744,,249.997300,-22.263600,0.00,DrkN,,,
LDN1745,,252.257900,-23.919900,0.00,DrkN,,,
LDN1746,,257.781400,-27.394100,0.00,DrkN,,,
LDN1747,,252.757700,-23.834300,0.00,DrkN,,,
LDN1748,,252.255100,-23.419900,0.00,DrkN,,,
LDN1749,,260.793100,-29.046500,0.00,DrkN,,,
LDN1750,,253.008400,-23.916500,0.00,DrkN,,,
LDN1751,,262.800200,-30.036800,0.00,DrkN,,,
LDN1752,,247.481900,-19.608300,0.00,DrkN,,,
LDN1753,,268.571500,-33.008900,0.00,DrkN,,,
LDN1754,,263.050300,-30.035600,0.00,DrkN,,,
LDN1755,,250.996200,-21.925700,0.00,DrkN,,,
LDN1756,,259.032000,-27.388200,0.00,DrkN,,,
LDN1757,,247.982200,-19.606000,0.00,DrkN,,,
LDN1758,,268.819200,-32.674400,0.00,DrkN,,,
LDN1759,,253.028800,-23.083000,0.00,DrkN,,,
LDN1760,,270.071600,-33.001700,0.00,DrkN,,,
LDN1761,,254.007100,-23.578500,0.00,DrkN,,,
LDN1762,,270.572700,-33.165900,0.00,DrkN,,,
LDN1763,,254.006200,-23.411800,0.00,DrkN,,,
LDN1764,,262.040500,-28.540500,0.00,DrkN,,,
LDN1765,,251.242800,-21.257900,0.00,DrkN,,,
LDN1766,,269.567000,-32.337400,0.00,DrkN,,,
LDN1767,,259.653500,-26.751900,0.00,DrkN,,,
LDN1768,,260.029400,-26.866700,0.00,DrkN,,,
LDN1769,,265.551000,-30.023500,0.00,DrkN,,,
LDN1770,,248.227300,-18.604900,0.00,DrkN,,,
LDN1771,,271.069300,-32.663500,0.00,DrkN,,,
LDN1772,,259.952900,-26.633800,0.00,DrkN,,,
LDN1773,,260.279100,-26.798900,0.00,DrkN,,,
LDN1774,,260.655500,-27.013700,0.00,DrkN,,,
LDN1775,,254.253100,-22.827300,0.00,DrkN,,,
LDN1776,,263.290900,-28.534400,0.00,DrkN,,,
LDN1777,,254.252700,-22.744000,0.00,DrkN,,,
LDN1778,,234.968900,-7.161100,0.00,DrkN,,,
LDN1779,,254.753900,-22.908300,0.00,DrkN,,,
LDN1780,,235.169000,-7.160300,0.00,DrkN,,,
LDN1781,,246.969100,-17.110500,0.00,DrkN,,,
LDN1782,,250.484600,-19.761400,0.00,DrkN,,,
LDN1783,,269.561400,-31.504100,0.00,DrkN,,,
LDN1784,,254.954000,-22.907400,0.00,DrkN,,,
LDN1785,,255.004000,-22.907100,0.00,DrkN,,,
LDN1786,,271.667300,-32.377200,0.00,DrkN,,,
LDN1787,,255.003100,-22.740500,0.00,DrkN,,,
LDN1788,,268.305800,-30.676900,0.00,DrkN,,,
LDN1789,,272.068000,-32.491900,0.00,DrkN,,,
LDN1790,,257.764700,-24.560800,0.00,DrkN,,,
LDN1791,,254.902200,-22.591000,0.00,DrkN,,,
LDN1793,,261.403000,-26.543500,0.00,DrkN,,,
LDN1794,,261.603700,-26.642500,0.00,DrkN,,,
LDN1795,,268.679700,-30.508400,0.00,DrkN,,,
LDN1796,,250.481100,-19.094700,0.00,DrkN,,,
LDN1797,,255.502400,-22.571500,0.00,DrkN,,,
LDN1798,,271.061400,-31.496800,0.00,DrkN,,,
LDN1799,,251.734800,-19.672300,0.00,DrkN,,,
LDN1800,,255.375500,-22.238700,0.00,DrkN,,,
LDN1801,,267.548100,-29.513900,0.00,DrkN,,,
LDN1802,,255.575500,-22.221100,0.00,DrkN,,,
B1,,53.239200,31.159200,30.00,DrkN,,,
B2,,53.380300,32.324600,20.00,DrkN,,,
B3,,55.008000,31.975500,20.00,DrkN,,,
B4,,56.010000,31.798900,0.00,DrkN,,,
B5,,56.971100,32.889400,60.00,DrkN,,,
B6,,59.097500,56.120300,0.00,DrkN,,,
B7,,64.354000,28.561800,0.00,DrkN,,,
B8,,64.462000,55.247000,0.00,DrkN,,,
B9,,64.737200,55.060600,0.00,DrkN,,,
B10,,64.671800,28.275000,8.00,DrkN,,,
B11,,66.655300,55.039700,0.00,DrkN,,,
B12,,67.447500,54.247500,24.00,DrkN,,,
B13,,67.825500,54.893400,11.00,DrkN,,,
B14,,69.995900,25.749000,3.00,DrkN,,,
B15,,67.983200,46.623700,13.00,DrkN,,,
B16,,68.108400,46.605600,0.00,DrkN,,,
B17,,68.127400,46.522100,0.00,DrkN,,,
B18,,67.805400,24.356900,60.00,DrkN,,,
B19,,68.416200,26.266800,60.00,DrkN,,,
B20,,69.268800,50.976600,60.00,DrkN,,,
B21,,69.490200,55.358200,10.00,DrkN,,,
B22,,69.666100,26.052800,120.00,DrkN,,,
B23,,70.139300,29.881000,5.00,DrkN,,,
B24,,70.722000,29.741100,8.00,DrkN,,,
B25,,73.016900,46.016500,8.00,DrkN,,,
B26,,73.659100,30.624100,5.00,DrkN,,,
B27,,73.783300,30.556000,5.00,DrkN,,,
B28,,73.968400,30.637200,4.00,DrkN,,,
B29,,76.597300,31.589900,10.00,DrkN,,,
B30,,82.568700,12.767300,67.00,DrkN,,,
B31,,83.006300,12.762000,30.00,DrkN,,,
B32,,83.035500,12.428300,0.00,DrkN,,,
B33,,85.220500,-2.465800,4.00,DrkN,,,
B34,,85.877700,32.645700,20.00,DrkN,,,
B35,,86.377700,9.054400,15.00,DrkN,,,
B36,,87.441000,7.424700,120.00,DrkN,,,
B37,,98.229000,10.477400,175.00,DrkN,,,
B38,,98.423900,11.075100,60.00,DrkN,,,
B39,,99.510100,10.328700,0.00,DrkN,,,
B40,,243.661700,-18.968700,15.00,DrkN,,,
B41,,245.573500,-19.631300,45.00,DrkN,,,
B42,,246.373500,-23.439400,0.00,DrkN,,,
B43,,247.579000,-19.775700,0.00,DrkN,,,
B44,,250.140100,-24.080600,0.00,DrkN,,,
B44a,,251.187800,-40.336800,5.00,DrkN,,,
B45,,251.609400,-21.597000,120.00,DrkN,,,
B46,,254.304000,-22.732600,0.00,DrkN,,,
B47,,254.928700,-22.642000,15.00,DrkN,,,
B48,,255.425300,-40.688000,40.00,DrkN,,,
B49,,255.664800,-33.267700,0.00,DrkN,,,
B50,,255.725500,-34.383700,15.00,DrkN,,,
B51,,256.183600,-22.260600,20.00,DrkN,,,
B53,,256.547100,-33.590700,60.00,DrkN,,,
B54,,256.642000,-34.256300,5.00,DrkN,,,
B55,,256.888100,-32.003200,16.00,DrkN,,,
B56,,257.202800,-32.099500,3.00,DrkN,,,
B57,,257.092700,-22.833300,5.00,DrkN,,,
B58,,257.801100,-40.410000,30.00,DrkN,,,
B59,,257.848400,-27.491400,60.00,DrkN,,,
B60,,257.963300,-22.439700,13.00,DrkN,,,
B61,,258.749900,-20.480200,0.00,DrkN,,,
B62,,259.051400,-20.876600,19.00,DrkN,,,
B63,,259.118000,-21.475900,60.00,DrkN,,,
B64,,259.328000,-18.489800,0.00,DrkN,,,
B65,,259.901900,-26.700300,12.00,DrkN,,,
B66,,259.988300,-26.899300,8.00,DrkN,,,
B67,,260.238100,-26.863000,0.00,DrkN,,,
B67a,,260.625300,-21.891300,13.00,DrkN,,,
B68,,260.652000,-23.791100,4.00,DrkN,,,
B69,,260.733100,-23.923500,0.00,DrkN,,,
B70,,260.884900,-24.038400,4.00,DrkN,,,
B71,,260.759300,-24.006500,1.00,DrkN,,,
B72,,260.899800,-23.621500,0.00,DrkN,,,
B73,,261.034500,-24.286600,1.00,DrkN,,,
B74,,261.283500,-24.200300,0.00,DrkN,,,
B75,,261.323700,-22.032900,0.00,DrkN,,,
B76,,261.411700,-24.415400,0.00,DrkN,,,
B77,,262.154400,-23.856500,60.00,DrkN,,,
B78,,263.180600,-25.594300,180.00,DrkN,,,
B79,,264.346800,-19.613100,30.00,DrkN,,,
B80,,264.428100,-21.278900,2.00,DrkN,,,
B81,,264.636500,-23.926600,0.00,DrkN,,,
B82,,264.655200,-23.776400,0.00,DrkN,,,
B83,,264.744400,-24.175300,7.00,DrkN,,,
B83a,,266.328200,-20.005800,4.00,DrkN,,,
B84,,266.606700,-20.252500,0.00,DrkN,,,
B84a,,269.405800,-17.668300,16.00,DrkN,,,
B85,,270.605000,-23.020800,0.00,DrkN,,,
B86,,270.756500,-27.869400,5.00,DrkN,,,
B87,,271.044400,-32.499700,0.00,DrkN,,,
B88,,271.145900,-24.114400,2.00,DrkN,,,
B89,,271.249500,-24.363100,0.50,DrkN,,,
B90,,272.558800,-28.280900,3.00,DrkN,,,
B91,,272.531500,-23.697500,5.00,DrkN,,,
B92,,273.896800,-18.230500,12.00,DrkN,,,
B93,,274.223600,-18.059800,2.00,DrkN,,,
B94,,276.473500,-10.665300,15.00,DrkN,,,
B95,,276.399600,-11.749600,30.00,DrkN,,,
B96,,276.602200,-10.297100,0.00,DrkN,,,
B97,,277.272400,-9.922300,60.00,DrkN,,,
B98,,278.318400,-26.061000,3.00,DrkN,,,
B99,,278.323200,-21.477200,7.00,DrkN,,,
B100,,278.171000,-9.144700,16.00,DrkN,,,
B101,,278.166800,-8.811400,8.00,DrkN,,,
B102,,279.424200,-13.746600,5.00,DrkN,,,
B103,,279.857000,-6.674200,4.00,DrkN,,,
B104,,281.830900,-4.533800,16.00,DrkN,,,
B105,,281.934600,-6.916100,0.50,DrkN,,,
B106,,282.208200,-5.079300,2.00,DrkN,,,
B107,,282.378200,-5.010600,5.00,DrkN,,,
B108,,282.393900,-6.310600,3.00,DrkN,,,
B109,,282.400600,-7.560600,0.70,DrkN,,,
B110,,282.533900,-4.792100,11.00,DrkN,,,
B111,,282.660900,-4.957300,120.00,DrkN,,,
B112,,282.785600,-6.672600,18.00,DrkN,,,
B113,,282.853200,-4.321600,16.00,DrkN,,,
B114,,283.297200,-6.949900,6.00,DrkN,,,
B115,,283.331300,-6.666100,6.00,DrkN,,,
B116,,283.387500,-7.182100,0.00,DrkN,,,
B117,,283.431900,-7.415000,1.00,DrkN,,,
B117a,,283.426100,-4.848200,7.00,DrkN,,,
B118,,283.482300,-7.447700,2.00,DrkN,,,
B119,,283.651600,-4.545500,0.00,DrkN,,,
B119a,,283.663400,-5.178700,30.00,DrkN,,,
B120,,283.723100,-4.594600,0.00,DrkN,,,
B121,,283.856500,-4.609700,0.00,DrkN,,,
B122,,284.204100,-4.755600,4.00,DrkN,,,
B123,,284.416100,-4.719800,1.50,DrkN,,,
B124,,284.424200,-4.353000,3.00,DrkN,,,
B125,,284.591300,-4.384400,9.00,DrkN,,,
B126,,284.759600,-4.532400,8.00,DrkN,,,
B127,,285.382800,-5.441800,4.50,DrkN,,,
B128,,285.418400,-4.574600,10.00,DrkN,,,
B129,,285.518700,-5.306800,5.00,DrkN,,,
B130,,285.484400,-5.573900,7.00,DrkN,,,
B131,,285.566000,-4.372900,3.00,DrkN,,,
B132,,286.116600,-4.433100,16.00,DrkN,,,
B133,,286.553900,-6.894800,0.00,DrkN,,,
B134,,286.721100,-6.242800,6.00,DrkN,,,
B135,,286.885400,-3.924100,13.00,DrkN,,,
B136,,287.207200,-4.003700,8.00,DrkN,,,
B137,,289.000900,-1.332700,0.00,DrkN,,,
B138,,289.099700,0.218600,180.00,DrkN,,,
B139,,289.501800,-1.410200,0.00,DrkN,,,
B140,,289.954600,5.228700,60.00,DrkN,,,
B141,,290.047200,1.896300,20.00,DrkN,,,
B142,,294.922200,10.518500,40.00,DrkN,,,
B143,,295.354500,11.006600,30.00,DrkN,,,
B144,,299.672300,35.338400,270.00,DrkN,,,
B145,,300.705500,37.682800,45.00,DrkN,,,
B146,,300.870900,36.017700,0.00,DrkN,,,
B147,,301.709800,35.376400,11.00,DrkN,,,
B148,,311.928800,59.628500,3.00,DrkN,,,
B149,,312.257500,59.531500,2.00,DrkN,,,
B150,,312.665300,60.301900,60.00,DrkN,,,
B151,,317.056800,56.322500,60.00,DrkN,,,
B152,,318.623100,61.736000,9.00,DrkN,,,
B153,,320.263500,56.448300,60.00,DrkN,,,
B154,,320.343800,56.615600,8.00,DrkN,,,
B155,,323.035300,44.968500,13.00,DrkN,,,
B156,,323.497400,45.588600,8.00,DrkN,,,
B157,,323.423100,54.671900,5.00,DrkN,,,
B158,,324.306500,43.411000,3.00,DrkN,,,
B159,,324.594900,43.229700,25.00,DrkN,,,
B160,,324.495500,56.229800,31.00,DrkN,,,
B161,,325.092300,57.817400,3.00,DrkN,,,
B162,,325.288400,56.318700,13.00,DrkN,,,
B163,,325.541900,56.703800,0.00,DrkN,,,
B164,,326.632800,51.094200,20.00,DrkN,,,
B165,,327.233800,60.215500,18.00,DrkN,,,
B166,,327.771600,60.085700,5.00,DrkN,,,
B167,,327.992500,60.070500,5.00,DrkN,,,
B168,,328.336100,47.271900,10.00,DrkN,,,
B169,,329.720300,58.764600,60.00,DrkN,,,
B170,,329.512200,58.963300,15.00,DrkN,,,
B171,,330.328300,58.868300,91.00,DrkN,,,
B173,,331.870600,59.677500,4.00,DrkN,,,
B174,,331.833100,59.077200,19.00,DrkN,,,
B175,,333.503700,69.937500,60.00,DrkN,,,
B201,,33.250300,57.089200,10.00,DrkN,,,
B202,,51.411400,30.276500,22.00,DrkN,,,
B203,,51.459500,30.776100,0.00,DrkN,,,
B204,,52.121800,30.186500,14.00,DrkN,,,
B205,,52.133500,31.103100,15.00,DrkN,,,
B206,,52.289100,30.184900,5.00,DrkN,,,
B207,,61.147600,26.345900,0.00,DrkN,,,
B208,,62.887200,25.160700,0.00,DrkN,,,
B209,,63.096900,28.325400,0.00,DrkN,,,
B210,,63.888600,25.066600,0.00,DrkN,,,
B211,,64.301700,27.812300,0.00,DrkN,,,
B212,,64.810900,25.306600,0.00,DrkN,,,
B213,,65.294100,27.051500,0.00,DrkN,,,
B214,,65.482200,28.549500,5.00,DrkN,,,
B215,,65.893400,25.044800,0.00,DrkN,,,
B216,,65.998500,26.627100,0.00,DrkN,,,
B217,,66.910500,26.116900,0.00,DrkN,,,
B218,,67.038000,26.282200,15.00,DrkN,,,
B219,,68.714700,29.597100,120.00,DrkN,,,
B220,,70.375100,25.994700,7.00,DrkN,,,
B221,,71.003500,31.738000,45.00,DrkN,,,
B222,,77.099300,32.167400,10.00,DrkN,,,
B223,,80.366800,8.326700,8.00,DrkN,,,
B224,,80.978600,10.619500,20.00,DrkN,,,
B225,,82.241400,11.604400,0.00,DrkN,,,
B226,,84.144200,33.700100,17.00,DrkN,,,
B227,,91.849400,19.655400,12.00,DrkN,,,
B228,,236.241300,-34.513500,240.00,DrkN,,,
B229,,244.420400,-27.311100,45.00,DrkN,,,
B230,,246.790800,-16.784300,60.00,DrkN,,,
B231,,249.601300,-35.421000,30.00,DrkN,,,
B232,,250.935300,-39.823000,10.00,DrkN,,,
B233,,251.189300,-35.403000,37.00,DrkN,,,
B234,,251.610700,-30.481000,18.00,DrkN,,,
B235,,251.776700,-44.480600,7.00,DrkN,,,
B236,,252.226800,-29.807200,0.00,DrkN,,,
B237,,252.229400,-29.973900,37.00,DrkN,,,
B238,,253.090800,-23.130100,13.00,DrkN,,,
B239,,253.750700,-31.123100,15.00,DrkN,,,
B240,,254.823600,-35.361000,20.00,DrkN,,,
B241,,254.863500,-30.193400,12.00,DrkN,,,
B242,,256.277200,-32.427100,19.00,DrkN,,,
B243,,257.442100,-29.579800,25.00,DrkN,,,
B244,,257.716200,-28.409800,25.00,DrkN,,,
B245,,257.982000,-29.406700,8.00,DrkN,,,
B246,,258.008000,-22.655800,15.00,DrkN,,,
B247,,258.279100,-30.253300,4.00,DrkN,,,
B248,,258.267600,-28.986600,10.00,DrkN,,,
B249,,258.270200,-29.153300,13.00,DrkN,,,
B250,,258.258600,-28.403300,15.00,DrkN,,,
B251,,258.453500,-20.150300,13.00,DrkN,,,
B252,,258.827300,-32.147000,20.00,DrkN,,,
B253,,258.882800,-22.562100,60.00,DrkN,,,
B254,,260.121700,-30.131400,40.00,DrkN,,,
B255,,260.146800,-23.463800,5.00,DrkN,,,
B256,,260.551700,-28.826100,50.00,DrkN,,,
B257,,260.694700,-35.625100,15.00,DrkN,,,
B258,,260.741200,-34.724400,40.00,DrkN,,,
B259,,260.506400,-19.292500,30.00,DrkN,,,
B260,,261.204000,-25.618000,10.00,DrkN,,,
B261,,261.266900,-23.033700,10.00,DrkN,,,
B262,,261.386100,-22.615600,30.00,DrkN,,,
B263,,261.735200,-42.780200,30.00,DrkN,,,
B264,,261.803300,-25.527500,10.00,DrkN,,,
B265,,261.902700,-25.192900,12.00,DrkN,,,
B266,,262.030000,-20.941100,30.00,DrkN,,,
B267,,262.132500,-25.223500,4.00,DrkN,,,
B268,,262.858100,-20.514400,75.00,DrkN,,,
B269,,263.056200,-22.762200,60.00,DrkN,,,
B270,,263.179200,-19.593800,11.00,DrkN,,,
B271,,263.570200,-34.257100,120.00,DrkN,,,
B272,,264.399800,-23.412700,45.00,DrkN,,,
B273,,264.622100,-33.344300,15.00,DrkN,,,
B274,,264.515100,-22.728000,18.00,DrkN,,,
B275,,264.746500,-32.326100,13.00,DrkN,,,
B276,,264.912500,-19.822900,45.00,DrkN,,,
B277,,265.187100,-23.069900,18.00,DrkN,,,
B278,,265.663800,-32.315000,15.00,DrkN,,,
B279,,266.138700,-22.558300,60.00,DrkN,,,
B280,,266.238000,-20.723600,60.00,DrkN,,,
B281,,266.697200,-23.718300,0.00,DrkN,,,
B282,,267.152100,-23.462800,18.00,DrkN,,,
B283,,267.817100,-33.872400,75.00,DrkN,,,
B284,,267.528800,-14.374100,25.00,DrkN,,,
B285,,267.884500,-12.869700,15.00,DrkN,,,
B286,,268.265400,-35.617100,15.00,DrkN,,,
B287,,268.612100,-35.196200,30.00,DrkN,,,
B288,,269.276700,-37.088400,2.00,DrkN,,,
B289,,269.153400,-29.022400,25.00,DrkN,,,
B290,,269.836400,-37.148300,3.00,DrkN,,,
B291,,269.931000,-33.896700,5.00,DrkN,,,
B292,,270.142200,-33.344100,60.00,DrkN,,,
B293,,270.302800,-35.342400,18.00,DrkN,,,
B294,,270.376300,-28.607500,3.00,DrkN,,,
B295,,271.022000,-31.166500,50.00,DrkN,,,
B296,,271.018700,-24.532600,4.00,DrkN,,,
B297,,271.087200,-18.747900,75.00,DrkN,,,
B298,,271.296100,-30.096400,4.00,DrkN,,,
B299,,271.585200,-27.292600,0.00,DrkN,,,
B300,,271.755500,-32.657800,0.00,DrkN,,,
B301,,272.211600,-18.701000,30.00,DrkN,,,
B302,,272.306300,-23.966900,30.00,DrkN,,,
B303,,272.369200,-23.999500,1.00,DrkN,,,
B304,,273.336800,-18.720600,0.00,DrkN,,,
B305,,273.657400,-31.801300,13.00,DrkN,,,
B306,,273.936000,-25.714000,4.00,DrkN,,,
B307,,274.659700,-17.954500,6.00,DrkN,,,
B308,,274.785200,-22.236700,6.00,DrkN,,,
B309,,275.785600,-24.024700,5.00,DrkN,,,
B310,,277.554800,-18.586200,2.00,DrkN,,,
B311,,277.613400,-17.668700,6.00,DrkN,,,
B312,,278.044100,-15.580100,75.00,DrkN,,,
B313,,278.986800,-15.685400,15.00,DrkN,,,
B314,,279.269500,-9.714900,35.00,DrkN,,,
B315,,280.577000,-20.033300,5.00,DrkN,,,
B316,,280.460500,-2.133300,6.00,DrkN,,,
B317,,281.441600,-14.205800,20.00,DrkN,,,
B318,,282.428200,-6.393500,60.00,DrkN,,,
B319,,282.991900,-1.269700,7.00,DrkN,,,
B320,,283.196500,-5.851000,15.00,DrkN,,,
B321,,283.508400,-11.297700,13.00,DrkN,,,
B322,,283.946400,-4.458700,2.00,DrkN,,,
B323,,284.392300,-3.420000,17.00,DrkN,,,
B324,,284.845600,-2.997900,30.00,DrkN,,,
B325,,284.974900,-4.063200,15.00,DrkN,,,
B326,,285.856500,-0.385900,20.00,DrkN,,,
B327,,286.112300,-5.133200,25.00,DrkN,,,
B328,,286.206000,-4.248700,4.00,DrkN,,,
B329,,286.748100,3.191500,6.00,DrkN,,,
B330,,289.890000,7.561500,30.00,DrkN,,,
B331,,291.515700,7.580100,40.00,DrkN,,,
B332,,292.002500,8.752300,0.00,DrkN,,,
B333,,292.230400,10.671700,60.00,DrkN,,,
B334,,293.775100,12.322500,3.00,DrkN,,,
B335,,294.225500,7.610500,6.00,DrkN,,,
B336,,294.171100,12.343600,2.00,DrkN,,,
B337,,294.253900,12.394500,3.00,DrkN,,,
B338,,295.761600,7.460900,8.00,DrkN,,,
B339,,296.010800,8.297000,60.00,DrkN,,,
B340,,297.185200,11.410000,7.00,DrkN,,,
B341,,297.505300,34.281800,30.00,DrkN,,,
B342,,302.378200,41.200500,4.00,DrkN,,,
B343,,303.358400,40.277100,13.00,DrkN,,,
B344,,304.050900,40.217500,7.00,DrkN,,,
B345,,305.251100,46.563400,15.00,DrkN,,,
B346,,306.691900,43.744000,10.00,DrkN,,,
B347,,307.115700,39.914500,1.00,DrkN,,,
B348,,308.609500,42.095700,60.00,DrkN,,,
B349,,311.850700,43.959400,6.00,DrkN,,,
B350,,312.278000,45.880100,3.00,DrkN,,,
B351,,313.114800,47.404400,20.00,DrkN,,,
B352,,314.294800,45.898000,22.00,DrkN,,,
B353,,314.344300,45.481800,9.00,DrkN,,,
B354,,314.554500,58.151500,60.00,DrkN,,,
B355,,314.908400,43.186500,5.00,DrkN,,,
B356,,314.995000,46.687500,24.00,DrkN,,,
B357,,314.966800,55.571400,30.00,DrkN,,,
B358,,316.419100,43.282700,20.00,DrkN,,,
B359,,316.695600,57.169600,20.00,DrkN,,,
B360,,316.967400,56.505100,54.00,DrkN,,,
B361,,318.190800,47.431000,20.00,DrkN,,,
B362,,320.990600,50.203400,15.00,DrkN,,,
B363,,321.224300,48.938400,40.00,DrkN,,,
B364,,323.518500,54.556000,75.00,DrkN,,,
B365,,323.722800,56.724300,22.00,DrkN,,,
B366,,325.089400,59.567600,10.00,DrkN,,,
B367,,326.102200,57.174300,5.00,DrkN,,,
B368,,327.731600,58.985300,14.00,DrkN,,,
B369,,333.977200,56.022400,5.00,DrkN,,,
B370,,338.711400,56.645800,0.00,DrkN,,,
vdB1,,2.693191,58.769518,0.00,RfN,,,
vdB2,,3.350832,65.613457,0.00,RfN,,,
vdB3,,8.655699,69.434609,0.00,RfN,,,
vdB4,,10.826069,61.911150,0.00,RfN,,,
vdB5,,14.177213,60.716740,0.00,RfN,,,
vdB6,,25.930684,61.834323,0.00,RfN,,,
vdB7,,42.231293,69.634289,0.00,RfN,,,
vdB8,,42.886544,67.815044,0.00,RfN,,,
vdB9,,42.994797,68.888502,0.00,RfN,,,
vdB10,,48.949877,57.140623,0.00,RfN,,,
vdB11,,51.059109,61.538572,0.00,RfN,,,
vdB12,,51.349663,31.731099,0.00,RfN,,,
vdB13,,51.458753,30.931711,0.00,RfN,,,
vdB14,,52.267220,59.940334,0.00,RfN,,,
vdB15,,52.478098,58.878749,0.00,RfN,,,
vdB16,,52.087079,29.799246,0.00,RfN,,,
vdB17,,52.332406,31.415846,0.00,RfN,,,
vdB18,,53.799475,38.015167,0.00,RfN,,,
vdB19,,56.142448,32.162816,0.00,RfN,,,
vdB20,,56.218904,24.113336,0.00,RfN,,,
vdB21,,56.456694,24.367746,0.00,RfN,,,
vdB22,,56.581558,23.948356,0.00,RfN,,,
vdB23,,56.871152,24.105136,0.00,RfN,,,
vdB24,,57.401403,38.982097,0.00,RfN,,,
vdB25,,63.104176,23.574571,0.00,RfN,,,
vdB26,,63.394044,10.212477,0.00,RfN,,,
vdB27,,65.489205,28.443210,0.00,RfN,,,
vdB28,,65.497633,19.535120,0.00,RfN,,,
vdB29,,72.094764,29.773004,0.00,RfN,,,
vdB30,,73.512543,66.342677,0.00,RfN,,,
vdB31,,73.941024,30.551192,0.00,RfN,,,
vdB32,,75.590476,44.269572,0.00,RfN,,,
vdB33,,76.712733,-3.333319,0.00,RfN,,,
vdB34,,79.075622,34.312318,0.00,RfN,,,
vdB35,,78.747686,13.014117,0.00,RfN,,,
vdB36,,78.634467,-8.201638,0.00,RfN,,,
vdB37,,79.517009,13.417739,0.00,RfN,,,
vdB38,,80.431510,8.428555,0.00,RfN,,,
vdB39,,81.123024,32.819071,0.00,RfN,,,
vdB40,,81.408879,6.588183,0.00,RfN,,,
vdB41,,82.295615,23.694419,0.00,RfN,,,
vdB42,,82.826692,-5.703763,0.00,RfN,,,
vdB43,,83.030843,6.047014,0.00,RfN,,,
vdB44,,83.061782,-4.518387,0.00,RfN,,,
vdB45,,84.170069,31.854506,0.00,RfN,,,
vdB46,,84.105967,-6.716024,0.00,RfN,,,
vdB47,,84.811779,23.323364,0.00,RfN,,,
vdB48,,84.527146,-0.184296,0.00,RfN,,,
vdB49,,84.796443,4.121466,0.00,RfN,,,
vdB50,,85.056414,-1.462569,0.00,RfN,,,
vdB51,,85.234877,-1.507183,0.00,RfN,,,
vdB52,,85.409955,-2.259022,0.00,RfN,,,
vdB53,,85.357936,-10.311673,0.00,RfN,,,
vdB54,,85.450000,-6.250000,0.00,RfN,,,
vdB55,,85.588758,-8.133383,0.00,RfN,,,
vdB56,,85.930644,16.358496,0.00,RfN,,,
vdB57,,85.752398,-2.312608,0.00,RfN,,,
vdB58,,86.111542,-8.710542,0.00,RfN,,,
vdB59,,86.686075,0.089661,0.00,RfN,,,
vdB60,,86.782970,0.298952,0.00,RfN,,,
vdB61,,88.154734,5.164597,0.00,RfN,,,
vdB62,,88.512461,1.672726,0.00,RfN,,,
vdB63,,89.072915,1.864719,0.00,RfN,,,
vdB64,,89.475358,-14.061134,0.00,RfN,,,
vdB65,,91.125000,30.516667,0.00,RfN,,,
vdB66,,90.772295,-9.716544,0.00,RfN,,,
vdB67,,91.882672,-6.399350,0.00,RfN,,,
vdB68,,92.016026,-6.227081,0.00,RfN,,,
vdB69,,92.021586,-6.361256,0.00,RfN,,,
vdB70,,92.109497,-5.339578,0.00,RfN,,,
vdB71,,92.506925,14.075172,0.00,RfN,,,
vdB72,,92.380224,-6.325779,0.00,RfN,,,
vdB73,,92.775625,-6.210770,0.00,RfN,,,
vdB74,,92.953322,-6.157708,0.00,RfN,,,
vdB75,,94.843848,23.274506,0.00,RfN,,,
vdB76,,97.696066,10.062898,0.00,RfN,,,
vdB77,,97.741311,9.809603,0.00,RfN,,,
vdB78,,97.811943,9.790279,0.00,RfN,,,
vdB79,,97.930491,10.339146,0.00,RfN,,,
vdB80,,97.707555,-9.654111,0.00,RfN,,,
vdB81,,98.225950,7.332970,0.00,RfN,,,
vdB82,,98.271628,10.322218,0.00,RfN,,,
vdB83,,99.925000,-27.250000,0.00,RfN,,,
vdB84,,100.019855,-27.398235,0.00,RfN,,,
vdB85,,101.715147,1.315816,0.00,RfN,,,
vdB86,,104.283039,-10.279868,0.00,RfN,,,
vdB87,,105.119211,-8.866024,0.00,RfN,,,
vdB88,,105.456291,-11.300923,0.00,RfN,,,
vdB89,,105.661006,-12.233773,0.00,RfN,,,
vdB90,,105.677560,-11.453215,0.00,RfN,,,
vdB91,,105.852325,-10.704537,0.00,RfN,,,
vdB92,,105.978576,-11.576132,0.00,RfN,,,
vdB93,,106.106329,-10.454337,0.00,RfN,,,
vdB94,,106.319783,-12.326249,0.00,RfN,,,
vdB95,,106.669861,-11.294011,0.00,RfN,,,
vdB96,,109.906216,-24.024370,0.00,RfN,,,
vdB97,,113.125000,-16.900000,0.00,RfN,,,
vdB98,,114.132586,-25.332784,0.00,RfN,,,
vdB99,,239.712972,-26.114108,0.00,RfN,,,
vdB100,,242.998899,-19.460704,0.00,RfN,,,
vdB101,,244.782174,-20.218068,0.00,RfN,,,
vdB102,,245.016585,-20.044869,0.00,RfN,,,
vdB103,,245.126110,-20.117716,0.00,RfN,,,
vdB104,,245.297149,-25.592792,0.00,RfN,,,
vdB105,,246.351318,-24.465714,0.00,RfN,,,
vdB106,,246.396324,-23.447171,0.00,RfN,,,
vdB107,,247.351916,-26.432002,0.00,RfN,,,
vdB108,,247.551980,-25.115223,0.00,RfN,,,
vdB109,,250.393265,-17.742167,0.00,RfN,,,
vdB110,,259.027061,-21.032865,0.00,RfN,,,
vdB111,,259.719950,6.085449,0.00,RfN,,,
vdB112,,268.380262,-5.619397,0.00,RfN,,,
vdB113,,272.160775,-21.449560,0.00,RfN,,,
vdB114,,272.125000,-18.383333,0.00,RfN,,,
vdB115,,272.284986,-23.435349,0.00,RfN,,,
vdB116,,272.661830,-17.733933,0.00,RfN,,,
vdB117,,273.658260,-17.362943,0.00,RfN,,,
vdB118,,274.218595,-19.777811,0.00,RfN,,,
vdB119,,274.274305,-19.864663,0.00,RfN,,,
vdB120,,274.319862,-16.928635,0.00,RfN,,,
vdB121,,275.066397,-17.004183,0.00,RfN,,,
vdB122,,276.139577,-13.653552,0.00,RfN,,,
vdB123,,277.603649,1.223234,0.00,RfN,,,
vdB124,,277.857058,-10.795836,0.00,RfN,,,
vdB125,,291.503660,15.556852,0.00,RfN,,,
vdB126,,291.547154,22.757295,0.00,RfN,,,
vdB127,,296.846940,18.534314,0.00,RfN,,,
vdB128,,301.150726,32.218598,0.00,RfN,,,
vdB129,,302.826189,-0.821462,0.00,RfN,,,
vdB130,,304.425810,39.349554,0.00,RfN,,,
vdB131,,306.065483,42.300384,0.00,RfN,,,
vdB132,,306.194298,42.384805,0.00,RfN,,,
vdB133,,307.746788,36.935840,0.00,RfN,,,
vdB134,,307.514754,48.951567,0.00,RfN,,,
vdB135,,309.189944,32.454609,0.00,RfN,,,
vdB136,,309.571546,42.073682,0.00,RfN,,,
vdB137,,313.957517,47.417657,0.00,RfN,,,
vdB138,,314.319098,48.295768,0.00,RfN,,,
vdB139,,315.403836,68.163275,0.00,RfN,,,
vdB140,,319.328287,58.611484,0.00,RfN,,,
vdB141,,319.109703,68.260155,0.00,RfN,,,
vdB142,,324.170994,57.502292,0.00,RfN,,,
vdB143,,324.237726,68.185361,0.00,RfN,,,
vdB144,,325.180447,54.872155,0.00,RfN,,,
vdB145,,325.904860,48.883764,0.00,RfN,,,
vdB146,,325.709083,66.109774,0.00,RfN,,,
vdB147,,328.142080,47.228779,0.00,RfN,,,
vdB148,,331.820824,56.234023,0.00,RfN,,,
vdB149,,332.285365,72.884721,0.00,RfN,,,
vdB150,,332.417195,73.390896,0.00,RfN,,,
vdB151,,333.469698,39.714925,0.00,RfN,,,
vdB152,,333.352202,70.251412,0.00,RfN,,,
vdB153,,335.801090,62.699970,0.00,RfN,,,
vdB154,,337.806570,65.466245,0.00,RfN,,,
vdB155,,343.315017,62.145834,0.00,RfN,,,
vdB156,,345.480269,42.325981,0.00,RfN,,,
vdB157,,345.565553,72.730396,0.00,RfN,,,
vdB158,,354.464990,48.496566,0.00,RfN,,,
